dataset_id,patient_id,study_instance_uid,series_instance_uid,series_description,protocol_name,body_part_examined,label,label_source,output_image_path,source_dicom_path,selected_rank,slice_index_in_sorted_series,total_valid_slices_in_series,pred_index,pred_label,max_confidence,glioma_probability,entropy,logit_glioma,prob_glioma,logit_meningioma,prob_meningioma,logit_notumor,prob_notumor,logit_pituitary,prob_pituitary
D3B_icdc_glioma,GLIOMA01-i_6561,1.3.6.1.4.1.14519.5.2.1.292789083954857865766838322795931209494,1.3.6.1.4.1.14519.5.2.1.107039555734442993329560765265677753034,FSPGR 3D,BRAIN KNEE COIL/8,HEAD,glioma,collection_level_icdc_glioma,data/processed/D3B_icdc_glioma_selected_slices/GLIOMA01-i_6561/GLIOMA01-i_6561__265677753034__central01_idx0066.png,data/raw/D3B_icdc_glioma/1.3.6.1.4.1.14519.5.2.1.107039555734442993329560765265677753034/1-067.dcm,1,66,136,1,meningioma,0.5292806029319763,0.08309381455183029,1.1241070774150375,-0.823372483253479,0.08309381455183029,1.028175950050354,0.5292806029319763,0.443234384059906,0.29488256573677063,-0.7135103344917297,0.09274301677942276
D3B_icdc_glioma,GLIOMA01-i_6561,1.3.6.1.4.1.14519.5.2.1.292789083954857865766838322795931209494,1.3.6.1.4.1.14519.5.2.1.107039555734442993329560765265677753034,FSPGR 3D,BRAIN KNEE COIL/8,HEAD,glioma,collection_level_icdc_glioma,data/processed/D3B_icdc_glioma_selected_slices/GLIOMA01-i_6561/GLIOMA01-i_6561__265677753034__central02_idx0067.png,data/raw/D3B_icdc_glioma/1.3.6.1.4.1.14519.5.2.1.107039555734442993329560765265677753034/1-068.dcm,2,67,136,1,meningioma,0.48729607462882996,0.13820165395736694,1.145801714024238,-0.2803983688354492,0.13820165395736694,0.979759693145752,0.48729607462882996,0.5613306760787964,0.3206797242164612,-1.2234199047088623,0.053822536021471024
D3B_icdc_glioma,GLIOMA01-i_6561,1.3.6.1.4.1.14519.5.2.1.292789083954857865766838322795931209494,1.3.6.1.4.1.14519.5.2.1.107039555734442993329560765265677753034,FSPGR 3D,BRAIN KNEE COIL/8,HEAD,glioma,collection_level_icdc_glioma,data/processed/D3B_icdc_glioma_selected_slices/GLIOMA01-i_6561/GLIOMA01-i_6561__265677753034__central03_idx0068.png,data/raw/D3B_icdc_glioma/1.3.6.1.4.1.14519.5.2.1.107039555734442993329560765265677753034/1-069.dcm,3,68,136,1,meningioma,0.4369259774684906,0.222121924161911,1.1793450954004125,0.17468006908893585,0.222121924161911,0.8512174487113953,0.4369259774684906,0.4892115592956543,0.304222047328949,-1.6249529123306274,0.03672998398542404
D3B_icdc_glioma,GLIOMA01-i_6561,1.3.6.1.4.1.14519.5.2.1.292789083954857865766838322795931209494,1.3.6.1.4.1.14519.5.2.1.107039555734442993329560765265677753034,FSPGR 3D,BRAIN KNEE COIL/8,HEAD,glioma,collection_level_icdc_glioma,data/processed/D3B_icdc_glioma_selected_slices/GLIOMA01-i_6561/GLIOMA01-i_6561__265677753034__central04_idx0069.png,data/raw/D3B_icdc_glioma/1.3.6.1.4.1.14519.5.2.1.107039555734442993329560765265677753034/1-070.dcm,4,69,136,1,meningioma,0.5021220445632935,0.18929968774318695,1.1340858941590666,0.03827434033155441,0.18929968774318695,1.0137861967086792,0.5021220445632935,0.4044651687145233,0.27301380038261414,-1.6337107419967651,0.035564444959163666
D3B_icdc_glioma,GLIOMA01-i_6561,1.3.6.1.4.1.14519.5.2.1.292789083954857865766838322795931209494,1.3.6.1.4.1.14519.5.2.1.107039555734442993329560765265677753034,FSPGR 3D,BRAIN KNEE COIL/8,HEAD,glioma,collection_level_icdc_glioma,data/processed/D3B_icdc_glioma_selected_slices/GLIOMA01-i_6561/GLIOMA01-i_6561__265677753034__central05_idx0070.png,data/raw/D3B_icdc_glioma/1.3.6.1.4.1.14519.5.2.1.107039555734442993329560765265677753034/1-071.dcm,5,70,136,1,meningioma,0.7300018072128296,0.1144847497344017,0.8501389031098499,-0.20798471570014954,0.1144847497344017,1.6446207761764526,0.7300018072128296,-0.15624229609966278,0.12056439369916916,-1.394534945487976,0.03494905307888985
D3B_icdc_glioma,GLIOMA01-i_C3C0,1.3.6.1.4.1.14519.5.2.1.113382896337534967069897355516395220267,1.3.6.1.4.1.14519.5.2.1.107125424522044836954758152178866258390,t1_cor_tse post gad,t1_cor_tse post gad,HEAD,glioma,collection_level_icdc_glioma,data/processed/D3B_icdc_glioma_selected_slices/GLIOMA01-i_C3C0/GLIOMA01-i_C3C0__178866258390__central01_idx0005.png,data/raw/D3B_icdc_glioma/1.3.6.1.4.1.14519.5.2.1.107125424522044836954758152178866258390/1-06.dcm,1,5,14,0,glioma,0.6073993444442749,0.6073993444442749,1.02217349191748,1.3138116598129272,0.6073993444442749,-0.9392310380935669,0.06382492184638977,0.43634480237960815,0.25257787108421326,-0.7620401382446289,0.07619794458150864
D3B_icdc_glioma,GLIOMA01-i_C3C0,1.3.6.1.4.1.14519.5.2.1.113382896337534967069897355516395220267,1.3.6.1.4.1.14519.5.2.1.107125424522044836954758152178866258390,t1_cor_tse post gad,t1_cor_tse post gad,HEAD,glioma,collection_level_icdc_glioma,data/processed/D3B_icdc_glioma_selected_slices/GLIOMA01-i_C3C0/GLIOMA01-i_C3C0__178866258390__central02_idx0006.png,data/raw/D3B_icdc_glioma/1.3.6.1.4.1.14519.5.2.1.107125424522044836954758152178866258390/1-07.dcm,2,6,14,0,glioma,0.9206788539886475,0.9206788539886475,0.3630384286017543,2.6896636486053467,0.9206788539886475,-0.9846349954605103,0.023355035111308098,-1.0053540468215942,0.02287611924111843,-0.636216402053833,0.033090006560087204
D3B_icdc_glioma,GLIOMA01-i_C3C0,1.3.6.1.4.1.14519.5.2.1.113382896337534967069897355516395220267,1.3.6.1.4.1.14519.5.2.1.107125424522044836954758152178866258390,t1_cor_tse post gad,t1_cor_tse post gad,HEAD,glioma,collection_level_icdc_glioma,data/processed/D3B_icdc_glioma_selected_slices/GLIOMA01-i_C3C0/GLIOMA01-i_C3C0__178866258390__central03_idx0007.png,data/raw/D3B_icdc_glioma/1.3.6.1.4.1.14519.5.2.1.107125424522044836954758152178866258390/1-08.dcm,3,7,14,1,meningioma,0.9464963674545288,0.025966184213757515,0.2643049671640956,-0.6129316687583923,0.025966184213757515,2.9830403327941895,0.9464963674545288,-1.0656261444091797,0.01651221700012684,-1.4695415496826172,0.011025218293070793
D3B_icdc_glioma,GLIOMA01-i_C3C0,1.3.6.1.4.1.14519.5.2.1.113382896337534967069897355516395220267,1.3.6.1.4.1.14519.5.2.1.107125424522044836954758152178866258390,t1_cor_tse post gad,t1_cor_tse post gad,HEAD,glioma,collection_level_icdc_glioma,data/processed/D3B_icdc_glioma_selected_slices/GLIOMA01-i_C3C0/GLIOMA01-i_C3C0__178866258390__central04_idx0008.png,data/raw/D3B_icdc_glioma/1.3.6.1.4.1.14519.5.2.1.107125424522044836954758152178866258390/1-09.dcm,4,8,14,1,meningioma,0.7993149161338806,0.1776628941297531,0.5879810573245573,0.8631386756896973,0.1776628941297531,2.3670058250427246,0.7993149161338806,-2.1827645301818848,0.0084484638646245,-1.6375322341918945,0.014573676511645317
D3B_icdc_glioma,GLIOMA01-i_C3C0,1.3.6.1.4.1.14519.5.2.1.113382896337534967069897355516395220267,1.3.6.1.4.1.14519.5.2.1.107125424522044836954758152178866258390,t1_cor_tse post gad,t1_cor_tse post gad,HEAD,glioma,collection_level_icdc_glioma,data/processed/D3B_icdc_glioma_selected_slices/GLIOMA01-i_C3C0/GLIOMA01-i_C3C0__178866258390__central05_idx0009.png,data/raw/D3B_icdc_glioma/1.3.6.1.4.1.14519.5.2.1.107125424522044836954758152178866258390/1-10.dcm,5,9,14,3,pituitary,0.4978911876678467,0.179513618350029,1.2422363930388736,-0.22411899268627167,0.179513618350029,-0.444972962141037,0.14394007623195648,-0.2289130538702011,0.17865508794784546,0.7960115075111389,0.4978911876678467
D3B_icdc_glioma,GLIOMA01-i_BF76,1.3.6.1.4.1.14519.5.2.1.235952234679028716357676607704854589953,1.3.6.1.4.1.14519.5.2.1.118531727331753402487140000387827365827,Ax T1 +C,SM BRAIN-MD/,HEAD,glioma,collection_level_icdc_glioma,data/processed/D3B_icdc_glioma_selected_slices/GLIOMA01-i_BF76/GLIOMA01-i_BF76__387827365827__central01_idx0013.png,data/raw/D3B_icdc_glioma/1.3.6.1.4.1.14519.5.2.1.118531727331753402487140000387827365827/1-14.dcm,1,13,30,3,pituitary,0.9121693968772888,0.013992233201861382,0.37000104500671394,-1.528681993484497,0.013992233201861382,-0.055099427700042725,0.0610739141702652,-1.6205235719680786,0.012764408253133297,2.648641347885132,0.9121693968772888
D3B_icdc_glioma,GLIOMA01-i_BF76,1.3.6.1.4.1.14519.5.2.1.235952234679028716357676607704854589953,1.3.6.1.4.1.14519.5.2.1.118531727331753402487140000387827365827,Ax T1 +C,SM BRAIN-MD/,HEAD,glioma,collection_level_icdc_glioma,data/processed/D3B_icdc_glioma_selected_slices/GLIOMA01-i_BF76/GLIOMA01-i_BF76__387827365827__central02_idx0014.png,data/raw/D3B_icdc_glioma/1.3.6.1.4.1.14519.5.2.1.118531727331753402487140000387827365827/1-15.dcm,2,14,30,3,pituitary,0.9369046688079834,0.021874794736504555,0.3010907441232844,-1.0527938604354858,0.021874794736504555,-0.7674484252929688,0.029098324477672577,-1.6430975198745728,0.012122117914259434,2.7044525146484375,0.9369046688079834
D3B_icdc_glioma,GLIOMA01-i_BF76,1.3.6.1.4.1.14519.5.2.1.235952234679028716357676607704854589953,1.3.6.1.4.1.14519.5.2.1.118531727331753402487140000387827365827,Ax T1 +C,SM BRAIN-MD/,HEAD,glioma,collection_level_icdc_glioma,data/processed/D3B_icdc_glioma_selected_slices/GLIOMA01-i_BF76/GLIOMA01-i_BF76__387827365827__central03_idx0015.png,data/raw/D3B_icdc_glioma/1.3.6.1.4.1.14519.5.2.1.118531727331753402487140000387827365827/1-16.dcm,3,15,30,3,pituitary,0.9352524876594543,0.04263799265027046,0.2948311704707468,-0.28389257192611694,0.04263799265027046,-1.2914024591445923,0.015568288043141365,-2.158513307571411,0.006541230250149965,2.804178237915039,0.9352524876594543
D3B_icdc_glioma,GLIOMA01-i_BF76,1.3.6.1.4.1.14519.5.2.1.235952234679028716357676607704854589953,1.3.6.1.4.1.14519.5.2.1.118531727331753402487140000387827365827,Ax T1 +C,SM BRAIN-MD/,HEAD,glioma,collection_level_icdc_glioma,data/processed/D3B_icdc_glioma_selected_slices/GLIOMA01-i_BF76/GLIOMA01-i_BF76__387827365827__central04_idx0016.png,data/raw/D3B_icdc_glioma/1.3.6.1.4.1.14519.5.2.1.118531727331753402487140000387827365827/1-17.dcm,4,16,30,3,pituitary,0.8796872496604919,0.09655562043190002,0.44365272242802645,0.31136924028396606,0.09655562043190002,-1.899253249168396,0.010585623793303967,-1.68069589138031,0.013171483762562275,2.5208163261413574,0.8796872496604919
D3B_icdc_glioma,GLIOMA01-i_BF76,1.3.6.1.4.1.14519.5.2.1.235952234679028716357676607704854589953,1.3.6.1.4.1.14519.5.2.1.118531727331753402487140000387827365827,Ax T1 +C,SM BRAIN-MD/,HEAD,glioma,collection_level_icdc_glioma,data/processed/D3B_icdc_glioma_selected_slices/GLIOMA01-i_BF76/GLIOMA01-i_BF76__387827365827__central05_idx0017.png,data/raw/D3B_icdc_glioma/1.3.6.1.4.1.14519.5.2.1.118531727331753402487140000387827365827/1-18.dcm,5,17,30,3,pituitary,0.9580855369567871,0.025509819388389587,0.21329221851058014,-0.5176227688789368,0.025509819388389587,-1.5400508642196655,0.009176405146718025,-1.7786928415298462,0.007228223606944084,3.108250856399536,0.9580855369567871
D3B_icdc_glioma,GLIOMA01-i_1165,1.3.6.1.4.1.14519.5.2.1.138967438947378494828155132414366986280,1.3.6.1.4.1.14519.5.2.1.119497583346189757803560372667170222172,MP RAGE FS +C SUB,MP RAGE FS +C,HEAD,glioma,collection_level_icdc_glioma,data/processed/D3B_icdc_glioma_selected_slices/GLIOMA01-i_1165/GLIOMA01-i_1165__667170222172__central01_idx0126.png,data/raw/D3B_icdc_glioma/1.3.6.1.4.1.14519.5.2.1.119497583346189757803560372667170222172/1-127.dcm,1,126,256,2,notumor,0.6874781250953674,0.07717102020978928,0.8896737074916512,-0.5868090391159058,0.07717102020978928,-1.4616880416870117,0.03217356652021408,1.6001968383789062,0.6874781250953674,0.3812459707260132,0.2031773328781128
D3B_icdc_glioma,GLIOMA01-i_1165,1.3.6.1.4.1.14519.5.2.1.138967438947378494828155132414366986280,1.3.6.1.4.1.14519.5.2.1.119497583346189757803560372667170222172,MP RAGE FS +C SUB,MP RAGE FS +C,HEAD,glioma,collection_level_icdc_glioma,data/processed/D3B_icdc_glioma_selected_slices/GLIOMA01-i_1165/GLIOMA01-i_1165__667170222172__central02_idx0127.png,data/raw/D3B_icdc_glioma/1.3.6.1.4.1.14519.5.2.1.119497583346189757803560372667170222172/1-128.dcm,2,127,256,2,notumor,0.7374446392059326,0.028611574321985245,0.7657107952268254,-1.3646938800811768,0.028611574321985245,-1.1491767168045044,0.03549274802207947,1.8846858739852905,0.7374446392059326,0.5720378756523132,0.19845114648342133
D3B_icdc_glioma,GLIOMA01-i_1165,1.3.6.1.4.1.14519.5.2.1.138967438947378494828155132414366986280,1.3.6.1.4.1.14519.5.2.1.119497583346189757803560372667170222172,MP RAGE FS +C SUB,MP RAGE FS +C,HEAD,glioma,collection_level_icdc_glioma,data/processed/D3B_icdc_glioma_selected_slices/GLIOMA01-i_1165/GLIOMA01-i_1165__667170222172__central03_idx0128.png,data/raw/D3B_icdc_glioma/1.3.6.1.4.1.14519.5.2.1.119497583346189757803560372667170222172/1-129.dcm,3,128,256,2,notumor,0.8635293245315552,0.029472190886735916,0.5234223481484277,-1.000840425491333,0.029472190886735916,-1.315104365348816,0.021524319425225258,2.3767402172088623,0.8635293245315552,0.06392630934715271,0.08547414094209671
D3B_icdc_glioma,GLIOMA01-i_1165,1.3.6.1.4.1.14519.5.2.1.138967438947378494828155132414366986280,1.3.6.1.4.1.14519.5.2.1.119497583346189757803560372667170222172,MP RAGE FS +C SUB,MP RAGE FS +C,HEAD,glioma,collection_level_icdc_glioma,data/processed/D3B_icdc_glioma_selected_slices/GLIOMA01-i_1165/GLIOMA01-i_1165__667170222172__central04_idx0129.png,data/raw/D3B_icdc_glioma/1.3.6.1.4.1.14519.5.2.1.119497583346189757803560372667170222172/1-130.dcm,4,129,256,2,notumor,0.8572019934654236,0.04006410390138626,0.5544715544375779,-0.8123606443405151,0.04006410390138626,-1.1875531673431396,0.027530323714017868,2.2508323192596436,0.8572019934654236,-0.1826431155204773,0.07520352303981781
D3B_icdc_glioma,GLIOMA01-i_1165,1.3.6.1.4.1.14519.5.2.1.138967438947378494828155132414366986280,1.3.6.1.4.1.14519.5.2.1.119497583346189757803560372667170222172,MP RAGE FS +C SUB,MP RAGE FS +C,HEAD,glioma,collection_level_icdc_glioma,data/processed/D3B_icdc_glioma_selected_slices/GLIOMA01-i_1165/GLIOMA01-i_1165__667170222172__central05_idx0130.png,data/raw/D3B_icdc_glioma/1.3.6.1.4.1.14519.5.2.1.119497583346189757803560372667170222172/1-131.dcm,5,130,256,2,notumor,0.8707531094551086,0.034820158034563065,0.5144917837960497,-0.7928611040115356,0.034820158034563065,-1.1376680135726929,0.024665100499987602,2.4263010025024414,0.8707531094551086,-0.0979723110795021,0.06976169347763062
D3B_icdc_glioma,GLIOMA01-i_8743,1.3.6.1.4.1.14519.5.2.1.292914470163135235245310885293451696300,1.3.6.1.4.1.14519.5.2.1.126374909903560581946131420797090115492,AX FSE T1,BRAIN CARDIAC COIL/4,HEAD,glioma,collection_level_icdc_glioma,data/processed/D3B_icdc_glioma_selected_slices/GLIOMA01-i_8743/GLIOMA01-i_8743__797090115492__central01_idx0012.png,data/raw/D3B_icdc_glioma/1.3.6.1.4.1.14519.5.2.1.126374909903560581946131420797090115492/1-13.dcm,1,12,28,3,pituitary,0.5311511158943176,0.16527646780014038,1.1931256403014383,-0.2484511435031891,0.16527646780014038,-0.6734027862548828,0.10805798321962357,-0.08043690770864487,0.19551438093185425,0.918975830078125,0.5311511158943176
D3B_icdc_glioma,GLIOMA01-i_8743,1.3.6.1.4.1.14519.5.2.1.292914470163135235245310885293451696300,1.3.6.1.4.1.14519.5.2.1.126374909903560581946131420797090115492,AX FSE T1,BRAIN CARDIAC COIL/4,HEAD,glioma,collection_level_icdc_glioma,data/processed/D3B_icdc_glioma_selected_slices/GLIOMA01-i_8743/GLIOMA01-i_8743__797090115492__central02_idx0013.png,data/raw/D3B_icdc_glioma/1.3.6.1.4.1.14519.5.2.1.126374909903560581946131420797090115492/1-14.dcm,2,13,28,0,glioma,0.4163019061088562,0.4163019061088562,1.2527310127627775,0.554804265499115,0.4163019061088562,-0.9601308107376099,0.0915125161409378,-0.3133430778980255,0.1747337430715561,0.28371956944465637,0.3174518346786499
D3B_icdc_glioma,GLIOMA01-i_8743,1.3.6.1.4.1.14519.5.2.1.292914470163135235245310885293451696300,1.3.6.1.4.1.14519.5.2.1.126374909903560581946131420797090115492,AX FSE T1,BRAIN CARDIAC COIL/4,HEAD,glioma,collection_level_icdc_glioma,data/processed/D3B_icdc_glioma_selected_slices/GLIOMA01-i_8743/GLIOMA01-i_8743__797090115492__central03_idx0014.png,data/raw/D3B_icdc_glioma/1.3.6.1.4.1.14519.5.2.1.126374909903560581946131420797090115492/1-15.dcm,3,14,28,3,pituitary,0.427406370639801,0.31195491552352905,1.2339931596755316,0.37329256534576416,0.31195491552352905,-1.0459320545196533,0.07546237111091614,-0.14825743436813354,0.18517637252807617,0.6881690621376038,0.427406370639801
D3B_icdc_glioma,GLIOMA01-i_8743,1.3.6.1.4.1.14519.5.2.1.292914470163135235245310885293451696300,1.3.6.1.4.1.14519.5.2.1.126374909903560581946131420797090115492,AX FSE T1,BRAIN CARDIAC COIL/4,HEAD,glioma,collection_level_icdc_glioma,data/processed/D3B_icdc_glioma_selected_slices/GLIOMA01-i_8743/GLIOMA01-i_8743__797090115492__central04_idx0015.png,data/raw/D3B_icdc_glioma/1.3.6.1.4.1.14519.5.2.1.126374909903560581946131420797090115492/1-16.dcm,4,15,28,0,glioma,0.45630210638046265,0.45630210638046265,1.1488975632277703,0.8207595348358154,0.45630210638046265,-1.0791516304016113,0.06825454533100128,0.6054894924163818,0.3679271936416626,-0.6247544884681702,0.10751616954803467
D3B_icdc_glioma,GLIOMA01-i_8743,1.3.6.1.4.1.14519.5.2.1.292914470163135235245310885293451696300,1.3.6.1.4.1.14519.5.2.1.126374909903560581946131420797090115492,AX FSE T1,BRAIN CARDIAC COIL/4,HEAD,glioma,collection_level_icdc_glioma,data/processed/D3B_icdc_glioma_selected_slices/GLIOMA01-i_8743/GLIOMA01-i_8743__797090115492__central05_idx0016.png,data/raw/D3B_icdc_glioma/1.3.6.1.4.1.14519.5.2.1.126374909903560581946131420797090115492/1-17.dcm,5,16,28,0,glioma,0.728019118309021,0.728019118309021,0.7376353460708003,1.9323829412460327,0.728019118309021,-2.7230875492095947,0.0069230529479682446,0.7375798225402832,0.22041764855384827,-0.8593108057975769,0.04464014619588852
D3B_icdc_glioma,GLIOMA01-i_FECA,1.3.6.1.4.1.14519.5.2.1.219496406064454363522821095725012577639,1.3.6.1.4.1.14519.5.2.1.129647912181564009003674418318949601014,T1/T/SE  +C,T1/T/SE  +C,HEAD,glioma,collection_level_icdc_glioma,data/processed/D3B_icdc_glioma_selected_slices/GLIOMA01-i_FECA/GLIOMA01-i_FECA__318949601014__central01_idx0006.png,data/raw/D3B_icdc_glioma/1.3.6.1.4.1.14519.5.2.1.129647912181564009003674418318949601014/1-07.dcm,1,6,16,1,meningioma,0.9469083547592163,0.02248387038707733,0.25357908633279025,-0.7037478089332581,0.02248387038707733,3.036656379699707,0.9469083547592163,-0.49954351782798767,0.027577562257647514,-2.7078909873962402,0.003030279651284218
D3B_icdc_glioma,GLIOMA01-i_FECA,1.3.6.1.4.1.14519.5.2.1.219496406064454363522821095725012577639,1.3.6.1.4.1.14519.5.2.1.129647912181564009003674418318949601014,T1/T/SE  +C,T1/T/SE  +C,HEAD,glioma,collection_level_icdc_glioma,data/processed/D3B_icdc_glioma_selected_slices/GLIOMA01-i_FECA/GLIOMA01-i_FECA__318949601014__central02_idx0007.png,data/raw/D3B_icdc_glioma/1.3.6.1.4.1.14519.5.2.1.129647912181564009003674418318949601014/1-08.dcm,2,7,16,1,meningioma,0.8842804431915283,0.047215353697538376,0.4455012426716516,-0.3121110200881958,0.047215353697538376,2.6179440021514893,0.8842804431915283,0.03080729953944683,0.06652897596359253,-3.486135959625244,0.001975248334929347
D3B_icdc_glioma,GLIOMA01-i_FECA,1.3.6.1.4.1.14519.5.2.1.219496406064454363522821095725012577639,1.3.6.1.4.1.14519.5.2.1.129647912181564009003674418318949601014,T1/T/SE  +C,T1/T/SE  +C,HEAD,glioma,collection_level_icdc_glioma,data/processed/D3B_icdc_glioma_selected_slices/GLIOMA01-i_FECA/GLIOMA01-i_FECA__318949601014__central03_idx0008.png,data/raw/D3B_icdc_glioma/1.3.6.1.4.1.14519.5.2.1.129647912181564009003674418318949601014/1-09.dcm,3,8,16,1,meningioma,0.9643872976303101,0.017849909141659737,0.18480171114902544,-0.6299027800559998,0.017849909141659737,3.3595917224884033,0.9643872976303101,-0.7581286430358887,0.01570175215601921,-2.7886898517608643,0.0020610413048416376
D3B_icdc_glioma,GLIOMA01-i_FECA,1.3.6.1.4.1.14519.5.2.1.219496406064454363522821095725012577639,1.3.6.1.4.1.14519.5.2.1.129647912181564009003674418318949601014,T1/T/SE  +C,T1/T/SE  +C,HEAD,glioma,collection_level_icdc_glioma,data/processed/D3B_icdc_glioma_selected_slices/GLIOMA01-i_FECA/GLIOMA01-i_FECA__318949601014__central04_idx0009.png,data/raw/D3B_icdc_glioma/1.3.6.1.4.1.14519.5.2.1.129647912181564009003674418318949601014/1-10.dcm,4,9,16,1,meningioma,0.9708714485168457,0.024853672832250595,0.14667025130409472,0.09152190387248993,0.024853672832250595,3.7567105293273926,0.9708714485168457,-2.1348941326141357,0.002682071877643466,-2.6560144424438477,0.0015927611384540796
D3B_icdc_glioma,GLIOMA01-i_FECA,1.3.6.1.4.1.14519.5.2.1.219496406064454363522821095725012577639,1.3.6.1.4.1.14519.5.2.1.129647912181564009003674418318949601014,T1/T/SE  +C,T1/T/SE  +C,HEAD,glioma,collection_level_icdc_glioma,data/processed/D3B_icdc_glioma_selected_slices/GLIOMA01-i_FECA/GLIOMA01-i_FECA__318949601014__central05_idx0010.png,data/raw/D3B_icdc_glioma/1.3.6.1.4.1.14519.5.2.1.129647912181564009003674418318949601014/1-11.dcm,5,10,16,1,meningioma,0.9578343629837036,0.016972579061985016,0.22051460786191152,-1.095143437385559,0.016972579061985016,2.9379324913024902,0.9578343629837036,-1.2948600053787231,0.013899913057684898,-1.5025444030761719,0.011293167248368263
D3B_icdc_glioma,GLIOMA01-i_05CA,1.3.6.1.4.1.14519.5.2.1.204647078142213578871402112392304405271,1.3.6.1.4.1.14519.5.2.1.134195134137667202942465181548202178049,T1 FS TRANS +C,T1 FS TRANS +C,HEAD,glioma,collection_level_icdc_glioma,data/processed/D3B_icdc_glioma_selected_slices/GLIOMA01-i_05CA/GLIOMA01-i_05CA__548202178049__central01_idx0014.png,data/raw/D3B_icdc_glioma/1.3.6.1.4.1.14519.5.2.1.134195134137667202942465181548202178049/1-15.dcm,1,14,32,2,notumor,0.9254075884819031,3.0489241908071563e-05,0.2750189407840775,-5.987328052520752,3.0489241908071563e-05,-1.7787781953811646,0.0020506740547716618,4.333287715911865,0.9254075884819031,1.786795735359192,0.07251128554344177
D3B_icdc_glioma,GLIOMA01-i_05CA,1.3.6.1.4.1.14519.5.2.1.204647078142213578871402112392304405271,1.3.6.1.4.1.14519.5.2.1.134195134137667202942465181548202178049,T1 FS TRANS +C,T1 FS TRANS +C,HEAD,glioma,collection_level_icdc_glioma,data/processed/D3B_icdc_glioma_selected_slices/GLIOMA01-i_05CA/GLIOMA01-i_05CA__548202178049__central02_idx0015.png,data/raw/D3B_icdc_glioma/1.3.6.1.4.1.14519.5.2.1.134195134137667202942465181548202178049/1-16.dcm,2,15,32,3,pituitary,0.5894023180007935,0.0007270365604199469,0.7431195850428252,-4.217767238616943,0.0007270365604199469,-1.2668309211730957,0.013903739862143993,2.0823419094085693,0.39596694707870483,2.4801201820373535,0.5894023180007935
D3B_icdc_glioma,GLIOMA01-i_05CA,1.3.6.1.4.1.14519.5.2.1.204647078142213578871402112392304405271,1.3.6.1.4.1.14519.5.2.1.134195134137667202942465181548202178049,T1 FS TRANS +C,T1 FS TRANS +C,HEAD,glioma,collection_level_icdc_glioma,data/processed/D3B_icdc_glioma_selected_slices/GLIOMA01-i_05CA/GLIOMA01-i_05CA__548202178049__central03_idx0016.png,data/raw/D3B_icdc_glioma/1.3.6.1.4.1.14519.5.2.1.134195134137667202942465181548202178049/1-17.dcm,3,16,32,3,pituitary,0.6323436498641968,0.002527184085920453,0.7688223310263045,-3.395169973373413,0.002527184085920453,-1.0304516553878784,0.02689187042415142,1.5014721155166626,0.33823728561401367,2.12715744972229,0.6323436498641968
D3B_icdc_glioma,GLIOMA01-i_05CA,1.3.6.1.4.1.14519.5.2.1.204647078142213578871402112392304405271,1.3.6.1.4.1.14519.5.2.1.134195134137667202942465181548202178049,T1 FS TRANS +C,T1 FS TRANS +C,HEAD,glioma,collection_level_icdc_glioma,data/processed/D3B_icdc_glioma_selected_slices/GLIOMA01-i_05CA/GLIOMA01-i_05CA__548202178049__central04_idx0017.png,data/raw/D3B_icdc_glioma/1.3.6.1.4.1.14519.5.2.1.134195134137667202942465181548202178049/1-18.dcm,4,17,32,2,notumor,0.7012115716934204,0.0004414117429405451,0.6637434445517862,-4.420247554779053,0.0004414117429405451,-1.1103401184082031,0.01208699680864811,2.9503393173217773,0.7012115716934204,2.0544300079345703,0.2862599492073059
D3B_icdc_glioma,GLIOMA01-i_05CA,1.3.6.1.4.1.14519.5.2.1.204647078142213578871402112392304405271,1.3.6.1.4.1.14519.5.2.1.134195134137667202942465181548202178049,T1 FS TRANS +C,T1 FS TRANS +C,HEAD,glioma,collection_level_icdc_glioma,data/processed/D3B_icdc_glioma_selected_slices/GLIOMA01-i_05CA/GLIOMA01-i_05CA__548202178049__central05_idx0018.png,data/raw/D3B_icdc_glioma/1.3.6.1.4.1.14519.5.2.1.134195134137667202942465181548202178049/1-19.dcm,5,18,32,3,pituitary,0.6004089117050171,0.000771643768530339,0.7443105449636035,-4.1609272956848145,0.000771643768530339,-1.154074788093567,0.015605452470481396,2.046898603439331,0.3832140266895294,2.4959158897399902,0.6004089117050171
D3B_icdc_glioma,GLIOMA01-i_D026,1.3.6.1.4.1.14519.5.2.1.147967266238547574979539666384120283684,1.3.6.1.4.1.14519.5.2.1.140279437954891376987651232566447039670,FSPGR 3D,BRAIN CARDIAC COIL/8,HEAD,glioma,collection_level_icdc_glioma,data/processed/D3B_icdc_glioma_selected_slices/GLIOMA01-i_D026/GLIOMA01-i_D026__566447039670__central01_idx0080.png,data/raw/D3B_icdc_glioma/1.3.6.1.4.1.14519.5.2.1.140279437954891376987651232566447039670/1-081.dcm,1,80,164,3,pituitary,0.98605877161026,0.009276416152715683,0.08382494077870983,-0.40037286281585693,0.009276416152715683,-3.381467342376709,0.0004706601321231574,-1.194148302078247,0.004194187931716442,4.265867710113525,0.98605877161026
D3B_icdc_glioma,GLIOMA01-i_D026,1.3.6.1.4.1.14519.5.2.1.147967266238547574979539666384120283684,1.3.6.1.4.1.14519.5.2.1.140279437954891376987651232566447039670,FSPGR 3D,BRAIN CARDIAC COIL/8,HEAD,glioma,collection_level_icdc_glioma,data/processed/D3B_icdc_glioma_selected_slices/GLIOMA01-i_D026/GLIOMA01-i_D026__566447039670__central02_idx0081.png,data/raw/D3B_icdc_glioma/1.3.6.1.4.1.14519.5.2.1.140279437954891376987651232566447039670/1-082.dcm,2,81,164,3,pituitary,0.9969937801361084,0.0014952609781175852,0.022853824036206276,-1.1473251581192017,0.0014952609781175852,-4.082998752593994,7.939074566820636e-05,-1.190865397453308,0.001431553508155048,5.355118751525879,0.9969937801361084
D3B_icdc_glioma,GLIOMA01-i_D026,1.3.6.1.4.1.14519.5.2.1.147967266238547574979539666384120283684,1.3.6.1.4.1.14519.5.2.1.140279437954891376987651232566447039670,FSPGR 3D,BRAIN CARDIAC COIL/8,HEAD,glioma,collection_level_icdc_glioma,data/processed/D3B_icdc_glioma_selected_slices/GLIOMA01-i_D026/GLIOMA01-i_D026__566447039670__central03_idx0082.png,data/raw/D3B_icdc_glioma/1.3.6.1.4.1.14519.5.2.1.140279437954891376987651232566447039670/1-083.dcm,3,82,164,3,pituitary,0.9952957034111023,0.003489835187792778,0.033056946396672525,-0.600851833820343,0.003489835187792778,-3.708648681640625,0.00015599324251525104,-1.7939308881759644,0.0010584181873127818,5.052333354949951,0.9952957034111023
D3B_icdc_glioma,GLIOMA01-i_D026,1.3.6.1.4.1.14519.5.2.1.147967266238547574979539666384120283684,1.3.6.1.4.1.14519.5.2.1.140279437954891376987651232566447039670,FSPGR 3D,BRAIN CARDIAC COIL/8,HEAD,glioma,collection_level_icdc_glioma,data/processed/D3B_icdc_glioma_selected_slices/GLIOMA01-i_D026/GLIOMA01-i_D026__566447039670__central04_idx0083.png,data/raw/D3B_icdc_glioma/1.3.6.1.4.1.14519.5.2.1.140279437954891376987651232566447039670/1-084.dcm,4,83,164,3,pituitary,0.995376706123352,0.0030635222792625427,0.032843303240874505,-0.7232743501663208,0.0030635222792625427,-3.9829185009002686,0.00011764552618842572,-1.4767006635665894,0.001442155335098505,5.060281753540039,0.995376706123352
D3B_icdc_glioma,GLIOMA01-i_D026,1.3.6.1.4.1.14519.5.2.1.147967266238547574979539666384120283684,1.3.6.1.4.1.14519.5.2.1.140279437954891376987651232566447039670,FSPGR 3D,BRAIN CARDIAC COIL/8,HEAD,glioma,collection_level_icdc_glioma,data/processed/D3B_icdc_glioma_selected_slices/GLIOMA01-i_D026/GLIOMA01-i_D026__566447039670__central05_idx0084.png,data/raw/D3B_icdc_glioma/1.3.6.1.4.1.14519.5.2.1.140279437954891376987651232566447039670/1-085.dcm,5,84,164,3,pituitary,0.969698965549469,0.02617628127336502,0.14896924503264553,0.46986109018325806,0.02617628127336502,-3.9330530166625977,0.00032043992541730404,-1.458857774734497,0.003804311389103532,4.081993103027344,0.969698965549469
D3B_icdc_glioma,GLIOMA01-i_0FF0,1.3.6.1.4.1.14519.5.2.1.158198985759400658053234760166855309047,1.3.6.1.4.1.14519.5.2.1.145185012510140618200318931731146332261,O-Ax T1 SE S,"Brain, Dual Coil/",HEAD,glioma,collection_level_icdc_glioma,data/processed/D3B_icdc_glioma_selected_slices/GLIOMA01-i_0FF0/GLIOMA01-i_0FF0__731146332261__central01_idx0008.png,data/raw/D3B_icdc_glioma/1.3.6.1.4.1.14519.5.2.1.145185012510140618200318931731146332261/1-09.dcm,1,8,20,3,pituitary,0.8951414823532104,0.03163076192140579,0.450296152419301,-1.0405758619308472,0.03163076192140579,-0.9875762462615967,0.033352408558130264,-0.8089464902877808,0.03987539932131767,2.3022756576538086,0.8951414823532104
D3B_icdc_glioma,GLIOMA01-i_0FF0,1.3.6.1.4.1.14519.5.2.1.158198985759400658053234760166855309047,1.3.6.1.4.1.14519.5.2.1.145185012510140618200318931731146332261,O-Ax T1 SE S,"Brain, Dual Coil/",HEAD,glioma,collection_level_icdc_glioma,data/processed/D3B_icdc_glioma_selected_slices/GLIOMA01-i_0FF0/GLIOMA01-i_0FF0__731146332261__central02_idx0009.png,data/raw/D3B_icdc_glioma/1.3.6.1.4.1.14519.5.2.1.145185012510140618200318931731146332261/1-10.dcm,2,9,20,3,pituitary,0.8562617301940918,0.0973057821393013,0.5146507471727914,0.32346606254577637,0.0973057821393013,-2.98856782913208,0.003546015592291951,-0.4958369731903076,0.04288642853498459,2.4981837272644043,0.8562617301940918
D3B_icdc_glioma,GLIOMA01-i_0FF0,1.3.6.1.4.1.14519.5.2.1.158198985759400658053234760166855309047,1.3.6.1.4.1.14519.5.2.1.145185012510140618200318931731146332261,O-Ax T1 SE S,"Brain, Dual Coil/",HEAD,glioma,collection_level_icdc_glioma,data/processed/D3B_icdc_glioma_selected_slices/GLIOMA01-i_0FF0/GLIOMA01-i_0FF0__731146332261__central03_idx0010.png,data/raw/D3B_icdc_glioma/1.3.6.1.4.1.14519.5.2.1.145185012510140618200318931731146332261/1-11.dcm,3,10,20,3,pituitary,0.965743362903595,0.020024104043841362,0.1794802489258183,-0.6193633079528809,0.020024104043841362,-2.6046018600463867,0.0027502677403390408,-1.1754943132400513,0.011482291854918003,3.2565979957580566,0.965743362903595
D3B_icdc_glioma,GLIOMA01-i_0FF0,1.3.6.1.4.1.14519.5.2.1.158198985759400658053234760166855309047,1.3.6.1.4.1.14519.5.2.1.145185012510140618200318931731146332261,O-Ax T1 SE S,"Brain, Dual Coil/",HEAD,glioma,collection_level_icdc_glioma,data/processed/D3B_icdc_glioma_selected_slices/GLIOMA01-i_0FF0/GLIOMA01-i_0FF0__731146332261__central04_idx0011.png,data/raw/D3B_icdc_glioma/1.3.6.1.4.1.14519.5.2.1.145185012510140618200318931731146332261/1-12.dcm,4,11,20,3,pituitary,0.9837004542350769,0.014277004636824131,0.09045957088203033,0.04816405475139618,0.014277004636824131,-3.391188621520996,0.00045808419235982,-2.16290020942688,0.0015645312378183007,4.280835151672363,0.9837004542350769
D3B_icdc_glioma,GLIOMA01-i_0FF0,1.3.6.1.4.1.14519.5.2.1.158198985759400658053234760166855309047,1.3.6.1.4.1.14519.5.2.1.145185012510140618200318931731146332261,O-Ax T1 SE S,"Brain, Dual Coil/",HEAD,glioma,collection_level_icdc_glioma,data/processed/D3B_icdc_glioma_selected_slices/GLIOMA01-i_0FF0/GLIOMA01-i_0FF0__731146332261__central05_idx0012.png,data/raw/D3B_icdc_glioma/1.3.6.1.4.1.14519.5.2.1.145185012510140618200318931731146332261/1-13.dcm,5,12,20,3,pituitary,0.9793423414230347,0.009028980508446693,0.11695218794328965,-0.8179147839546204,0.009028980508446693,-3.619366407394409,0.0005482566193677485,-0.6131758689880371,0.011080408468842506,3.8685269355773926,0.9793423414230347
D3B_icdc_glioma,GLIOMA01-i_6454,1.3.6.1.4.1.14519.5.2.1.131202284249283473488626711122269899807,1.3.6.1.4.1.14519.5.2.1.14543132867466309601670285112662324635,RAGE FS +C TRANS,MP RAGE FS +C,HEAD,glioma,collection_level_icdc_glioma,data/processed/D3B_icdc_glioma_selected_slices/GLIOMA01-i_6454/GLIOMA01-i_6454__112662324635__central01_idx0019.png,data/raw/D3B_icdc_glioma/1.3.6.1.4.1.14519.5.2.1.14543132867466309601670285112662324635/1-20.dcm,1,19,42,3,pituitary,0.9408922791481018,0.05133764445781708,0.25287595795015405,0.35954004526138306,0.05133764445781708,-2.1583733558654785,0.0041392347775399685,-2.2894203662872314,0.0036308406852185726,3.2679443359375,0.9408922791481018
D3B_icdc_glioma,GLIOMA01-i_6454,1.3.6.1.4.1.14519.5.2.1.131202284249283473488626711122269899807,1.3.6.1.4.1.14519.5.2.1.14543132867466309601670285112662324635,RAGE FS +C TRANS,MP RAGE FS +C,HEAD,glioma,collection_level_icdc_glioma,data/processed/D3B_icdc_glioma_selected_slices/GLIOMA01-i_6454/GLIOMA01-i_6454__112662324635__central02_idx0020.png,data/raw/D3B_icdc_glioma/1.3.6.1.4.1.14519.5.2.1.14543132867466309601670285112662324635/1-21.dcm,2,20,42,3,pituitary,0.8168222904205322,0.16475607454776764,0.5486442098665607,0.905702531337738,0.16475607454776764,-2.075023651123047,0.008362352848052979,-1.8902734518051147,0.01005922257900238,2.5066580772399902,0.8168222904205322
D3B_icdc_glioma,GLIOMA01-i_6454,1.3.6.1.4.1.14519.5.2.1.131202284249283473488626711122269899807,1.3.6.1.4.1.14519.5.2.1.14543132867466309601670285112662324635,RAGE FS +C TRANS,MP RAGE FS +C,HEAD,glioma,collection_level_icdc_glioma,data/processed/D3B_icdc_glioma_selected_slices/GLIOMA01-i_6454/GLIOMA01-i_6454__112662324635__central03_idx0021.png,data/raw/D3B_icdc_glioma/1.3.6.1.4.1.14519.5.2.1.14543132867466309601670285112662324635/1-22.dcm,3,21,42,3,pituitary,0.9893352389335632,0.008463418111205101,0.06586942097076008,-0.41869235038757324,0.008463418111205101,-2.8564741611480713,0.0007393172709271312,-2.1746277809143066,0.0014620184665545821,4.342587471008301,0.9893352389335632
D3B_icdc_glioma,GLIOMA01-i_6454,1.3.6.1.4.1.14519.5.2.1.131202284249283473488626711122269899807,1.3.6.1.4.1.14519.5.2.1.14543132867466309601670285112662324635,RAGE FS +C TRANS,MP RAGE FS +C,HEAD,glioma,collection_level_icdc_glioma,data/processed/D3B_icdc_glioma_selected_slices/GLIOMA01-i_6454/GLIOMA01-i_6454__112662324635__central04_idx0022.png,data/raw/D3B_icdc_glioma/1.3.6.1.4.1.14519.5.2.1.14543132867466309601670285112662324635/1-23.dcm,4,22,42,3,pituitary,0.9898824095726013,0.007123788818717003,0.06476104809153996,-0.7014697194099426,0.007123788818717003,-2.2726285457611084,0.0014803535304963589,-2.250521421432495,0.0015134441200643778,4.2326765060424805,0.9898824095726013
D3B_icdc_glioma,GLIOMA01-i_6454,1.3.6.1.4.1.14519.5.2.1.131202284249283473488626711122269899807,1.3.6.1.4.1.14519.5.2.1.14543132867466309601670285112662324635,RAGE FS +C TRANS,MP RAGE FS +C,HEAD,glioma,collection_level_icdc_glioma,data/processed/D3B_icdc_glioma_selected_slices/GLIOMA01-i_6454/GLIOMA01-i_6454__112662324635__central05_idx0023.png,data/raw/D3B_icdc_glioma/1.3.6.1.4.1.14519.5.2.1.14543132867466309601670285112662324635/1-24.dcm,5,23,42,3,pituitary,0.9901326894760132,0.007051852997392416,0.06321522718427383,-0.6682968735694885,0.007051852997392416,-2.428208827972412,0.0012133418349549174,-2.150278329849243,0.0016020901966840029,4.276251792907715,0.9901326894760132
D3B_icdc_glioma,GLIOMA01-i_A71E,1.3.6.1.4.1.14519.5.2.1.103043962838632210500037872750432735043,1.3.6.1.4.1.14519.5.2.1.14701725966354560681293302391612854512,T1/T/SE  +C,T1/T/SE  +C,HEAD,glioma,collection_level_icdc_glioma,data/processed/D3B_icdc_glioma_selected_slices/GLIOMA01-i_A71E/GLIOMA01-i_A71E__391612854512__central01_idx0008.png,data/raw/D3B_icdc_glioma/1.3.6.1.4.1.14519.5.2.1.14701725966354560681293302391612854512/1-09.dcm,1,8,20,2,notumor,0.9268871545791626,0.024301042780280113,0.3255681672295443,-0.8775981068611145,0.024301042780280113,-0.30281075835227966,0.04317694529891014,2.763714551925659,0.9268871545791626,-2.3391475677490234,0.0056348443031311035
D3B_icdc_glioma,GLIOMA01-i_A71E,1.3.6.1.4.1.14519.5.2.1.103043962838632210500037872750432735043,1.3.6.1.4.1.14519.5.2.1.14701725966354560681293302391612854512,T1/T/SE  +C,T1/T/SE  +C,HEAD,glioma,collection_level_icdc_glioma,data/processed/D3B_icdc_glioma_selected_slices/GLIOMA01-i_A71E/GLIOMA01-i_A71E__391612854512__central02_idx0009.png,data/raw/D3B_icdc_glioma/1.3.6.1.4.1.14519.5.2.1.14701725966354560681293302391612854512/1-10.dcm,2,9,20,2,notumor,0.8294603824615479,0.027093006297945976,0.6058046955481938,-1.3164756298065186,0.027093006297945976,0.10991961508989334,0.11280614882707596,2.1050240993499756,0.8294603824615479,-1.1934318542480469,0.03064039908349514
D3B_icdc_glioma,GLIOMA01-i_A71E,1.3.6.1.4.1.14519.5.2.1.103043962838632210500037872750432735043,1.3.6.1.4.1.14519.5.2.1.14701725966354560681293302391612854512,T1/T/SE  +C,T1/T/SE  +C,HEAD,glioma,collection_level_icdc_glioma,data/processed/D3B_icdc_glioma_selected_slices/GLIOMA01-i_A71E/GLIOMA01-i_A71E__391612854512__central03_idx0010.png,data/raw/D3B_icdc_glioma/1.3.6.1.4.1.14519.5.2.1.14701725966354560681293302391612854512/1-11.dcm,3,10,20,2,notumor,0.9071694016456604,0.003543086349964142,0.36947094385287843,-2.5377695560455322,0.003543086349964142,0.45868515968322754,0.07091294229030609,3.007561445236206,0.9071694016456604,-0.8918023109436035,0.018374528735876083
D3B_icdc_glioma,GLIOMA01-i_A71E,1.3.6.1.4.1.14519.5.2.1.103043962838632210500037872750432735043,1.3.6.1.4.1.14519.5.2.1.14701725966354560681293302391612854512,T1/T/SE  +C,T1/T/SE  +C,HEAD,glioma,collection_level_icdc_glioma,data/processed/D3B_icdc_glioma_selected_slices/GLIOMA01-i_A71E/GLIOMA01-i_A71E__391612854512__central04_idx0011.png,data/raw/D3B_icdc_glioma/1.3.6.1.4.1.14519.5.2.1.14701725966354560681293302391612854512/1-12.dcm,4,11,20,1,meningioma,0.9445945620536804,0.0031721859704703093,0.24151379469917394,-2.277406930923462,0.0031721859704703093,3.4189276695251465,0.9445945620536804,0.4347324073314667,0.04777777940034866,-1.937695860862732,0.004455468151718378
D3B_icdc_glioma,GLIOMA01-i_A71E,1.3.6.1.4.1.14519.5.2.1.103043962838632210500037872750432735043,1.3.6.1.4.1.14519.5.2.1.14701725966354560681293302391612854512,T1/T/SE  +C,T1/T/SE  +C,HEAD,glioma,collection_level_icdc_glioma,data/processed/D3B_icdc_glioma_selected_slices/GLIOMA01-i_A71E/GLIOMA01-i_A71E__391612854512__central05_idx0012.png,data/raw/D3B_icdc_glioma/1.3.6.1.4.1.14519.5.2.1.14701725966354560681293302391612854512/1-13.dcm,5,12,20,1,meningioma,0.7755398154258728,0.01213475875556469,0.5995117627527614,-1.610606074333191,0.01213475875556469,2.546879291534424,0.7755398154258728,1.2324676513671875,0.20833507180213928,-2.722811460494995,0.003990309778600931
D3B_icdc_glioma,GLIOMA01-i_E952,1.3.6.1.4.1.14519.5.2.1.117926907228339261453178550732951473986,1.3.6.1.4.1.14519.5.2.1.149772195201549816296268757789670216014,BRAIN/T1_TRANS,,HEAD,glioma,collection_level_icdc_glioma,data/processed/D3B_icdc_glioma_selected_slices/GLIOMA01-i_E952/GLIOMA01-i_E952__789670216014__central01_idx0007.png,data/raw/D3B_icdc_glioma/1.3.6.1.4.1.14519.5.2.1.149772195201549816296268757789670216014/1-08.dcm,1,7,19,3,pituitary,0.9888640642166138,0.002437060931697488,0.07051820714538226,-1.8452867269515991,0.002437060931697488,-0.7226370573043823,0.007489054463803768,-2.5455610752105713,0.0012098767329007387,4.160477161407471,0.9888640642166138
D3B_icdc_glioma,GLIOMA01-i_E952,1.3.6.1.4.1.14519.5.2.1.117926907228339261453178550732951473986,1.3.6.1.4.1.14519.5.2.1.149772195201549816296268757789670216014,BRAIN/T1_TRANS,,HEAD,glioma,collection_level_icdc_glioma,data/processed/D3B_icdc_glioma_selected_slices/GLIOMA01-i_E952/GLIOMA01-i_E952__789670216014__central02_idx0008.png,data/raw/D3B_icdc_glioma/1.3.6.1.4.1.14519.5.2.1.149772195201549816296268757789670216014/1-09.dcm,2,8,19,3,pituitary,0.9326783418655396,0.03552619740366936,0.31007481220861627,-0.524039089679718,0.03552619740366936,-0.8868613839149475,0.024715930223464966,-2.1371142864227295,0.0070794434286653996,2.743751049041748,0.9326783418655396
D3B_icdc_glioma,GLIOMA01-i_E952,1.3.6.1.4.1.14519.5.2.1.117926907228339261453178550732951473986,1.3.6.1.4.1.14519.5.2.1.149772195201549816296268757789670216014,BRAIN/T1_TRANS,,HEAD,glioma,collection_level_icdc_glioma,data/processed/D3B_icdc_glioma_selected_slices/GLIOMA01-i_E952/GLIOMA01-i_E952__789670216014__central03_idx0009.png,data/raw/D3B_icdc_glioma/1.3.6.1.4.1.14519.5.2.1.149772195201549816296268757789670216014/1-10.dcm,3,9,19,3,pituitary,0.8153253197669983,0.11525468528270721,0.6418777395264127,-0.003642074763774872,0.11525468528270721,-0.8401251435279846,0.04993196204304695,-1.7809854745864868,0.01948804222047329,1.9528007507324219,0.8153253197669983
D3B_icdc_glioma,GLIOMA01-i_E952,1.3.6.1.4.1.14519.5.2.1.117926907228339261453178550732951473986,1.3.6.1.4.1.14519.5.2.1.149772195201549816296268757789670216014,BRAIN/T1_TRANS,,HEAD,glioma,collection_level_icdc_glioma,data/processed/D3B_icdc_glioma_selected_slices/GLIOMA01-i_E952/GLIOMA01-i_E952__789670216014__central04_idx0010.png,data/raw/D3B_icdc_glioma/1.3.6.1.4.1.14519.5.2.1.149772195201549816296268757789670216014/1-11.dcm,4,10,19,0,glioma,0.8256576061248779,0.8256576061248779,0.5860003955029086,2.2735490798950195,0.8256576061248779,-0.6728324890136719,0.043371330946683884,-2.5899252891540527,0.006377051118761301,0.38242942094802856,0.12459400296211243
D3B_icdc_glioma,GLIOMA01-i_E952,1.3.6.1.4.1.14519.5.2.1.117926907228339261453178550732951473986,1.3.6.1.4.1.14519.5.2.1.149772195201549816296268757789670216014,BRAIN/T1_TRANS,,HEAD,glioma,collection_level_icdc_glioma,data/processed/D3B_icdc_glioma_selected_slices/GLIOMA01-i_E952/GLIOMA01-i_E952__789670216014__central05_idx0011.png,data/raw/D3B_icdc_glioma/1.3.6.1.4.1.14519.5.2.1.149772195201549816296268757789670216014/1-12.dcm,5,11,19,0,glioma,0.8620452284812927,0.8620452284812927,0.4620643610459335,2.6448585987091064,0.8620452284812927,-1.9202669858932495,0.008972661569714546,-2.1470000743865967,0.007152407895773649,0.6881749033927917,0.12182969599962234
D3B_icdc_glioma,GLIOMA01-i_2C4F,1.3.6.1.4.1.14519.5.2.1.291980711097592015449079747618518953007,1.3.6.1.4.1.14519.5.2.1.151890012878496215654971844639837033156,RAGE FS TRANS +C,MP RAGE FS +C,HEAD,glioma,collection_level_icdc_glioma,data/processed/D3B_icdc_glioma_selected_slices/GLIOMA01-i_2C4F/GLIOMA01-i_2C4F__639837033156__central01_idx0029.png,data/raw/D3B_icdc_glioma/1.3.6.1.4.1.14519.5.2.1.151890012878496215654971844639837033156/1-30.dcm,1,29,62,2,notumor,0.5906851291656494,0.002337266691029072,0.7305683017077738,-3.0390748977661133,0.002337266691029072,2.100719451904297,0.39892616868019104,2.4932262897491455,0.5906851291656494,-1.8022047281265259,0.008051448501646519
D3B_icdc_glioma,GLIOMA01-i_2C4F,1.3.6.1.4.1.14519.5.2.1.291980711097592015449079747618518953007,1.3.6.1.4.1.14519.5.2.1.151890012878496215654971844639837033156,RAGE FS TRANS +C,MP RAGE FS +C,HEAD,glioma,collection_level_icdc_glioma,data/processed/D3B_icdc_glioma_selected_slices/GLIOMA01-i_2C4F/GLIOMA01-i_2C4F__639837033156__central02_idx0030.png,data/raw/D3B_icdc_glioma/1.3.6.1.4.1.14519.5.2.1.151890012878496215654971844639837033156/1-31.dcm,2,30,62,1,meningioma,0.756597101688385,0.004752249922603369,0.6236485483137659,-2.494556427001953,0.004752249922603369,2.5756564140319824,0.756597101688385,1.3736534118652344,0.2274266928434372,-1.635122299194336,0.011223975569009781
D3B_icdc_glioma,GLIOMA01-i_2C4F,1.3.6.1.4.1.14519.5.2.1.291980711097592015449079747618518953007,1.3.6.1.4.1.14519.5.2.1.151890012878496215654971844639837033156,RAGE FS TRANS +C,MP RAGE FS +C,HEAD,glioma,collection_level_icdc_glioma,data/processed/D3B_icdc_glioma_selected_slices/GLIOMA01-i_2C4F/GLIOMA01-i_2C4F__639837033156__central03_idx0031.png,data/raw/D3B_icdc_glioma/1.3.6.1.4.1.14519.5.2.1.151890012878496215654971844639837033156/1-32.dcm,3,31,62,1,meningioma,0.9359121918678284,0.004483029246330261,0.26811271706833434,-1.9676681756973267,0.004483029246330261,3.3735547065734863,0.9359121918678284,0.5561531782150269,0.055931076407432556,-2.1667404174804688,0.003673799801617861
D3B_icdc_glioma,GLIOMA01-i_2C4F,1.3.6.1.4.1.14519.5.2.1.291980711097592015449079747618518953007,1.3.6.1.4.1.14519.5.2.1.151890012878496215654971844639837033156,RAGE FS TRANS +C,MP RAGE FS +C,HEAD,glioma,collection_level_icdc_glioma,data/processed/D3B_icdc_glioma_selected_slices/GLIOMA01-i_2C4F/GLIOMA01-i_2C4F__639837033156__central04_idx0032.png,data/raw/D3B_icdc_glioma/1.3.6.1.4.1.14519.5.2.1.151890012878496215654971844639837033156/1-33.dcm,4,32,62,1,meningioma,0.8583877682685852,0.10146557539701462,0.5172217749901192,0.2848461866378784,0.10146557539701462,2.420182466506958,0.8583877682685852,-1.0158699750900269,0.027632802724838257,-1.8080315589904785,0.012513920664787292
D3B_icdc_glioma,GLIOMA01-i_2C4F,1.3.6.1.4.1.14519.5.2.1.291980711097592015449079747618518953007,1.3.6.1.4.1.14519.5.2.1.151890012878496215654971844639837033156,RAGE FS TRANS +C,MP RAGE FS +C,HEAD,glioma,collection_level_icdc_glioma,data/processed/D3B_icdc_glioma_selected_slices/GLIOMA01-i_2C4F/GLIOMA01-i_2C4F__639837033156__central05_idx0033.png,data/raw/D3B_icdc_glioma/1.3.6.1.4.1.14519.5.2.1.151890012878496215654971844639837033156/1-34.dcm,5,33,62,1,meningioma,0.8585551381111145,0.13386192917823792,0.4423788909037003,1.2066813707351685,0.13386192917823792,3.0651233196258545,0.8585551381111145,-2.289360284805298,0.0040583121590316296,-2.430339813232422,0.0035246724728494883
D3B_icdc_glioma,GLIOMA01-i_51A5,1.3.6.1.4.1.14519.5.2.1.237825955229018344850174911332763633144,1.3.6.1.4.1.14519.5.2.1.152746322830901759275276801603448021196,MP RAGE FS +C,MP RAGE FS +C,HEAD,glioma,collection_level_icdc_glioma,data/processed/D3B_icdc_glioma_selected_slices/GLIOMA01-i_51A5/GLIOMA01-i_51A5__603448021196__central01_idx0126.png,data/raw/D3B_icdc_glioma/1.3.6.1.4.1.14519.5.2.1.152746322830901759275276801603448021196/1-127.dcm,1,126,256,2,notumor,0.5909463763237,0.00015821648412384093,0.6810936320841068,-4.638580799102783,0.00015821648412384093,-3.7080931663513184,0.00040119668119587004,3.586935520172119,0.5909463763237,3.2176880836486816,0.408494234085083
D3B_icdc_glioma,GLIOMA01-i_51A5,1.3.6.1.4.1.14519.5.2.1.237825955229018344850174911332763633144,1.3.6.1.4.1.14519.5.2.1.152746322830901759275276801603448021196,MP RAGE FS +C,MP RAGE FS +C,HEAD,glioma,collection_level_icdc_glioma,data/processed/D3B_icdc_glioma_selected_slices/GLIOMA01-i_51A5/GLIOMA01-i_51A5__603448021196__central02_idx0127.png,data/raw/D3B_icdc_glioma/1.3.6.1.4.1.14519.5.2.1.152746322830901759275276801603448021196/1-128.dcm,2,127,256,2,notumor,0.9897233247756958,0.00029806842212565243,0.05947551866584816,-3.0590152740478516,0.00029806842212565243,-3.625530481338501,0.00016915374726522714,5.048842430114746,0.9897233247756958,0.4347655773162842,0.00980947632342577
D3B_icdc_glioma,GLIOMA01-i_51A5,1.3.6.1.4.1.14519.5.2.1.237825955229018344850174911332763633144,1.3.6.1.4.1.14519.5.2.1.152746322830901759275276801603448021196,MP RAGE FS +C,MP RAGE FS +C,HEAD,glioma,collection_level_icdc_glioma,data/processed/D3B_icdc_glioma_selected_slices/GLIOMA01-i_51A5/GLIOMA01-i_51A5__603448021196__central03_idx0128.png,data/raw/D3B_icdc_glioma/1.3.6.1.4.1.14519.5.2.1.152746322830901759275276801603448021196/1-129.dcm,3,128,256,2,notumor,0.9872044324874878,0.00027032801881432533,0.07043603070524715,-3.11108660697937,0.00027032801881432533,-3.9900643825531006,0.00011224213085370138,5.091909885406494,0.9872044324874878,0.7157787084579468,0.0124130230396986
D3B_icdc_glioma,GLIOMA01-i_51A5,1.3.6.1.4.1.14519.5.2.1.237825955229018344850174911332763633144,1.3.6.1.4.1.14519.5.2.1.152746322830901759275276801603448021196,MP RAGE FS +C,MP RAGE FS +C,HEAD,glioma,collection_level_icdc_glioma,data/processed/D3B_icdc_glioma_selected_slices/GLIOMA01-i_51A5/GLIOMA01-i_51A5__603448021196__central04_idx0129.png,data/raw/D3B_icdc_glioma/1.3.6.1.4.1.14519.5.2.1.152746322830901759275276801603448021196/1-130.dcm,4,129,256,2,notumor,0.971950352191925,0.001960410038009286,0.13657951926562673,-2.1519076824188232,0.001960410038009286,-4.075268745422363,0.00028644545818679035,4.054243087768555,0.971950352191925,0.4254204332828522,0.02580277808010578
D3B_icdc_glioma,GLIOMA01-i_51A5,1.3.6.1.4.1.14519.5.2.1.237825955229018344850174911332763633144,1.3.6.1.4.1.14519.5.2.1.152746322830901759275276801603448021196,MP RAGE FS +C,MP RAGE FS +C,HEAD,glioma,collection_level_icdc_glioma,data/processed/D3B_icdc_glioma_selected_slices/GLIOMA01-i_51A5/GLIOMA01-i_51A5__603448021196__central05_idx0130.png,data/raw/D3B_icdc_glioma/1.3.6.1.4.1.14519.5.2.1.152746322830901759275276801603448021196/1-131.dcm,5,130,256,2,notumor,0.875920832157135,0.001495234901085496,0.38721446686239624,-2.9513943195343018,0.001495234901085496,-3.7574374675750732,0.000667804095428437,3.421598434448242,0.875920832157135,1.4496561288833618,0.12191613763570786
D3B_icdc_glioma,GLIOMA01-i_B02B,1.3.6.1.4.1.14519.5.2.1.48000078879291226449747674378581962603,1.3.6.1.4.1.14519.5.2.1.158450620566163718321055713384281015557,O-Ax T1 SE S,,HEAD,glioma,collection_level_icdc_glioma,data/processed/D3B_icdc_glioma_selected_slices/GLIOMA01-i_B02B/GLIOMA01-i_B02B__384281015557__central01_idx0007.png,data/raw/D3B_icdc_glioma/1.3.6.1.4.1.14519.5.2.1.158450620566163718321055713384281015557/1-08.dcm,1,7,19,3,pituitary,0.4230976700782776,0.11754509806632996,1.1178978554882588,-0.569217324256897,0.11754509806632996,-1.5524905920028687,0.04397181421518326,0.6931673884391785,0.4153854250907898,0.7115637063980103,0.4230976700782776
D3B_icdc_glioma,GLIOMA01-i_B02B,1.3.6.1.4.1.14519.5.2.1.48000078879291226449747674378581962603,1.3.6.1.4.1.14519.5.2.1.158450620566163718321055713384281015557,O-Ax T1 SE S,,HEAD,glioma,collection_level_icdc_glioma,data/processed/D3B_icdc_glioma_selected_slices/GLIOMA01-i_B02B/GLIOMA01-i_B02B__384281015557__central02_idx0008.png,data/raw/D3B_icdc_glioma/1.3.6.1.4.1.14519.5.2.1.158450620566163718321055713384281015557/1-09.dcm,2,8,19,3,pituitary,0.9502944350242615,0.022354399785399437,0.24846836926122148,-0.8409383893013,0.022354399785399437,-1.8558779954910278,0.008101776242256165,-0.990479588508606,0.019249435514211655,2.9088103771209717,0.9502944350242615
D3B_icdc_glioma,GLIOMA01-i_B02B,1.3.6.1.4.1.14519.5.2.1.48000078879291226449747674378581962603,1.3.6.1.4.1.14519.5.2.1.158450620566163718321055713384281015557,O-Ax T1 SE S,,HEAD,glioma,collection_level_icdc_glioma,data/processed/D3B_icdc_glioma_selected_slices/GLIOMA01-i_B02B/GLIOMA01-i_B02B__384281015557__central03_idx0009.png,data/raw/D3B_icdc_glioma/1.3.6.1.4.1.14519.5.2.1.158450620566163718321055713384281015557/1-10.dcm,3,9,19,3,pituitary,0.9973933696746826,0.00012055897241225466,0.019781479576626182,-3.5705935955047607,0.00012055897241225466,-2.244758367538452,0.0004539442015811801,-0.7459270358085632,0.0020320615731179714,5.450167655944824,0.9973933696746826
D3B_icdc_glioma,GLIOMA01-i_B02B,1.3.6.1.4.1.14519.5.2.1.48000078879291226449747674378581962603,1.3.6.1.4.1.14519.5.2.1.158450620566163718321055713384281015557,O-Ax T1 SE S,,HEAD,glioma,collection_level_icdc_glioma,data/processed/D3B_icdc_glioma_selected_slices/GLIOMA01-i_B02B/GLIOMA01-i_B02B__384281015557__central04_idx0010.png,data/raw/D3B_icdc_glioma/1.3.6.1.4.1.14519.5.2.1.158450620566163718321055713384281015557/1-11.dcm,4,10,19,3,pituitary,0.9383755326271057,0.004190655890852213,0.28573293540515615,-2.396134614944458,0.004190655890852213,-0.6538136005401611,0.02393108792603016,-0.31736642122268677,0.03350268676877022,3.015158176422119,0.9383755326271057
D3B_icdc_glioma,GLIOMA01-i_B02B,1.3.6.1.4.1.14519.5.2.1.48000078879291226449747674378581962603,1.3.6.1.4.1.14519.5.2.1.158450620566163718321055713384281015557,O-Ax T1 SE S,,HEAD,glioma,collection_level_icdc_glioma,data/processed/D3B_icdc_glioma_selected_slices/GLIOMA01-i_B02B/GLIOMA01-i_B02B__384281015557__central05_idx0011.png,data/raw/D3B_icdc_glioma/1.3.6.1.4.1.14519.5.2.1.158450620566163718321055713384281015557/1-12.dcm,5,11,19,3,pituitary,0.9726673364639282,0.007939568720757961,0.15457377306800102,-1.3431991338729858,0.007939568720757961,-1.4495811462402344,0.00713831651955843,-0.9091412425041199,0.012254794128239155,3.4649839401245117,0.9726673364639282
D3B_icdc_glioma,GLIOMA01-i_8228,1.3.6.1.4.1.14519.5.2.1.291836991082241242236980188284146645457,1.3.6.1.4.1.14519.5.2.1.160517712131822755904251928055723278732,MP RAGE TRANS +C,MP RAGE FS +C,HEAD,glioma,collection_level_icdc_glioma,data/processed/D3B_icdc_glioma_selected_slices/GLIOMA01-i_8228/GLIOMA01-i_8228__055723278732__central01_idx0022.png,data/raw/D3B_icdc_glioma/1.3.6.1.4.1.14519.5.2.1.160517712131822755904251928055723278732/1-23.dcm,1,22,49,3,pituitary,0.9528342485427856,0.03460991010069847,0.22593637247014126,-0.1395287811756134,0.03460991010069847,-2.0321085453033447,0.00521510886028409,-1.690226674079895,0.007340758573263884,3.175772190093994,0.9528342485427856
D3B_icdc_glioma,GLIOMA01-i_8228,1.3.6.1.4.1.14519.5.2.1.291836991082241242236980188284146645457,1.3.6.1.4.1.14519.5.2.1.160517712131822755904251928055723278732,MP RAGE TRANS +C,MP RAGE FS +C,HEAD,glioma,collection_level_icdc_glioma,data/processed/D3B_icdc_glioma_selected_slices/GLIOMA01-i_8228/GLIOMA01-i_8228__055723278732__central02_idx0023.png,data/raw/D3B_icdc_glioma/1.3.6.1.4.1.14519.5.2.1.160517712131822755904251928055723278732/1-24.dcm,2,23,49,3,pituitary,0.9213739037513733,0.06964702904224396,0.30921200815752037,0.5349533557891846,0.06964702904224396,-2.526822566986084,0.003259794320911169,-1.9646474123001099,0.005719260312616825,3.1173791885375977,0.9213739037513733
D3B_icdc_glioma,GLIOMA01-i_8228,1.3.6.1.4.1.14519.5.2.1.291836991082241242236980188284146645457,1.3.6.1.4.1.14519.5.2.1.160517712131822755904251928055723278732,MP RAGE TRANS +C,MP RAGE FS +C,HEAD,glioma,collection_level_icdc_glioma,data/processed/D3B_icdc_glioma_selected_slices/GLIOMA01-i_8228/GLIOMA01-i_8228__055723278732__central03_idx0024.png,data/raw/D3B_icdc_glioma/1.3.6.1.4.1.14519.5.2.1.160517712131822755904251928055723278732/1-25.dcm,3,24,49,3,pituitary,0.9058270454406738,0.08600933849811554,0.3450945451519954,0.7681140899658203,0.08600933849811554,-2.659282684326172,0.0027928403578698635,-2.0053858757019043,0.00537068722769618,3.122506618499756,0.9058270454406738
D3B_icdc_glioma,GLIOMA01-i_8228,1.3.6.1.4.1.14519.5.2.1.291836991082241242236980188284146645457,1.3.6.1.4.1.14519.5.2.1.160517712131822755904251928055723278732,MP RAGE TRANS +C,MP RAGE FS +C,HEAD,glioma,collection_level_icdc_glioma,data/processed/D3B_icdc_glioma_selected_slices/GLIOMA01-i_8228/GLIOMA01-i_8228__055723278732__central04_idx0025.png,data/raw/D3B_icdc_glioma/1.3.6.1.4.1.14519.5.2.1.160517712131822755904251928055723278732/1-26.dcm,4,25,49,3,pituitary,0.9818177819252014,0.012431245297193527,0.10593596018718904,-0.46377766132354736,0.012431245297193527,-2.29361629486084,0.0019944622181355953,-1.6605144739151,0.0037564572412520647,3.9054150581359863,0.9818177819252014
D3B_icdc_glioma,GLIOMA01-i_8228,1.3.6.1.4.1.14519.5.2.1.291836991082241242236980188284146645457,1.3.6.1.4.1.14519.5.2.1.160517712131822755904251928055723278732,MP RAGE TRANS +C,MP RAGE FS +C,HEAD,glioma,collection_level_icdc_glioma,data/processed/D3B_icdc_glioma_selected_slices/GLIOMA01-i_8228/GLIOMA01-i_8228__055723278732__central05_idx0026.png,data/raw/D3B_icdc_glioma/1.3.6.1.4.1.14519.5.2.1.160517712131822755904251928055723278732/1-27.dcm,5,26,49,3,pituitary,0.9434086084365845,0.04850947856903076,0.2462228468562245,0.3732571601867676,0.04850947856903076,-2.25051212310791,0.0035183413419872522,-1.9903720617294312,0.004563683643937111,3.3409974575042725,0.9434086084365845
D3B_icdc_glioma,GLIOMA01-i_C04D,1.3.6.1.4.1.14519.5.2.1.121345376366510123923307224527563758327,1.3.6.1.4.1.14519.5.2.1.163164444750352772952095286288968100907,Ax_T1_fl2d post,Ax_T1_fl2d post,HEAD,glioma,collection_level_icdc_glioma,data/processed/D3B_icdc_glioma_selected_slices/GLIOMA01-i_C04D/GLIOMA01-i_C04D__288968100907__central01_idx0013.png,data/raw/D3B_icdc_glioma/1.3.6.1.4.1.14519.5.2.1.163164444750352772952095286288968100907/1-14.dcm,1,13,30,3,pituitary,0.3297242820262909,0.2543095350265503,1.3670478604753562,-0.012505367398262024,0.2543095350265503,-0.24288220703601837,0.2019813507795334,-0.1851523071527481,0.21398484706878662,0.24719929695129395,0.3297242820262909
D3B_icdc_glioma,GLIOMA01-i_C04D,1.3.6.1.4.1.14519.5.2.1.121345376366510123923307224527563758327,1.3.6.1.4.1.14519.5.2.1.163164444750352772952095286288968100907,Ax_T1_fl2d post,Ax_T1_fl2d post,HEAD,glioma,collection_level_icdc_glioma,data/processed/D3B_icdc_glioma_selected_slices/GLIOMA01-i_C04D/GLIOMA01-i_C04D__288968100907__central02_idx0014.png,data/raw/D3B_icdc_glioma/1.3.6.1.4.1.14519.5.2.1.163164444750352772952095286288968100907/1-15.dcm,2,14,30,3,pituitary,0.4472182095050812,0.09077958017587662,1.1595290969102539,-0.8694468140602112,0.09077958017587662,-0.8994934558868408,0.08809251338243484,0.5461331009864807,0.3739096224308014,0.725165605545044,0.4472182095050812
D3B_icdc_glioma,GLIOMA01-i_C04D,1.3.6.1.4.1.14519.5.2.1.121345376366510123923307224527563758327,1.3.6.1.4.1.14519.5.2.1.163164444750352772952095286288968100907,Ax_T1_fl2d post,Ax_T1_fl2d post,HEAD,glioma,collection_level_icdc_glioma,data/processed/D3B_icdc_glioma_selected_slices/GLIOMA01-i_C04D/GLIOMA01-i_C04D__288968100907__central03_idx0015.png,data/raw/D3B_icdc_glioma/1.3.6.1.4.1.14519.5.2.1.163164444750352772952095286288968100907/1-16.dcm,3,15,30,2,notumor,0.3922497630119324,0.1201712042093277,1.2718092220063484,-0.6415373086929321,0.1201712042093277,-0.42856255173683167,0.14869424700737,0.5414440631866455,0.3922497630119324,0.39520514011383057,0.33888471126556396
D3B_icdc_glioma,GLIOMA01-i_C04D,1.3.6.1.4.1.14519.5.2.1.121345376366510123923307224527563758327,1.3.6.1.4.1.14519.5.2.1.163164444750352772952095286288968100907,Ax_T1_fl2d post,Ax_T1_fl2d post,HEAD,glioma,collection_level_icdc_glioma,data/processed/D3B_icdc_glioma_selected_slices/GLIOMA01-i_C04D/GLIOMA01-i_C04D__288968100907__central04_idx0016.png,data/raw/D3B_icdc_glioma/1.3.6.1.4.1.14519.5.2.1.163164444750352772952095286288968100907/1-17.dcm,4,16,30,2,notumor,0.5083461403846741,0.07437296211719513,1.146532441500658,-0.9484847784042358,0.07437296211719513,-0.5221115350723267,0.11391650140285492,0.9735853672027588,0.5083461403846741,0.4573572874069214,0.3033643662929535
D3B_icdc_glioma,GLIOMA01-i_C04D,1.3.6.1.4.1.14519.5.2.1.121345376366510123923307224527563758327,1.3.6.1.4.1.14519.5.2.1.163164444750352772952095286288968100907,Ax_T1_fl2d post,Ax_T1_fl2d post,HEAD,glioma,collection_level_icdc_glioma,data/processed/D3B_icdc_glioma_selected_slices/GLIOMA01-i_C04D/GLIOMA01-i_C04D__288968100907__central05_idx0017.png,data/raw/D3B_icdc_glioma/1.3.6.1.4.1.14519.5.2.1.163164444750352772952095286288968100907/1-18.dcm,5,17,30,3,pituitary,0.4392577111721039,0.05373140797019005,1.191609605165751,-1.256186604499817,0.05373140797019005,-0.056792743504047394,0.17828646302223206,0.5550354719161987,0.3287244439125061,0.8449019193649292,0.4392577111721039
D3B_icdc_glioma,GLIOMA01-i_22C7,1.3.6.1.4.1.14519.5.2.1.152992029036613010740676062066624626963,1.3.6.1.4.1.14519.5.2.1.163314779069570050388187753612734791866,O-Ax T1 SE S,,HEAD,glioma,collection_level_icdc_glioma,data/processed/D3B_icdc_glioma_selected_slices/GLIOMA01-i_22C7/GLIOMA01-i_22C7__612734791866__central01_idx0007.png,data/raw/D3B_icdc_glioma/1.3.6.1.4.1.14519.5.2.1.163314779069570050388187753612734791866/1-08.dcm,1,7,18,3,pituitary,0.8610326647758484,0.12414851039648056,0.4605100492419205,0.7183769345283508,0.12414851039648056,-2.146056652069092,0.007078379858285189,-2.056637763977051,0.007740482222288847,2.6550307273864746,0.8610326647758484
D3B_icdc_glioma,GLIOMA01-i_22C7,1.3.6.1.4.1.14519.5.2.1.152992029036613010740676062066624626963,1.3.6.1.4.1.14519.5.2.1.163314779069570050388187753612734791866,O-Ax T1 SE S,,HEAD,glioma,collection_level_icdc_glioma,data/processed/D3B_icdc_glioma_selected_slices/GLIOMA01-i_22C7/GLIOMA01-i_22C7__612734791866__central02_idx0008.png,data/raw/D3B_icdc_glioma/1.3.6.1.4.1.14519.5.2.1.163314779069570050388187753612734791866/1-09.dcm,2,8,18,3,pituitary,0.9898057579994202,0.0060497126542031765,0.0664291901878707,-0.8295238614082336,0.0060497126542031765,-1.6195335388183594,0.0027456048410385847,-2.2938320636749268,0.0013989235740154982,4.267973899841309,0.9898057579994202
D3B_icdc_glioma,GLIOMA01-i_22C7,1.3.6.1.4.1.14519.5.2.1.152992029036613010740676062066624626963,1.3.6.1.4.1.14519.5.2.1.163314779069570050388187753612734791866,O-Ax T1 SE S,,HEAD,glioma,collection_level_icdc_glioma,data/processed/D3B_icdc_glioma_selected_slices/GLIOMA01-i_22C7/GLIOMA01-i_22C7__612734791866__central03_idx0009.png,data/raw/D3B_icdc_glioma/1.3.6.1.4.1.14519.5.2.1.163314779069570050388187753612734791866/1-10.dcm,3,9,18,3,pituitary,0.9907013177871704,0.006779097951948643,0.0598997895582799,-0.6577572822570801,0.006779097951948643,-2.191404342651367,0.0014625727199018002,-2.516113042831421,0.0010570563608780503,4.326811790466309,0.9907013177871704
D3B_icdc_glioma,GLIOMA01-i_22C7,1.3.6.1.4.1.14519.5.2.1.152992029036613010740676062066624626963,1.3.6.1.4.1.14519.5.2.1.163314779069570050388187753612734791866,O-Ax T1 SE S,,HEAD,glioma,collection_level_icdc_glioma,data/processed/D3B_icdc_glioma_selected_slices/GLIOMA01-i_22C7/GLIOMA01-i_22C7__612734791866__central04_idx0010.png,data/raw/D3B_icdc_glioma/1.3.6.1.4.1.14519.5.2.1.163314779069570050388187753612734791866/1-11.dcm,4,10,18,3,pituitary,0.9688916802406311,0.029235834255814552,0.1468592094524125,0.5187353491783142,0.029235834255814552,-2.6542553901672363,0.0012243430828675628,-3.290199041366577,0.000648210640065372,4.019493103027344,0.9688916802406311
D3B_icdc_glioma,GLIOMA01-i_22C7,1.3.6.1.4.1.14519.5.2.1.152992029036613010740676062066624626963,1.3.6.1.4.1.14519.5.2.1.163314779069570050388187753612734791866,O-Ax T1 SE S,,HEAD,glioma,collection_level_icdc_glioma,data/processed/D3B_icdc_glioma_selected_slices/GLIOMA01-i_22C7/GLIOMA01-i_22C7__612734791866__central05_idx0011.png,data/raw/D3B_icdc_glioma/1.3.6.1.4.1.14519.5.2.1.163314779069570050388187753612734791866/1-12.dcm,5,11,18,3,pituitary,0.9958418011665344,0.0013652617344632745,0.030950538761564877,-1.834136724472046,0.0013652617344632745,-1.333264708518982,0.0022529002744704485,-2.7617807388305664,0.0005399397923611104,4.758105278015137,0.9958418011665344
D3B_icdc_glioma,GLIOMA01-i_92AC,1.3.6.1.4.1.14519.5.2.1.262037287295999917811561153033002459939,1.3.6.1.4.1.14519.5.2.1.164492230787269288393783520058980668450,O-Sag T1 SE S,"Brain, Head Coil/",HEAD,glioma,collection_level_icdc_glioma,data/processed/D3B_icdc_glioma_selected_slices/GLIOMA01-i_92AC/GLIOMA01-i_92AC__058980668450__central01_idx0008.png,data/raw/D3B_icdc_glioma/1.3.6.1.4.1.14519.5.2.1.164492230787269288393783520058980668450/1-09.dcm,1,8,20,3,pituitary,0.9203697443008423,0.006848998833447695,0.3510947397452179,-2.317180871963501,0.006848998833447695,-0.5294867753982544,0.04092729091644287,-0.7801213264465332,0.03185398131608963,2.583491802215576,0.9203697443008423
D3B_icdc_glioma,GLIOMA01-i_92AC,1.3.6.1.4.1.14519.5.2.1.262037287295999917811561153033002459939,1.3.6.1.4.1.14519.5.2.1.164492230787269288393783520058980668450,O-Sag T1 SE S,"Brain, Head Coil/",HEAD,glioma,collection_level_icdc_glioma,data/processed/D3B_icdc_glioma_selected_slices/GLIOMA01-i_92AC/GLIOMA01-i_92AC__058980668450__central02_idx0009.png,data/raw/D3B_icdc_glioma/1.3.6.1.4.1.14519.5.2.1.164492230787269288393783520058980668450/1-10.dcm,2,9,20,3,pituitary,0.6832445859909058,0.0006246257107704878,0.7523261961967289,-4.5540385246276855,0.0006246257107704878,1.5310271978378296,0.27436596155166626,-0.3513813018798828,0.041764818131923676,2.4434173107147217,0.6832445859909058
D3B_icdc_glioma,GLIOMA01-i_92AC,1.3.6.1.4.1.14519.5.2.1.262037287295999917811561153033002459939,1.3.6.1.4.1.14519.5.2.1.164492230787269288393783520058980668450,O-Sag T1 SE S,"Brain, Head Coil/",HEAD,glioma,collection_level_icdc_glioma,data/processed/D3B_icdc_glioma_selected_slices/GLIOMA01-i_92AC/GLIOMA01-i_92AC__058980668450__central03_idx0010.png,data/raw/D3B_icdc_glioma/1.3.6.1.4.1.14519.5.2.1.164492230787269288393783520058980668450/1-11.dcm,3,10,20,3,pituitary,0.5442736148834229,0.04178071767091751,1.1070592973396156,-1.6485121250152588,0.04178071767091751,-0.2772621512413025,0.16462744772434235,0.13778270781040192,0.2493181824684143,0.9185048937797546,0.5442736148834229
D3B_icdc_glioma,GLIOMA01-i_92AC,1.3.6.1.4.1.14519.5.2.1.262037287295999917811561153033002459939,1.3.6.1.4.1.14519.5.2.1.164492230787269288393783520058980668450,O-Sag T1 SE S,"Brain, Head Coil/",HEAD,glioma,collection_level_icdc_glioma,data/processed/D3B_icdc_glioma_selected_slices/GLIOMA01-i_92AC/GLIOMA01-i_92AC__058980668450__central04_idx0011.png,data/raw/D3B_icdc_glioma/1.3.6.1.4.1.14519.5.2.1.164492230787269288393783520058980668450/1-12.dcm,4,11,20,0,glioma,0.8225580453872681,0.8225580453872681,0.6449609269444179,1.8644198179244995,0.8225580453872681,-1.6289623975753784,0.025004025548696518,-0.5839749574661255,0.07109551876783371,-0.4493311643600464,0.08134245127439499
D3B_icdc_glioma,GLIOMA01-i_92AC,1.3.6.1.4.1.14519.5.2.1.262037287295999917811561153033002459939,1.3.6.1.4.1.14519.5.2.1.164492230787269288393783520058980668450,O-Sag T1 SE S,"Brain, Head Coil/",HEAD,glioma,collection_level_icdc_glioma,data/processed/D3B_icdc_glioma_selected_slices/GLIOMA01-i_92AC/GLIOMA01-i_92AC__058980668450__central05_idx0012.png,data/raw/D3B_icdc_glioma/1.3.6.1.4.1.14519.5.2.1.164492230787269288393783520058980668450/1-13.dcm,5,12,20,0,glioma,0.952383279800415,0.952383279800415,0.23784421217230717,2.708256244659424,0.952383279800415,-1.4593061208724976,0.01475238986313343,-0.8953292369842529,0.025929519906640053,-2.2141668796539307,0.00693474430590868
D3B_icdc_glioma,GLIOMA01-i_6254,1.3.6.1.4.1.14519.5.2.1.166204587543697092243624330422808718866,1.3.6.1.4.1.14519.5.2.1.165326589964808104838461974404066766568,RAGE FS TRANS+C,MP RAGE FS +C,HEAD,glioma,collection_level_icdc_glioma,data/processed/D3B_icdc_glioma_selected_slices/GLIOMA01-i_6254/GLIOMA01-i_6254__404066766568__central01_idx0013.png,data/raw/D3B_icdc_glioma/1.3.6.1.4.1.14519.5.2.1.165326589964808104838461974404066766568/1-14.dcm,1,13,31,1,meningioma,0.34540000557899475,0.1990649551153183,1.3421873722403215,-0.20604638755321503,0.1990649551153183,0.3450256586074829,0.34540000557899475,-0.4221274256706238,0.16038066148757935,0.18782088160514832,0.2951543629169464
D3B_icdc_glioma,GLIOMA01-i_6254,1.3.6.1.4.1.14519.5.2.1.166204587543697092243624330422808718866,1.3.6.1.4.1.14519.5.2.1.165326589964808104838461974404066766568,RAGE FS TRANS+C,MP RAGE FS +C,HEAD,glioma,collection_level_icdc_glioma,data/processed/D3B_icdc_glioma_selected_slices/GLIOMA01-i_6254/GLIOMA01-i_6254__404066766568__central02_idx0014.png,data/raw/D3B_icdc_glioma/1.3.6.1.4.1.14519.5.2.1.165326589964808104838461974404066766568/1-15.dcm,2,14,31,3,pituitary,0.51353919506073,0.1111641451716423,1.0982661540808933,-0.511745274066925,0.1111641451716423,-1.345906138420105,0.04827176406979561,0.5672833323478699,0.3270249366760254,1.01857328414917,0.51353919506073
D3B_icdc_glioma,GLIOMA01-i_6254,1.3.6.1.4.1.14519.5.2.1.166204587543697092243624330422808718866,1.3.6.1.4.1.14519.5.2.1.165326589964808104838461974404066766568,RAGE FS TRANS+C,MP RAGE FS +C,HEAD,glioma,collection_level_icdc_glioma,data/processed/D3B_icdc_glioma_selected_slices/GLIOMA01-i_6254/GLIOMA01-i_6254__404066766568__central03_idx0015.png,data/raw/D3B_icdc_glioma/1.3.6.1.4.1.14519.5.2.1.165326589964808104838461974404066766568/1-16.dcm,3,15,31,3,pituitary,0.9633250832557678,0.010601038113236427,0.1973478382702323,-1.3295308351516724,0.010601038113236427,-1.1458724737167358,0.012738266959786415,-1.10004460811615,0.013335617259144783,3.179908037185669,0.9633250832557678
D3B_icdc_glioma,GLIOMA01-i_6254,1.3.6.1.4.1.14519.5.2.1.166204587543697092243624330422808718866,1.3.6.1.4.1.14519.5.2.1.165326589964808104838461974404066766568,RAGE FS TRANS+C,MP RAGE FS +C,HEAD,glioma,collection_level_icdc_glioma,data/processed/D3B_icdc_glioma_selected_slices/GLIOMA01-i_6254/GLIOMA01-i_6254__404066766568__central04_idx0016.png,data/raw/D3B_icdc_glioma/1.3.6.1.4.1.14519.5.2.1.165326589964808104838461974404066766568/1-17.dcm,4,16,31,3,pituitary,0.8993936777114868,0.07055291533470154,0.40779864224685664,0.1007300466299057,0.07055291533470154,-1.2397940158843994,0.01846429705619812,-1.7055696249008179,0.011589082889258862,2.646087884902954,0.8993936777114868
D3B_icdc_glioma,GLIOMA01-i_6254,1.3.6.1.4.1.14519.5.2.1.166204587543697092243624330422808718866,1.3.6.1.4.1.14519.5.2.1.165326589964808104838461974404066766568,RAGE FS TRANS+C,MP RAGE FS +C,HEAD,glioma,collection_level_icdc_glioma,data/processed/D3B_icdc_glioma_selected_slices/GLIOMA01-i_6254/GLIOMA01-i_6254__404066766568__central05_idx0017.png,data/raw/D3B_icdc_glioma/1.3.6.1.4.1.14519.5.2.1.165326589964808104838461974404066766568/1-18.dcm,5,17,31,3,pituitary,0.945807933807373,0.011894150637090206,0.2665140919582321,-1.435116171836853,0.011894150637090206,-0.5932430028915405,0.027602873742580414,-1.2236565351486206,0.01469498686492443,2.9408764839172363,0.945807933807373
D3B_icdc_glioma,GLIOMA01-i_D7EC,1.3.6.1.4.1.14519.5.2.1.75665287551607237045188839766385260390,1.3.6.1.4.1.14519.5.2.1.169646175066466320566338877863494884795,T1/T/SE  +C,T1/T/SE  +C,HEAD,glioma,collection_level_icdc_glioma,data/processed/D3B_icdc_glioma_selected_slices/GLIOMA01-i_D7EC/GLIOMA01-i_D7EC__863494884795__central01_idx0009.png,data/raw/D3B_icdc_glioma/1.3.6.1.4.1.14519.5.2.1.169646175066466320566338877863494884795/1-10.dcm,1,9,22,0,glioma,0.9993492960929871,0.9993492960929871,0.005704374841696637,6.466920375823975,0.9993492960929871,-4.682363986968994,1.4376218132383656e-05,-1.0003864765167236,0.0005710932891815901,-3.1699700355529785,6.523324555018917e-05
D3B_icdc_glioma,GLIOMA01-i_D7EC,1.3.6.1.4.1.14519.5.2.1.75665287551607237045188839766385260390,1.3.6.1.4.1.14519.5.2.1.169646175066466320566338877863494884795,T1/T/SE  +C,T1/T/SE  +C,HEAD,glioma,collection_level_icdc_glioma,data/processed/D3B_icdc_glioma_selected_slices/GLIOMA01-i_D7EC/GLIOMA01-i_D7EC__863494884795__central02_idx0010.png,data/raw/D3B_icdc_glioma/1.3.6.1.4.1.14519.5.2.1.169646175066466320566338877863494884795/1-11.dcm,2,10,22,0,glioma,0.9952132701873779,0.9952132701873779,0.03353122602453214,4.9444756507873535,0.9952132701873779,-4.0373711585998535,0.0001250689965672791,-0.7029305100440979,0.0035097715444862843,-1.8170802593231201,0.0011518868850544095
D3B_icdc_glioma,GLIOMA01-i_D7EC,1.3.6.1.4.1.14519.5.2.1.75665287551607237045188839766385260390,1.3.6.1.4.1.14519.5.2.1.169646175066466320566338877863494884795,T1/T/SE  +C,T1/T/SE  +C,HEAD,glioma,collection_level_icdc_glioma,data/processed/D3B_icdc_glioma_selected_slices/GLIOMA01-i_D7EC/GLIOMA01-i_D7EC__863494884795__central03_idx0011.png,data/raw/D3B_icdc_glioma/1.3.6.1.4.1.14519.5.2.1.169646175066466320566338877863494884795/1-12.dcm,3,11,22,0,glioma,0.9977818131446838,0.9977818131446838,0.017669425908299913,5.118422508239746,0.9977818131446838,-3.4103474617004395,0.0001972593745449558,-1.4380395412445068,0.0014177517732605338,-2.2924585342407227,0.0006032965611666441
D3B_icdc_glioma,GLIOMA01-i_D7EC,1.3.6.1.4.1.14519.5.2.1.75665287551607237045188839766385260390,1.3.6.1.4.1.14519.5.2.1.169646175066466320566338877863494884795,T1/T/SE  +C,T1/T/SE  +C,HEAD,glioma,collection_level_icdc_glioma,data/processed/D3B_icdc_glioma_selected_slices/GLIOMA01-i_D7EC/GLIOMA01-i_D7EC__863494884795__central04_idx0012.png,data/raw/D3B_icdc_glioma/1.3.6.1.4.1.14519.5.2.1.169646175066466320566338877863494884795/1-13.dcm,4,12,22,0,glioma,0.9741155505180359,0.9741155505180359,0.13695976430438886,3.5386404991149902,0.9741155505180359,-2.8564252853393555,0.0016265547601506114,-0.3311193287372589,0.020323343575000763,-1.9731016159057617,0.00393451564013958
D3B_icdc_glioma,GLIOMA01-i_D7EC,1.3.6.1.4.1.14519.5.2.1.75665287551607237045188839766385260390,1.3.6.1.4.1.14519.5.2.1.169646175066466320566338877863494884795,T1/T/SE  +C,T1/T/SE  +C,HEAD,glioma,collection_level_icdc_glioma,data/processed/D3B_icdc_glioma_selected_slices/GLIOMA01-i_D7EC/GLIOMA01-i_D7EC__863494884795__central05_idx0013.png,data/raw/D3B_icdc_glioma/1.3.6.1.4.1.14519.5.2.1.169646175066466320566338877863494884795/1-14.dcm,5,13,22,0,glioma,0.8780661225318909,0.8780661225318909,0.47335420952387586,2.3010313510894775,0.8780661225318909,-2.605480194091797,0.006496155634522438,-0.22309806942939758,0.07035771757364273,-0.6682506799697876,0.045080047100782394
D3B_icdc_glioma,GLIOMA01-i_1793,1.3.6.1.4.1.14519.5.2.1.35675667776358759975348824278158416904,1.3.6.1.4.1.14519.5.2.1.188079547706845086920052937856536171828,BRAIN/T1_TRANS,,HEAD,glioma,collection_level_icdc_glioma,data/processed/D3B_icdc_glioma_selected_slices/GLIOMA01-i_1793/GLIOMA01-i_1793__856536171828__central01_idx0008.png,data/raw/D3B_icdc_glioma/1.3.6.1.4.1.14519.5.2.1.188079547706845086920052937856536171828/1-09.dcm,1,8,21,1,meningioma,0.535760760307312,0.12222671508789062,1.0881445228695097,-0.37001222372055054,0.12222671508789062,1.1077979803085327,0.535760760307312,-1.4075368642807007,0.04330867528915405,0.5235628485679626,0.2987038493156433
D3B_icdc_glioma,GLIOMA01-i_1793,1.3.6.1.4.1.14519.5.2.1.35675667776358759975348824278158416904,1.3.6.1.4.1.14519.5.2.1.188079547706845086920052937856536171828,BRAIN/T1_TRANS,,HEAD,glioma,collection_level_icdc_glioma,data/processed/D3B_icdc_glioma_selected_slices/GLIOMA01-i_1793/GLIOMA01-i_1793__856536171828__central02_idx0009.png,data/raw/D3B_icdc_glioma/1.3.6.1.4.1.14519.5.2.1.188079547706845086920052937856536171828/1-10.dcm,2,9,21,1,meningioma,0.48659443855285645,0.24846148490905762,1.2288310246047378,0.033721331506967545,0.24846148490905762,0.705864429473877,0.48659443855285645,-0.4509398937225342,0.15302889049053192,-0.7638252973556519,0.11191517859697342
D3B_icdc_glioma,GLIOMA01-i_1793,1.3.6.1.4.1.14519.5.2.1.35675667776358759975348824278158416904,1.3.6.1.4.1.14519.5.2.1.188079547706845086920052937856536171828,BRAIN/T1_TRANS,,HEAD,glioma,collection_level_icdc_glioma,data/processed/D3B_icdc_glioma_selected_slices/GLIOMA01-i_1793/GLIOMA01-i_1793__856536171828__central03_idx0010.png,data/raw/D3B_icdc_glioma/1.3.6.1.4.1.14519.5.2.1.188079547706845086920052937856536171828/1-11.dcm,3,10,21,3,pituitary,0.4619908034801483,0.11168569326400757,1.2165940620099711,-0.8222742080688477,0.11168569326400757,0.19295702874660492,0.3082526922225952,-0.7666782140731812,0.1180708184838295,0.597582221031189,0.4619908034801483
D3B_icdc_glioma,GLIOMA01-i_1793,1.3.6.1.4.1.14519.5.2.1.35675667776358759975348824278158416904,1.3.6.1.4.1.14519.5.2.1.188079547706845086920052937856536171828,BRAIN/T1_TRANS,,HEAD,glioma,collection_level_icdc_glioma,data/processed/D3B_icdc_glioma_selected_slices/GLIOMA01-i_1793/GLIOMA01-i_1793__856536171828__central04_idx0011.png,data/raw/D3B_icdc_glioma/1.3.6.1.4.1.14519.5.2.1.188079547706845086920052937856536171828/1-12.dcm,4,11,21,3,pituitary,0.3154013156890869,0.3036462664604187,1.3395646817598565,0.12989364564418793,0.3036462664604187,-0.07027291506528854,0.24856314063072205,-0.700223445892334,0.13238923251628876,0.16787613928318024,0.3154013156890869
D3B_icdc_glioma,GLIOMA01-i_1793,1.3.6.1.4.1.14519.5.2.1.35675667776358759975348824278158416904,1.3.6.1.4.1.14519.5.2.1.188079547706845086920052937856536171828,BRAIN/T1_TRANS,,HEAD,glioma,collection_level_icdc_glioma,data/processed/D3B_icdc_glioma_selected_slices/GLIOMA01-i_1793/GLIOMA01-i_1793__856536171828__central05_idx0012.png,data/raw/D3B_icdc_glioma/1.3.6.1.4.1.14519.5.2.1.188079547706845086920052937856536171828/1-13.dcm,5,12,21,1,meningioma,0.9223613142967224,0.0588800385594368,0.32461702255780633,0.18282969295978546,0.0588800385594368,2.934264659881592,0.9223613142967224,-2.6990647315979004,0.0032989613246172667,-1.1544363498687744,0.015459687449038029
D3B_icdc_glioma,GLIOMA01-i_B3CE,1.3.6.1.4.1.14519.5.2.1.136928881907597419136287834125434521570,1.3.6.1.4.1.14519.5.2.1.193531197337568117661297527463528002512,RAGE TRANS +C,MP RAGE FS +C,HEAD,glioma,collection_level_icdc_glioma,data/processed/D3B_icdc_glioma_selected_slices/GLIOMA01-i_B3CE/GLIOMA01-i_B3CE__463528002512__central01_idx0018.png,data/raw/D3B_icdc_glioma/1.3.6.1.4.1.14519.5.2.1.193531197337568117661297527463528002512/1-19.dcm,1,18,40,3,pituitary,0.9646115303039551,0.01963597908616066,0.18258330265700812,-0.5424865484237671,0.01963597908616066,-0.8729503154754639,0.014110222458839417,-3.0237584114074707,0.0016422902699559927,3.3518753051757812,0.9646115303039551
D3B_icdc_glioma,GLIOMA01-i_B3CE,1.3.6.1.4.1.14519.5.2.1.136928881907597419136287834125434521570,1.3.6.1.4.1.14519.5.2.1.193531197337568117661297527463528002512,RAGE TRANS +C,MP RAGE FS +C,HEAD,glioma,collection_level_icdc_glioma,data/processed/D3B_icdc_glioma_selected_slices/GLIOMA01-i_B3CE/GLIOMA01-i_B3CE__463528002512__central02_idx0019.png,data/raw/D3B_icdc_glioma/1.3.6.1.4.1.14519.5.2.1.193531197337568117661297527463528002512/1-20.dcm,2,19,40,3,pituitary,0.4728851914405823,0.3159371614456177,1.1235927278201978,0.5587792992591858,0.3159371614456177,0.02933543175458908,0.1860656440258026,-1.9734193086624146,0.025111977010965347,0.9620885848999023,0.4728851914405823
D3B_icdc_glioma,GLIOMA01-i_B3CE,1.3.6.1.4.1.14519.5.2.1.136928881907597419136287834125434521570,1.3.6.1.4.1.14519.5.2.1.193531197337568117661297527463528002512,RAGE TRANS +C,MP RAGE FS +C,HEAD,glioma,collection_level_icdc_glioma,data/processed/D3B_icdc_glioma_selected_slices/GLIOMA01-i_B3CE/GLIOMA01-i_B3CE__463528002512__central03_idx0020.png,data/raw/D3B_icdc_glioma/1.3.6.1.4.1.14519.5.2.1.193531197337568117661297527463528002512/1-21.dcm,3,20,40,3,pituitary,0.7833176255226135,0.05515674874186516,0.6891381881298658,-0.6837115287780762,0.05515674874186516,0.3114372491836548,0.1492059826850891,-2.1826908588409424,0.012319701723754406,1.9696476459503174,0.7833176255226135
D3B_icdc_glioma,GLIOMA01-i_B3CE,1.3.6.1.4.1.14519.5.2.1.136928881907597419136287834125434521570,1.3.6.1.4.1.14519.5.2.1.193531197337568117661297527463528002512,RAGE TRANS +C,MP RAGE FS +C,HEAD,glioma,collection_level_icdc_glioma,data/processed/D3B_icdc_glioma_selected_slices/GLIOMA01-i_B3CE/GLIOMA01-i_B3CE__463528002512__central04_idx0021.png,data/raw/D3B_icdc_glioma/1.3.6.1.4.1.14519.5.2.1.193531197337568117661297527463528002512/1-22.dcm,4,21,40,0,glioma,0.5676959753036499,0.5676959753036499,0.9162686519218949,1.3447513580322266,0.5676959753036499,-1.4865713119506836,0.03345707803964615,-1.4910107851028442,0.03330887854099274,0.904535710811615,0.3655380308628082
D3B_icdc_glioma,GLIOMA01-i_B3CE,1.3.6.1.4.1.14519.5.2.1.136928881907597419136287834125434521570,1.3.6.1.4.1.14519.5.2.1.193531197337568117661297527463528002512,RAGE TRANS +C,MP RAGE FS +C,HEAD,glioma,collection_level_icdc_glioma,data/processed/D3B_icdc_glioma_selected_slices/GLIOMA01-i_B3CE/GLIOMA01-i_B3CE__463528002512__central05_idx0022.png,data/raw/D3B_icdc_glioma/1.3.6.1.4.1.14519.5.2.1.193531197337568117661297527463528002512/1-23.dcm,5,22,40,3,pituitary,0.7721293568611145,0.12525132298469543,0.7646229338735733,-0.049903951585292816,0.12525132298469543,-0.9622821807861328,0.05029693990945816,-0.9228031039237976,0.05232233181595802,1.7689257860183716,0.7721293568611145
D3B_icdc_glioma,GLIOMA01-i_49E6,1.3.6.1.4.1.14519.5.2.1.328143012338632883223057559395393058142,1.3.6.1.4.1.14519.5.2.1.197966799475580302365913177301841443187,MP RAGE TRANS FS + C,MP RAGE FS +C,HEAD,glioma,collection_level_icdc_glioma,data/processed/D3B_icdc_glioma_selected_slices/GLIOMA01-i_49E6/GLIOMA01-i_49E6__301841443187__central01_idx0021.png,data/raw/D3B_icdc_glioma/1.3.6.1.4.1.14519.5.2.1.197966799475580302365913177301841443187/1-22.dcm,1,21,47,0,glioma,0.5249746441841125,0.5249746441841125,1.055451159713904,1.198533058166504,0.5249746441841125,0.7766799330711365,0.34429430961608887,-1.2616945505142212,0.0448409840464592,-0.6117490530014038,0.08589004725217819
D3B_icdc_glioma,GLIOMA01-i_49E6,1.3.6.1.4.1.14519.5.2.1.328143012338632883223057559395393058142,1.3.6.1.4.1.14519.5.2.1.197966799475580302365913177301841443187,MP RAGE TRANS FS + C,MP RAGE FS +C,HEAD,glioma,collection_level_icdc_glioma,data/processed/D3B_icdc_glioma_selected_slices/GLIOMA01-i_49E6/GLIOMA01-i_49E6__301841443187__central02_idx0022.png,data/raw/D3B_icdc_glioma/1.3.6.1.4.1.14519.5.2.1.197966799475580302365913177301841443187/1-23.dcm,2,22,47,0,glioma,0.6549096703529358,0.6549096703529358,0.9298628338297665,1.4731496572494507,0.6549096703529358,-2.109260082244873,0.018212122842669487,-0.23414123058319092,0.11877207458019257,0.32670050859451294,0.208106130361557
D3B_icdc_glioma,GLIOMA01-i_49E6,1.3.6.1.4.1.14519.5.2.1.328143012338632883223057559395393058142,1.3.6.1.4.1.14519.5.2.1.197966799475580302365913177301841443187,MP RAGE TRANS FS + C,MP RAGE FS +C,HEAD,glioma,collection_level_icdc_glioma,data/processed/D3B_icdc_glioma_selected_slices/GLIOMA01-i_49E6/GLIOMA01-i_49E6__301841443187__central03_idx0023.png,data/raw/D3B_icdc_glioma/1.3.6.1.4.1.14519.5.2.1.197966799475580302365913177301841443187/1-24.dcm,3,23,47,0,glioma,0.5185446739196777,0.5185446739196777,1.066802334495931,1.1139057874679565,0.5185446739196777,-0.580703616142273,0.09524159878492355,-1.3761615753173828,0.042989619076251984,0.7012631893157959,0.34322410821914673
D3B_icdc_glioma,GLIOMA01-i_49E6,1.3.6.1.4.1.14519.5.2.1.328143012338632883223057559395393058142,1.3.6.1.4.1.14519.5.2.1.197966799475580302365913177301841443187,MP RAGE TRANS FS + C,MP RAGE FS +C,HEAD,glioma,collection_level_icdc_glioma,data/processed/D3B_icdc_glioma_selected_slices/GLIOMA01-i_49E6/GLIOMA01-i_49E6__301841443187__central04_idx0024.png,data/raw/D3B_icdc_glioma/1.3.6.1.4.1.14519.5.2.1.197966799475580302365913177301841443187/1-25.dcm,4,24,47,0,glioma,0.7783655524253845,0.7783655524253845,0.6964651359644745,1.8987528085708618,0.7783655524253845,-1.179953694343567,0.0358194038271904,-1.6253467798233032,0.022944923490285873,0.33450984954833984,0.1628701537847519
D3B_icdc_glioma,GLIOMA01-i_49E6,1.3.6.1.4.1.14519.5.2.1.328143012338632883223057559395393058142,1.3.6.1.4.1.14519.5.2.1.197966799475580302365913177301841443187,MP RAGE TRANS FS + C,MP RAGE FS +C,HEAD,glioma,collection_level_icdc_glioma,data/processed/D3B_icdc_glioma_selected_slices/GLIOMA01-i_49E6/GLIOMA01-i_49E6__301841443187__central05_idx0025.png,data/raw/D3B_icdc_glioma/1.3.6.1.4.1.14519.5.2.1.197966799475580302365913177301841443187/1-26.dcm,5,25,47,0,glioma,0.5064553618431091,0.5064553618431091,1.0847957435199471,0.9756537675857544,0.5064553618431091,-1.139947772026062,0.061058640480041504,-0.8704445362091064,0.0799449235200882,0.6133847236633301,0.35254108905792236
D3B_icdc_glioma,GLIOMA01-i_8BDE,1.3.6.1.4.1.14519.5.2.1.130279406635005519085179271256892778239,1.3.6.1.4.1.14519.5.2.1.210864304936929034141059700214106045446,T1/T/SE  +C,T1/T/SE  +C,HEAD,glioma,collection_level_icdc_glioma,data/processed/D3B_icdc_glioma_selected_slices/GLIOMA01-i_8BDE/GLIOMA01-i_8BDE__214106045446__central01_idx0006.png,data/raw/D3B_icdc_glioma/1.3.6.1.4.1.14519.5.2.1.210864304936929034141059700214106045446/1-07.dcm,1,6,16,2,notumor,0.8581085801124573,0.01752261258661747,0.5382409481716073,-1.4933476448059082,0.01752261258661747,-0.7106199264526367,0.03832950443029404,2.39789080619812,0.8581085801124573,0.09796362370252609,0.086039237678051
D3B_icdc_glioma,GLIOMA01-i_8BDE,1.3.6.1.4.1.14519.5.2.1.130279406635005519085179271256892778239,1.3.6.1.4.1.14519.5.2.1.210864304936929034141059700214106045446,T1/T/SE  +C,T1/T/SE  +C,HEAD,glioma,collection_level_icdc_glioma,data/processed/D3B_icdc_glioma_selected_slices/GLIOMA01-i_8BDE/GLIOMA01-i_8BDE__214106045446__central02_idx0007.png,data/raw/D3B_icdc_glioma/1.3.6.1.4.1.14519.5.2.1.210864304936929034141059700214106045446/1-08.dcm,2,7,16,2,notumor,0.8352654576301575,0.05535215511918068,0.6284007244870151,-0.6358829736709595,0.05535215511918068,-0.6641305685043335,0.05381045490503311,2.078151226043701,0.8352654576301575,-0.631919264793396,0.05557196959853172
D3B_icdc_glioma,GLIOMA01-i_8BDE,1.3.6.1.4.1.14519.5.2.1.130279406635005519085179271256892778239,1.3.6.1.4.1.14519.5.2.1.210864304936929034141059700214106045446,T1/T/SE  +C,T1/T/SE  +C,HEAD,glioma,collection_level_icdc_glioma,data/processed/D3B_icdc_glioma_selected_slices/GLIOMA01-i_8BDE/GLIOMA01-i_8BDE__214106045446__central03_idx0008.png,data/raw/D3B_icdc_glioma/1.3.6.1.4.1.14519.5.2.1.210864304936929034141059700214106045446/1-09.dcm,3,8,16,2,notumor,0.666707456111908,0.21086768805980682,0.8919680282831229,0.4431208372116089,0.21086768805980682,-0.19222664833068848,0.11170745640993118,1.5942412614822388,0.666707456111908,-2.5362372398376465,0.01071744691580534
D3B_icdc_glioma,GLIOMA01-i_8BDE,1.3.6.1.4.1.14519.5.2.1.130279406635005519085179271256892778239,1.3.6.1.4.1.14519.5.2.1.210864304936929034141059700214106045446,T1/T/SE  +C,T1/T/SE  +C,HEAD,glioma,collection_level_icdc_glioma,data/processed/D3B_icdc_glioma_selected_slices/GLIOMA01-i_8BDE/GLIOMA01-i_8BDE__214106045446__central04_idx0009.png,data/raw/D3B_icdc_glioma/1.3.6.1.4.1.14519.5.2.1.210864304936929034141059700214106045446/1-10.dcm,4,9,16,2,notumor,0.7770962119102478,0.027264272794127464,0.6886075914401941,-1.2769190073013306,0.027264272794127464,0.5556089878082275,0.17039255797863007,2.073068141937256,0.7770962119102478,-1.3537901639938354,0.025246961042284966
D3B_icdc_glioma,GLIOMA01-i_8BDE,1.3.6.1.4.1.14519.5.2.1.130279406635005519085179271256892778239,1.3.6.1.4.1.14519.5.2.1.210864304936929034141059700214106045446,T1/T/SE  +C,T1/T/SE  +C,HEAD,glioma,collection_level_icdc_glioma,data/processed/D3B_icdc_glioma_selected_slices/GLIOMA01-i_8BDE/GLIOMA01-i_8BDE__214106045446__central05_idx0010.png,data/raw/D3B_icdc_glioma/1.3.6.1.4.1.14519.5.2.1.210864304936929034141059700214106045446/1-11.dcm,5,10,16,2,notumor,0.6901973485946655,0.008719160221517086,0.6756812523775987,-1.8586839437484741,0.008719160221517086,1.6730201244354248,0.2980397343635559,2.512770891189575,0.6901973485946655,-2.9111106395721436,0.003043767297640443
D3B_icdc_glioma,GLIOMA01-i_FC65,1.3.6.1.4.1.14519.5.2.1.212867420508017263017494321035687962668,1.3.6.1.4.1.14519.5.2.1.211142962138955139180007466034760894778,BRAIN/T1_DORSAL+C,,HEAD,glioma,collection_level_icdc_glioma,data/processed/D3B_icdc_glioma_selected_slices/GLIOMA01-i_FC65/GLIOMA01-i_FC65__034760894778__central01_idx0007.png,data/raw/D3B_icdc_glioma/1.3.6.1.4.1.14519.5.2.1.211142962138955139180007466034760894778/1-08.dcm,1,7,19,2,notumor,0.8112376928329468,0.0023548637982457876,0.5224080638670371,-2.8401148319244385,0.0023548637982457876,-1.9647717475891113,0.005650964565575123,3.0019633769989014,0.8112376928329468,1.5005536079406738,0.1807565987110138
D3B_icdc_glioma,GLIOMA01-i_FC65,1.3.6.1.4.1.14519.5.2.1.212867420508017263017494321035687962668,1.3.6.1.4.1.14519.5.2.1.211142962138955139180007466034760894778,BRAIN/T1_DORSAL+C,,HEAD,glioma,collection_level_icdc_glioma,data/processed/D3B_icdc_glioma_selected_slices/GLIOMA01-i_FC65/GLIOMA01-i_FC65__034760894778__central02_idx0008.png,data/raw/D3B_icdc_glioma/1.3.6.1.4.1.14519.5.2.1.211142962138955139180007466034760894778/1-09.dcm,2,8,19,2,notumor,0.6496875882148743,0.006684456020593643,0.7380088505113781,-2.393803358078003,0.006684456020593643,-1.6826789379119873,0.01361142098903656,2.182903528213501,0.6496875882148743,1.5055546760559082,0.33001652359962463
D3B_icdc_glioma,GLIOMA01-i_FC65,1.3.6.1.4.1.14519.5.2.1.212867420508017263017494321035687962668,1.3.6.1.4.1.14519.5.2.1.211142962138955139180007466034760894778,BRAIN/T1_DORSAL+C,,HEAD,glioma,collection_level_icdc_glioma,data/processed/D3B_icdc_glioma_selected_slices/GLIOMA01-i_FC65/GLIOMA01-i_FC65__034760894778__central03_idx0009.png,data/raw/D3B_icdc_glioma/1.3.6.1.4.1.14519.5.2.1.211142962138955139180007466034760894778/1-10.dcm,3,9,19,2,notumor,0.7903013825416565,0.004865753464400768,0.5611014424007525,-2.427381753921509,0.004865753464400768,-2.3510890007019043,0.005251504480838776,2.662811040878296,0.7903013825416565,1.286618947982788,0.19958142936229706
D3B_icdc_glioma,GLIOMA01-i_FC65,1.3.6.1.4.1.14519.5.2.1.212867420508017263017494321035687962668,1.3.6.1.4.1.14519.5.2.1.211142962138955139180007466034760894778,BRAIN/T1_DORSAL+C,,HEAD,glioma,collection_level_icdc_glioma,data/processed/D3B_icdc_glioma_selected_slices/GLIOMA01-i_FC65/GLIOMA01-i_FC65__034760894778__central04_idx0010.png,data/raw/D3B_icdc_glioma/1.3.6.1.4.1.14519.5.2.1.211142962138955139180007466034760894778/1-11.dcm,4,10,19,3,pituitary,0.719214916229248,0.0013155166525393724,0.6103289221869944,-3.1743061542510986,0.0013155166525393724,-3.1877524852752686,0.001297946204431355,2.1797025203704834,0.2781715989112854,3.129624605178833,0.719214916229248
D3B_icdc_glioma,GLIOMA01-i_FC65,1.3.6.1.4.1.14519.5.2.1.212867420508017263017494321035687962668,1.3.6.1.4.1.14519.5.2.1.211142962138955139180007466034760894778,BRAIN/T1_DORSAL+C,,HEAD,glioma,collection_level_icdc_glioma,data/processed/D3B_icdc_glioma_selected_slices/GLIOMA01-i_FC65/GLIOMA01-i_FC65__034760894778__central05_idx0011.png,data/raw/D3B_icdc_glioma/1.3.6.1.4.1.14519.5.2.1.211142962138955139180007466034760894778/1-12.dcm,5,11,19,3,pituitary,0.7480126619338989,0.0001430822885595262,0.5948371620182413,-5.12600564956665,0.0001430822885595262,-1.3559237718582153,0.006207428406924009,2.322183847427368,0.24563688039779663,3.4357492923736572,0.7480126619338989
D3B_icdc_glioma,GLIOMA01-i_D756,1.3.6.1.4.1.14519.5.2.1.80295388185447070987300949703162596698,1.3.6.1.4.1.14519.5.2.1.2137734496733834555089982541298174374,Ax 3DT1 SPGR S,CED Post/,HEAD,glioma,collection_level_icdc_glioma,data/processed/D3B_icdc_glioma_selected_slices/GLIOMA01-i_D756/GLIOMA01-i_D756__541298174374__central01_idx0043.png,data/raw/D3B_icdc_glioma/1.3.6.1.4.1.14519.5.2.1.2137734496733834555089982541298174374/1-44.dcm,1,43,90,2,notumor,0.5560941696166992,0.012292054481804371,0.7832398250175721,-1.792702078819275,0.012292054481804371,-2.210886001586914,0.008091136813163757,2.019282579421997,0.5560941696166992,1.7469520568847656,0.4235226809978485
D3B_icdc_glioma,GLIOMA01-i_D756,1.3.6.1.4.1.14519.5.2.1.80295388185447070987300949703162596698,1.3.6.1.4.1.14519.5.2.1.2137734496733834555089982541298174374,Ax 3DT1 SPGR S,CED Post/,HEAD,glioma,collection_level_icdc_glioma,data/processed/D3B_icdc_glioma_selected_slices/GLIOMA01-i_D756/GLIOMA01-i_D756__541298174374__central02_idx0044.png,data/raw/D3B_icdc_glioma/1.3.6.1.4.1.14519.5.2.1.2137734496733834555089982541298174374/1-45.dcm,2,44,90,2,notumor,0.7215429544448853,0.0406181737780571,0.7439494776806095,-0.8427438139915466,0.0406181737780571,-2.4032206535339355,0.00853127520531416,2.0344324111938477,0.7215429544448853,0.8881047964096069,0.22930759191513062
D3B_icdc_glioma,GLIOMA01-i_D756,1.3.6.1.4.1.14519.5.2.1.80295388185447070987300949703162596698,1.3.6.1.4.1.14519.5.2.1.2137734496733834555089982541298174374,Ax 3DT1 SPGR S,CED Post/,HEAD,glioma,collection_level_icdc_glioma,data/processed/D3B_icdc_glioma_selected_slices/GLIOMA01-i_D756/GLIOMA01-i_D756__541298174374__central03_idx0045.png,data/raw/D3B_icdc_glioma/1.3.6.1.4.1.14519.5.2.1.2137734496733834555089982541298174374/1-46.dcm,3,45,90,2,notumor,0.9121969938278198,0.0014313256833702326,0.31358161541594953,-2.8197824954986572,0.0014313256833702326,-2.5767698287963867,0.0018250619759783149,3.63747239112854,0.9121969938278198,1.2589187622070312,0.0845465436577797
D3B_icdc_glioma,GLIOMA01-i_D756,1.3.6.1.4.1.14519.5.2.1.80295388185447070987300949703162596698,1.3.6.1.4.1.14519.5.2.1.2137734496733834555089982541298174374,Ax 3DT1 SPGR S,CED Post/,HEAD,glioma,collection_level_icdc_glioma,data/processed/D3B_icdc_glioma_selected_slices/GLIOMA01-i_D756/GLIOMA01-i_D756__541298174374__central04_idx0046.png,data/raw/D3B_icdc_glioma/1.3.6.1.4.1.14519.5.2.1.2137734496733834555089982541298174374/1-47.dcm,4,46,90,2,notumor,0.8976654410362244,0.0040025427006185055,0.3605616264108426,-2.1582231521606445,0.0040025427006185055,-2.440829277038574,0.0030171831604093313,3.2546441555023193,0.8976654410362244,1.0120327472686768,0.0953148901462555
D3B_icdc_glioma,GLIOMA01-i_D756,1.3.6.1.4.1.14519.5.2.1.80295388185447070987300949703162596698,1.3.6.1.4.1.14519.5.2.1.2137734496733834555089982541298174374,Ax 3DT1 SPGR S,CED Post/,HEAD,glioma,collection_level_icdc_glioma,data/processed/D3B_icdc_glioma_selected_slices/GLIOMA01-i_D756/GLIOMA01-i_D756__541298174374__central05_idx0047.png,data/raw/D3B_icdc_glioma/1.3.6.1.4.1.14519.5.2.1.2137734496733834555089982541298174374/1-48.dcm,5,47,90,2,notumor,0.6932771801948547,0.05025864019989967,0.8319121456294518,-0.9230004549026489,0.05025864019989967,-1.681261658668518,0.02354518510401249,1.7012468576431274,0.6932771801948547,0.610507607460022,0.23291897773742676
D3B_icdc_glioma,GLIOMA01-i_2EC9,1.3.6.1.4.1.14519.5.2.1.51358827044288932449059921854176618970,1.3.6.1.4.1.14519.5.2.1.214049945825638329059258097737917749583,AX FSE T1,BRAIN CARDIAC COIL/4,HEAD,glioma,collection_level_icdc_glioma,data/processed/D3B_icdc_glioma_selected_slices/GLIOMA01-i_2EC9/GLIOMA01-i_2EC9__737917749583__central01_idx0012.png,data/raw/D3B_icdc_glioma/1.3.6.1.4.1.14519.5.2.1.214049945825638329059258097737917749583/1-13.dcm,1,12,29,2,notumor,0.7002222537994385,0.07871121168136597,0.8651445250179627,-0.4990222454071045,0.07871121168136597,0.4038394093513489,0.19415311515331268,1.6865899562835693,0.7002222537994385,-1.5721814632415771,0.02691345475614071
D3B_icdc_glioma,GLIOMA01-i_2EC9,1.3.6.1.4.1.14519.5.2.1.51358827044288932449059921854176618970,1.3.6.1.4.1.14519.5.2.1.214049945825638329059258097737917749583,AX FSE T1,BRAIN CARDIAC COIL/4,HEAD,glioma,collection_level_icdc_glioma,data/processed/D3B_icdc_glioma_selected_slices/GLIOMA01-i_2EC9/GLIOMA01-i_2EC9__737917749583__central02_idx0013.png,data/raw/D3B_icdc_glioma/1.3.6.1.4.1.14519.5.2.1.214049945825638329059258097737917749583/1-14.dcm,2,13,29,2,notumor,0.6849070191383362,0.044573038816452026,0.835723049965138,-0.9986658096313477,0.044573038816452026,0.7060968279838562,0.24515528976917267,1.7334879636764526,0.6849070191383362,-1.5624382495880127,0.02536466345191002
D3B_icdc_glioma,GLIOMA01-i_2EC9,1.3.6.1.4.1.14519.5.2.1.51358827044288932449059921854176618970,1.3.6.1.4.1.14519.5.2.1.214049945825638329059258097737917749583,AX FSE T1,BRAIN CARDIAC COIL/4,HEAD,glioma,collection_level_icdc_glioma,data/processed/D3B_icdc_glioma_selected_slices/GLIOMA01-i_2EC9/GLIOMA01-i_2EC9__737917749583__central03_idx0014.png,data/raw/D3B_icdc_glioma/1.3.6.1.4.1.14519.5.2.1.214049945825638329059258097737917749583/1-15.dcm,3,14,29,2,notumor,0.7977831363677979,0.0219595804810524,0.6972956929500775,-1.5801562070846558,0.0219595804810524,-0.090718574821949,0.09738198667764664,2.012476921081543,0.7977831363677979,-0.25202253460884094,0.0828753262758255
D3B_icdc_glioma,GLIOMA01-i_2EC9,1.3.6.1.4.1.14519.5.2.1.51358827044288932449059921854176618970,1.3.6.1.4.1.14519.5.2.1.214049945825638329059258097737917749583,AX FSE T1,BRAIN CARDIAC COIL/4,HEAD,glioma,collection_level_icdc_glioma,data/processed/D3B_icdc_glioma_selected_slices/GLIOMA01-i_2EC9/GLIOMA01-i_2EC9__737917749583__central04_idx0015.png,data/raw/D3B_icdc_glioma/1.3.6.1.4.1.14519.5.2.1.214049945825638329059258097737917749583/1-16.dcm,4,15,29,2,notumor,0.7247480750083923,0.08034832030534744,0.8456259433963168,-0.5125487446784973,0.08034832030534744,0.17871245741844177,0.1603938788175583,1.6869040727615356,0.7247480750083923,-1.3576786518096924,0.03450972959399223
D3B_icdc_glioma,GLIOMA01-i_2EC9,1.3.6.1.4.1.14519.5.2.1.51358827044288932449059921854176618970,1.3.6.1.4.1.14519.5.2.1.214049945825638329059258097737917749583,AX FSE T1,BRAIN CARDIAC COIL/4,HEAD,glioma,collection_level_icdc_glioma,data/processed/D3B_icdc_glioma_selected_slices/GLIOMA01-i_2EC9/GLIOMA01-i_2EC9__737917749583__central05_idx0016.png,data/raw/D3B_icdc_glioma/1.3.6.1.4.1.14519.5.2.1.214049945825638329059258097737917749583/1-17.dcm,5,16,29,2,notumor,0.8023768067359924,0.08200127631425858,0.6894912863602587,-0.21047677099704742,0.08200127631425858,-0.09345600754022598,0.09218114614486694,2.070366621017456,0.8023768067359924,-1.4627351760864258,0.023440763354301453
D3B_icdc_glioma,GLIOMA01-i_B70F,1.3.6.1.4.1.14519.5.2.1.135473408767376676403387371231283047350,1.3.6.1.4.1.14519.5.2.1.223936393249969570249961621891124711799,BRAIN/T1_TRANS,,HEAD,glioma,collection_level_icdc_glioma,data/processed/D3B_icdc_glioma_selected_slices/GLIOMA01-i_B70F/GLIOMA01-i_B70F__891124711799__central01_idx0009.png,data/raw/D3B_icdc_glioma/1.3.6.1.4.1.14519.5.2.1.223936393249969570249961621891124711799/1-10.dcm,1,9,23,0,glioma,0.5105220675468445,0.5105220675468445,1.0800548050245655,0.9761377573013306,0.5105220675468445,-0.332703173160553,0.13790883123874664,-1.9507745504379272,0.02734466642141342,0.5221399664878845,0.32422444224357605
D3B_icdc_glioma,GLIOMA01-i_B70F,1.3.6.1.4.1.14519.5.2.1.135473408767376676403387371231283047350,1.3.6.1.4.1.14519.5.2.1.223936393249969570249961621891124711799,BRAIN/T1_TRANS,,HEAD,glioma,collection_level_icdc_glioma,data/processed/D3B_icdc_glioma_selected_slices/GLIOMA01-i_B70F/GLIOMA01-i_B70F__891124711799__central02_idx0010.png,data/raw/D3B_icdc_glioma/1.3.6.1.4.1.14519.5.2.1.223936393249969570249961621891124711799/1-11.dcm,2,10,23,0,glioma,0.7001368403434753,0.7001368403434753,0.8318597736712652,1.6114776134490967,0.7001368403434753,-1.1399832963943481,0.04469290003180504,-1.498114824295044,0.031239498406648636,0.47153887152671814,0.22393080592155457
D3B_icdc_glioma,GLIOMA01-i_B70F,1.3.6.1.4.1.14519.5.2.1.135473408767376676403387371231283047350,1.3.6.1.4.1.14519.5.2.1.223936393249969570249961621891124711799,BRAIN/T1_TRANS,,HEAD,glioma,collection_level_icdc_glioma,data/processed/D3B_icdc_glioma_selected_slices/GLIOMA01-i_B70F/GLIOMA01-i_B70F__891124711799__central03_idx0011.png,data/raw/D3B_icdc_glioma/1.3.6.1.4.1.14519.5.2.1.223936393249969570249961621891124711799/1-12.dcm,3,11,23,3,pituitary,0.47844457626342773,0.41806623339653015,1.0033152424880327,0.9695281982421875,0.41806623339653015,-0.6451948881149292,0.0831725001335144,-2.054668664932251,0.020316695794463158,1.104428768157959,0.47844457626342773
D3B_icdc_glioma,GLIOMA01-i_B70F,1.3.6.1.4.1.14519.5.2.1.135473408767376676403387371231283047350,1.3.6.1.4.1.14519.5.2.1.223936393249969570249961621891124711799,BRAIN/T1_TRANS,,HEAD,glioma,collection_level_icdc_glioma,data/processed/D3B_icdc_glioma_selected_slices/GLIOMA01-i_B70F/GLIOMA01-i_B70F__891124711799__central04_idx0012.png,data/raw/D3B_icdc_glioma/1.3.6.1.4.1.14519.5.2.1.223936393249969570249961621891124711799/1-13.dcm,4,12,23,0,glioma,0.8006256222724915,0.8006256222724915,0.7115723073543749,1.7537323236465454,0.8006256222724915,-0.5772579312324524,0.07782036066055298,-1.181935429573059,0.042509421706199646,-0.5616484880447388,0.0790446326136589
D3B_icdc_glioma,GLIOMA01-i_B70F,1.3.6.1.4.1.14519.5.2.1.135473408767376676403387371231283047350,1.3.6.1.4.1.14519.5.2.1.223936393249969570249961621891124711799,BRAIN/T1_TRANS,,HEAD,glioma,collection_level_icdc_glioma,data/processed/D3B_icdc_glioma_selected_slices/GLIOMA01-i_B70F/GLIOMA01-i_B70F__891124711799__central05_idx0013.png,data/raw/D3B_icdc_glioma/1.3.6.1.4.1.14519.5.2.1.223936393249969570249961621891124711799/1-14.dcm,5,13,23,0,glioma,0.9985515475273132,0.9985515475273132,0.012461231855117483,5.3470892906188965,0.9985515475273132,-2.504574775695801,0.0003885403275489807,-1.9745811223983765,0.0006600994383916259,-2.475883960723877,0.00039984931936487556
D3B_icdc_glioma,GLIOMA01-i_6638,1.3.6.1.4.1.14519.5.2.1.146926127960808346044494435717632958434,1.3.6.1.4.1.14519.5.2.1.230636614906262606293287971990035735457,MP RAGE TRANS + C,MP RAGE FS +C,HEAD,glioma,collection_level_icdc_glioma,data/processed/D3B_icdc_glioma_selected_slices/GLIOMA01-i_6638/GLIOMA01-i_6638__990035735457__central01_idx0019.png,data/raw/D3B_icdc_glioma/1.3.6.1.4.1.14519.5.2.1.230636614906262606293287971990035735457/1-20.dcm,1,19,42,0,glioma,0.8743122220039368,0.8743122220039368,0.4159448531298663,2.8977739810943604,0.8743122220039368,-2.6447479724884033,0.003424363676458597,-2.189391613006592,0.005399313289672136,0.8853480815887451,0.11686407774686813
D3B_icdc_glioma,GLIOMA01-i_6638,1.3.6.1.4.1.14519.5.2.1.146926127960808346044494435717632958434,1.3.6.1.4.1.14519.5.2.1.230636614906262606293287971990035735457,MP RAGE TRANS + C,MP RAGE FS +C,HEAD,glioma,collection_level_icdc_glioma,data/processed/D3B_icdc_glioma_selected_slices/GLIOMA01-i_6638/GLIOMA01-i_6638__990035735457__central02_idx0020.png,data/raw/D3B_icdc_glioma/1.3.6.1.4.1.14519.5.2.1.230636614906262606293287971990035735457/1-21.dcm,2,20,42,0,glioma,0.6187570691108704,0.6187570691108704,0.7264850310004135,2.173637628555298,0.6187570691108704,-2.7710187435150146,0.004406392574310303,-2.2060811519622803,0.007752333767712116,1.656949758529663,0.3690842092037201
D3B_icdc_glioma,GLIOMA01-i_6638,1.3.6.1.4.1.14519.5.2.1.146926127960808346044494435717632958434,1.3.6.1.4.1.14519.5.2.1.230636614906262606293287971990035735457,MP RAGE TRANS + C,MP RAGE FS +C,HEAD,glioma,collection_level_icdc_glioma,data/processed/D3B_icdc_glioma_selected_slices/GLIOMA01-i_6638/GLIOMA01-i_6638__990035735457__central03_idx0021.png,data/raw/D3B_icdc_glioma/1.3.6.1.4.1.14519.5.2.1.230636614906262606293287971990035735457/1-22.dcm,3,21,42,3,pituitary,0.6561431288719177,0.3301055431365967,0.7107474128323767,1.5637520551681519,0.3301055431365967,-2.202810287475586,0.00763581832870841,-2.424835681915283,0.006115488708019257,2.250718593597412,0.6561431288719177
D3B_icdc_glioma,GLIOMA01-i_6638,1.3.6.1.4.1.14519.5.2.1.146926127960808346044494435717632958434,1.3.6.1.4.1.14519.5.2.1.230636614906262606293287971990035735457,MP RAGE TRANS + C,MP RAGE FS +C,HEAD,glioma,collection_level_icdc_glioma,data/processed/D3B_icdc_glioma_selected_slices/GLIOMA01-i_6638/GLIOMA01-i_6638__990035735457__central04_idx0022.png,data/raw/D3B_icdc_glioma/1.3.6.1.4.1.14519.5.2.1.230636614906262606293287971990035735457/1-23.dcm,4,22,42,3,pituitary,0.5784434080123901,0.39388608932495117,0.8017524411517256,1.3826624155044556,0.39388608932495117,-2.1312780380249023,0.011729666963219643,-1.82451331615448,0.015940869227051735,1.7669413089752197,0.5784434080123901
D3B_icdc_glioma,GLIOMA01-i_6638,1.3.6.1.4.1.14519.5.2.1.146926127960808346044494435717632958434,1.3.6.1.4.1.14519.5.2.1.230636614906262606293287971990035735457,MP RAGE TRANS + C,MP RAGE FS +C,HEAD,glioma,collection_level_icdc_glioma,data/processed/D3B_icdc_glioma_selected_slices/GLIOMA01-i_6638/GLIOMA01-i_6638__990035735457__central05_idx0023.png,data/raw/D3B_icdc_glioma/1.3.6.1.4.1.14519.5.2.1.230636614906262606293287971990035735457/1-24.dcm,5,23,42,3,pituitary,0.7394972443580627,0.2484360933303833,0.6307994853950522,1.3327103853225708,0.2484360933303833,-2.391328811645508,0.005996323190629482,-2.379059314727783,0.006070347502827644,2.423495292663574,0.7394972443580627
D3B_icdc_glioma,GLIOMA01-i_5E9A,1.3.6.1.4.1.14519.5.2.1.79654016710037857091733224322009905579,1.3.6.1.4.1.14519.5.2.1.235513932315351294077537876410998274168,BRAIN/T1_TRANS,,HEAD,glioma,collection_level_icdc_glioma,data/processed/D3B_icdc_glioma_selected_slices/GLIOMA01-i_5E9A/GLIOMA01-i_5E9A__410998274168__central01_idx0010.png,data/raw/D3B_icdc_glioma/1.3.6.1.4.1.14519.5.2.1.235513932315351294077537876410998274168/1-11.dcm,1,10,25,3,pituitary,0.9751283526420593,0.001342572970315814,0.1284171936670914,-2.675868511199951,0.001342572970315814,-2.2955708503723145,0.001963808434084058,0.10062387585639954,0.021565189585089684,3.9121124744415283,0.9751283526420593
D3B_icdc_glioma,GLIOMA01-i_5E9A,1.3.6.1.4.1.14519.5.2.1.79654016710037857091733224322009905579,1.3.6.1.4.1.14519.5.2.1.235513932315351294077537876410998274168,BRAIN/T1_TRANS,,HEAD,glioma,collection_level_icdc_glioma,data/processed/D3B_icdc_glioma_selected_slices/GLIOMA01-i_5E9A/GLIOMA01-i_5E9A__410998274168__central02_idx0011.png,data/raw/D3B_icdc_glioma/1.3.6.1.4.1.14519.5.2.1.235513932315351294077537876410998274168/1-12.dcm,2,11,25,3,pituitary,0.99224853515625,0.0014931332552805543,0.052518804285104845,-2.165041208267212,0.0014931332552805543,-2.2284467220306396,0.0014013985637575388,-0.9855267405509949,0.004856855142861605,4.3340559005737305,0.99224853515625
D3B_icdc_glioma,GLIOMA01-i_5E9A,1.3.6.1.4.1.14519.5.2.1.79654016710037857091733224322009905579,1.3.6.1.4.1.14519.5.2.1.235513932315351294077537876410998274168,BRAIN/T1_TRANS,,HEAD,glioma,collection_level_icdc_glioma,data/processed/D3B_icdc_glioma_selected_slices/GLIOMA01-i_5E9A/GLIOMA01-i_5E9A__410998274168__central03_idx0012.png,data/raw/D3B_icdc_glioma/1.3.6.1.4.1.14519.5.2.1.235513932315351294077537876410998274168/1-13.dcm,3,12,25,3,pituitary,0.9299114942550659,0.06359424442052841,0.279967349980666,0.5467603206634521,0.06359424442052841,-2.5360069274902344,0.0029146678280085325,-2.3305318355560303,0.003579528536647558,3.2293267250061035,0.9299114942550659
D3B_icdc_glioma,GLIOMA01-i_5E9A,1.3.6.1.4.1.14519.5.2.1.79654016710037857091733224322009905579,1.3.6.1.4.1.14519.5.2.1.235513932315351294077537876410998274168,BRAIN/T1_TRANS,,HEAD,glioma,collection_level_icdc_glioma,data/processed/D3B_icdc_glioma_selected_slices/GLIOMA01-i_5E9A/GLIOMA01-i_5E9A__410998274168__central04_idx0013.png,data/raw/D3B_icdc_glioma/1.3.6.1.4.1.14519.5.2.1.235513932315351294077537876410998274168/1-14.dcm,4,13,25,3,pituitary,0.9517483115196228,0.04400809109210968,0.21053205729393715,0.34246760606765747,0.04400809109210968,-2.948672294616699,0.0016376030398532748,-2.484118700027466,0.002605923218652606,3.4163947105407715,0.9517483115196228
D3B_icdc_glioma,GLIOMA01-i_5E9A,1.3.6.1.4.1.14519.5.2.1.79654016710037857091733224322009905579,1.3.6.1.4.1.14519.5.2.1.235513932315351294077537876410998274168,BRAIN/T1_TRANS,,HEAD,glioma,collection_level_icdc_glioma,data/processed/D3B_icdc_glioma_selected_slices/GLIOMA01-i_5E9A/GLIOMA01-i_5E9A__410998274168__central05_idx0014.png,data/raw/D3B_icdc_glioma/1.3.6.1.4.1.14519.5.2.1.235513932315351294077537876410998274168/1-15.dcm,5,14,25,3,pituitary,0.7952208518981934,0.18666785955429077,0.5739115854485969,1.0875686407089233,0.18666785955429077,-3.584721326828003,0.0017454995540902019,-1.3465698957443237,0.01636577397584915,2.5368576049804688,0.7952208518981934
D3B_icdc_glioma,GLIOMA01-i_BD58,1.3.6.1.4.1.14519.5.2.1.286629041372342735261556993637546599739,1.3.6.1.4.1.14519.5.2.1.23630376391353921122928249927997167196,T1+C Axial,LG. CANINE BRAIN/,HEAD,glioma,collection_level_icdc_glioma,data/processed/D3B_icdc_glioma_selected_slices/GLIOMA01-i_BD58/GLIOMA01-i_BD58__927997167196__central01_idx0005.png,data/raw/D3B_icdc_glioma/1.3.6.1.4.1.14519.5.2.1.23630376391353921122928249927997167196/1-06.dcm,1,5,15,0,glioma,0.8626956939697266,0.8626956939697266,0.5451961665049196,2.0384232997894287,0.8626956939697266,-1.3460596799850464,0.02924121357500553,-0.6139437556266785,0.06080638989806175,-0.8660433888435364,0.047256745398044586
D3B_icdc_glioma,GLIOMA01-i_BD58,1.3.6.1.4.1.14519.5.2.1.286629041372342735261556993637546599739,1.3.6.1.4.1.14519.5.2.1.23630376391353921122928249927997167196,T1+C Axial,LG. CANINE BRAIN/,HEAD,glioma,collection_level_icdc_glioma,data/processed/D3B_icdc_glioma_selected_slices/GLIOMA01-i_BD58/GLIOMA01-i_BD58__927997167196__central02_idx0006.png,data/raw/D3B_icdc_glioma/1.3.6.1.4.1.14519.5.2.1.23630376391353921122928249927997167196/1-07.dcm,2,6,15,0,glioma,0.814253568649292,0.814253568649292,0.6675491962862545,1.902919888496399,0.814253568649292,-1.4605778455734253,0.02818455547094345,-0.5341492295265198,0.0711793377995491,-0.34056591987609863,0.08638256788253784
D3B_icdc_glioma,GLIOMA01-i_BD58,1.3.6.1.4.1.14519.5.2.1.286629041372342735261556993637546599739,1.3.6.1.4.1.14519.5.2.1.23630376391353921122928249927997167196,T1+C Axial,LG. CANINE BRAIN/,HEAD,glioma,collection_level_icdc_glioma,data/processed/D3B_icdc_glioma_selected_slices/GLIOMA01-i_BD58/GLIOMA01-i_BD58__927997167196__central03_idx0007.png,data/raw/D3B_icdc_glioma/1.3.6.1.4.1.14519.5.2.1.23630376391353921122928249927997167196/1-08.dcm,3,7,15,0,glioma,0.5068749785423279,0.5068749785423279,1.1049012709283517,1.0613231658935547,0.5068749785423279,-2.00319504737854,0.02365906350314617,0.4651806354522705,0.2792540490627289,0.08119738101959229,0.19021189212799072
D3B_icdc_glioma,GLIOMA01-i_BD58,1.3.6.1.4.1.14519.5.2.1.286629041372342735261556993637546599739,1.3.6.1.4.1.14519.5.2.1.23630376391353921122928249927997167196,T1+C Axial,LG. CANINE BRAIN/,HEAD,glioma,collection_level_icdc_glioma,data/processed/D3B_icdc_glioma_selected_slices/GLIOMA01-i_BD58/GLIOMA01-i_BD58__927997167196__central04_idx0008.png,data/raw/D3B_icdc_glioma/1.3.6.1.4.1.14519.5.2.1.23630376391353921122928249927997167196/1-09.dcm,4,8,15,2,notumor,0.38683217763900757,0.2058599442243576,1.2808042623165634,-0.07311709225177765,0.2058599442243576,-0.8379472494125366,0.09580987691879272,0.5576778054237366,0.38683217763900757,0.34107986092567444,0.3114980161190033
D3B_icdc_glioma,GLIOMA01-i_BD58,1.3.6.1.4.1.14519.5.2.1.286629041372342735261556993637546599739,1.3.6.1.4.1.14519.5.2.1.23630376391353921122928249927997167196,T1+C Axial,LG. CANINE BRAIN/,HEAD,glioma,collection_level_icdc_glioma,data/processed/D3B_icdc_glioma_selected_slices/GLIOMA01-i_BD58/GLIOMA01-i_BD58__927997167196__central05_idx0009.png,data/raw/D3B_icdc_glioma/1.3.6.1.4.1.14519.5.2.1.23630376391353921122928249927997167196/1-10.dcm,5,9,15,0,glioma,0.7085910439491272,0.7085910439491272,0.8363626347254398,1.6877034902572632,0.7085910439491272,-1.9648722410202026,0.018369704484939575,0.391603946685791,0.19386829435825348,-0.5039653182029724,0.07917097955942154
D3B_icdc_glioma,GLIOMA01-i_E271,1.3.6.1.4.1.14519.5.2.1.61836843430643358219125670239042490797,1.3.6.1.4.1.14519.5.2.1.238285012137156161013026717114199153605,AX FSE T1,BRAIN CARDIAC COIL/4,HEAD,glioma,collection_level_icdc_glioma,data/processed/D3B_icdc_glioma_selected_slices/GLIOMA01-i_E271/GLIOMA01-i_E271__114199153605__central01_idx0010.png,data/raw/D3B_icdc_glioma/1.3.6.1.4.1.14519.5.2.1.238285012137156161013026717114199153605/1-11.dcm,1,10,25,0,glioma,0.9143279790878296,0.9143279790878296,0.3501206645623054,2.7917673587799072,0.9143279790878296,0.16201594471931458,0.06591973453760147,-1.3532673120498657,0.01448559109121561,-2.3650317192077637,0.0052666268311440945
D3B_icdc_glioma,GLIOMA01-i_E271,1.3.6.1.4.1.14519.5.2.1.61836843430643358219125670239042490797,1.3.6.1.4.1.14519.5.2.1.238285012137156161013026717114199153605,AX FSE T1,BRAIN CARDIAC COIL/4,HEAD,glioma,collection_level_icdc_glioma,data/processed/D3B_icdc_glioma_selected_slices/GLIOMA01-i_E271/GLIOMA01-i_E271__114199153605__central02_idx0011.png,data/raw/D3B_icdc_glioma/1.3.6.1.4.1.14519.5.2.1.238285012137156161013026717114199153605/1-12.dcm,2,11,25,0,glioma,0.9876015782356262,0.9876015782356262,0.07969161311975531,3.9436159133911133,0.9876015782356262,-1.1761033535003662,0.005903585813939571,-1.584044098854065,0.003925993572920561,-2.008197546005249,0.0025688689202070236
D3B_icdc_glioma,GLIOMA01-i_E271,1.3.6.1.4.1.14519.5.2.1.61836843430643358219125670239042490797,1.3.6.1.4.1.14519.5.2.1.238285012137156161013026717114199153605,AX FSE T1,BRAIN CARDIAC COIL/4,HEAD,glioma,collection_level_icdc_glioma,data/processed/D3B_icdc_glioma_selected_slices/GLIOMA01-i_E271/GLIOMA01-i_E271__114199153605__central03_idx0012.png,data/raw/D3B_icdc_glioma/1.3.6.1.4.1.14519.5.2.1.238285012137156161013026717114199153605/1-13.dcm,3,12,25,0,glioma,0.9400537014007568,0.9400537014007568,0.2512196183187732,3.417307138442993,0.9400537014007568,0.5463246703147888,0.05324770137667656,-1.7578314542770386,0.005316411145031452,-3.1049671173095703,0.0013821815373376012
D3B_icdc_glioma,GLIOMA01-i_E271,1.3.6.1.4.1.14519.5.2.1.61836843430643358219125670239042490797,1.3.6.1.4.1.14519.5.2.1.238285012137156161013026717114199153605,AX FSE T1,BRAIN CARDIAC COIL/4,HEAD,glioma,collection_level_icdc_glioma,data/processed/D3B_icdc_glioma_selected_slices/GLIOMA01-i_E271/GLIOMA01-i_E271__114199153605__central04_idx0013.png,data/raw/D3B_icdc_glioma/1.3.6.1.4.1.14519.5.2.1.238285012137156161013026717114199153605/1-14.dcm,4,13,25,0,glioma,0.8202846050262451,0.8202846050262451,0.6000499106383212,2.0523946285247803,0.8202846050262451,0.2572636604309082,0.1362539529800415,-1.7341281175613403,0.018599385395646095,-1.443915605545044,0.024862015619874
D3B_icdc_glioma,GLIOMA01-i_E271,1.3.6.1.4.1.14519.5.2.1.61836843430643358219125670239042490797,1.3.6.1.4.1.14519.5.2.1.238285012137156161013026717114199153605,AX FSE T1,BRAIN CARDIAC COIL/4,HEAD,glioma,collection_level_icdc_glioma,data/processed/D3B_icdc_glioma_selected_slices/GLIOMA01-i_E271/GLIOMA01-i_E271__114199153605__central05_idx0014.png,data/raw/D3B_icdc_glioma/1.3.6.1.4.1.14519.5.2.1.238285012137156161013026717114199153605/1-15.dcm,5,14,25,1,meningioma,0.6670328378677368,0.2651447653770447,0.8453066136276322,0.6495938301086426,0.2651447653770447,1.5721572637557983,0.6670328378677368,-1.9573291540145874,0.01955738291144371,-1.0539758205413818,0.048264987766742706
D3B_icdc_glioma,GLIOMA01-i_99AF,1.3.6.1.4.1.14519.5.2.1.35078207812171724664948712001604452335,1.3.6.1.4.1.14519.5.2.1.241410583737689895774361929616886549474,,TE 20 T1  TRANS +C,HEAD,glioma,collection_level_icdc_glioma,data/processed/D3B_icdc_glioma_selected_slices/GLIOMA01-i_99AF/GLIOMA01-i_99AF__616886549474__central01_idx0009.png,data/raw/D3B_icdc_glioma/1.3.6.1.4.1.14519.5.2.1.241410583737689895774361929616886549474/1-10.dcm,1,9,22,2,notumor,0.529521107673645,0.2936333119869232,1.0725456551155417,0.559772253036499,0.2936333119869232,-0.09120961278676987,0.1531396061182022,1.1494134664535522,0.529521107673645,-1.9568331241607666,0.023705963045358658
D3B_icdc_glioma,GLIOMA01-i_99AF,1.3.6.1.4.1.14519.5.2.1.35078207812171724664948712001604452335,1.3.6.1.4.1.14519.5.2.1.241410583737689895774361929616886549474,,TE 20 T1  TRANS +C,HEAD,glioma,collection_level_icdc_glioma,data/processed/D3B_icdc_glioma_selected_slices/GLIOMA01-i_99AF/GLIOMA01-i_99AF__616886549474__central02_idx0010.png,data/raw/D3B_icdc_glioma/1.3.6.1.4.1.14519.5.2.1.241410583737689895774361929616886549474/1-11.dcm,2,10,22,2,notumor,0.985068142414093,0.008739638142287731,0.09176721916139972,-0.7217379808425903,0.008739638142287731,-1.5093997716903687,0.0039757234044373035,4.003104209899902,0.985068142414093,-2.0937089920043945,0.00221642991527915
D3B_icdc_glioma,GLIOMA01-i_99AF,1.3.6.1.4.1.14519.5.2.1.35078207812171724664948712001604452335,1.3.6.1.4.1.14519.5.2.1.241410583737689895774361929616886549474,,TE 20 T1  TRANS +C,HEAD,glioma,collection_level_icdc_glioma,data/processed/D3B_icdc_glioma_selected_slices/GLIOMA01-i_99AF/GLIOMA01-i_99AF__616886549474__central03_idx0011.png,data/raw/D3B_icdc_glioma/1.3.6.1.4.1.14519.5.2.1.241410583737689895774361929616886549474/1-12.dcm,3,11,22,2,notumor,0.5818554162979126,0.2600352168083191,1.0598423014192018,0.19213150441646576,0.2600352168083191,-1.3404062986373901,0.056164175271987915,0.9975365400314331,0.5818554162979126,-0.7442504167556763,0.10194516181945801
D3B_icdc_glioma,GLIOMA01-i_99AF,1.3.6.1.4.1.14519.5.2.1.35078207812171724664948712001604452335,1.3.6.1.4.1.14519.5.2.1.241410583737689895774361929616886549474,,TE 20 T1  TRANS +C,HEAD,glioma,collection_level_icdc_glioma,data/processed/D3B_icdc_glioma_selected_slices/GLIOMA01-i_99AF/GLIOMA01-i_99AF__616886549474__central04_idx0012.png,data/raw/D3B_icdc_glioma/1.3.6.1.4.1.14519.5.2.1.241410583737689895774361929616886549474/1-13.dcm,4,12,22,1,meningioma,0.688275158405304,0.08508093655109406,0.9595959728763693,-0.7800569534301758,0.08508093655109406,1.3105287551879883,0.688275158405304,-0.5749456882476807,0.10445060580968857,-0.41805553436279297,0.12219331413507462
D3B_icdc_glioma,GLIOMA01-i_99AF,1.3.6.1.4.1.14519.5.2.1.35078207812171724664948712001604452335,1.3.6.1.4.1.14519.5.2.1.241410583737689895774361929616886549474,,TE 20 T1  TRANS +C,HEAD,glioma,collection_level_icdc_glioma,data/processed/D3B_icdc_glioma_selected_slices/GLIOMA01-i_99AF/GLIOMA01-i_99AF__616886549474__central05_idx0013.png,data/raw/D3B_icdc_glioma/1.3.6.1.4.1.14519.5.2.1.241410583737689895774361929616886549474/1-14.dcm,5,13,22,1,meningioma,0.6722567677497864,0.22934389114379883,0.8798046827124215,0.4866446256637573,0.22934389114379883,1.562062382698059,0.6722567677497864,-2.052802801132202,0.018097523599863052,-0.5627857446670532,0.08030181378126144
D3B_icdc_glioma,GLIOMA01-i_6D5C,1.3.6.1.4.1.14519.5.2.1.182892265424180320806494238772816589687,1.3.6.1.4.1.14519.5.2.1.252265203227746269351628087789359818697,BRAIN/T1_SAG,,HEAD,glioma,collection_level_icdc_glioma,data/processed/D3B_icdc_glioma_selected_slices/GLIOMA01-i_6D5C/GLIOMA01-i_6D5C__789359818697__central01_idx0007.png,data/raw/D3B_icdc_glioma/1.3.6.1.4.1.14519.5.2.1.252265203227746269351628087789359818697/1-08.dcm,1,7,19,1,meningioma,0.768592894077301,0.05771971866488457,0.6796303471466594,-0.4420813322067261,0.05771971866488457,2.146881103515625,0.768592894077301,-4.08449649810791,0.0015116229187697172,0.6508356332778931,0.172175794839859
D3B_icdc_glioma,GLIOMA01-i_6D5C,1.3.6.1.4.1.14519.5.2.1.182892265424180320806494238772816589687,1.3.6.1.4.1.14519.5.2.1.252265203227746269351628087789359818697,BRAIN/T1_SAG,,HEAD,glioma,collection_level_icdc_glioma,data/processed/D3B_icdc_glioma_selected_slices/GLIOMA01-i_6D5C/GLIOMA01-i_6D5C__789359818697__central02_idx0008.png,data/raw/D3B_icdc_glioma/1.3.6.1.4.1.14519.5.2.1.252265203227746269351628087789359818697/1-09.dcm,2,8,19,1,meningioma,0.8741924166679382,0.02470524050295353,0.45079278068046325,-1.0031338930130005,0.02470524050295353,2.5631511211395264,0.8741924166679382,-3.4776828289031982,0.002080205362290144,0.38519352674484253,0.09902209043502808
D3B_icdc_glioma,GLIOMA01-i_6D5C,1.3.6.1.4.1.14519.5.2.1.182892265424180320806494238772816589687,1.3.6.1.4.1.14519.5.2.1.252265203227746269351628087789359818697,BRAIN/T1_SAG,,HEAD,glioma,collection_level_icdc_glioma,data/processed/D3B_icdc_glioma_selected_slices/GLIOMA01-i_6D5C/GLIOMA01-i_6D5C__789359818697__central03_idx0009.png,data/raw/D3B_icdc_glioma/1.3.6.1.4.1.14519.5.2.1.252265203227746269351628087789359818697/1-10.dcm,3,9,19,1,meningioma,0.9218116998672485,0.01410813070833683,0.3163999688854408,-1.0791971683502197,0.01410813070833683,3.1003925800323486,0.9218116998672485,-3.722015857696533,0.001003940007649362,0.41839486360549927,0.06307618319988251
D3B_icdc_glioma,GLIOMA01-i_6D5C,1.3.6.1.4.1.14519.5.2.1.182892265424180320806494238772816589687,1.3.6.1.4.1.14519.5.2.1.252265203227746269351628087789359818697,BRAIN/T1_SAG,,HEAD,glioma,collection_level_icdc_glioma,data/processed/D3B_icdc_glioma_selected_slices/GLIOMA01-i_6D5C/GLIOMA01-i_6D5C__789359818697__central04_idx0010.png,data/raw/D3B_icdc_glioma/1.3.6.1.4.1.14519.5.2.1.252265203227746269351628087789359818697/1-11.dcm,4,10,19,3,pituitary,0.5202648639678955,0.05160583555698395,0.8820704919288287,-0.9100977778434753,0.05160583555698395,1.19461190700531,0.4234115183353424,-3.3024065494537354,0.004717722535133362,1.4006054401397705,0.5202648639678955
D3B_icdc_glioma,GLIOMA01-i_6D5C,1.3.6.1.4.1.14519.5.2.1.182892265424180320806494238772816589687,1.3.6.1.4.1.14519.5.2.1.252265203227746269351628087789359818697,BRAIN/T1_SAG,,HEAD,glioma,collection_level_icdc_glioma,data/processed/D3B_icdc_glioma_selected_slices/GLIOMA01-i_6D5C/GLIOMA01-i_6D5C__789359818697__central05_idx0011.png,data/raw/D3B_icdc_glioma/1.3.6.1.4.1.14519.5.2.1.252265203227746269351628087789359818697/1-12.dcm,5,11,19,3,pituitary,0.7967174649238586,0.04680487886071205,0.6186790353943205,-0.4390062689781189,0.04680487886071205,0.7639193534851074,0.15585297346115112,-4.7554931640625,0.0006246902630664408,2.3955063819885254,0.7967174649238586
D3B_icdc_glioma,GLIOMA01-i_157E,1.3.6.1.4.1.14519.5.2.1.74202149500891993119266014374660885022,1.3.6.1.4.1.14519.5.2.1.259996636277341485826359784627683529170,O-Ax T1-POST GAD,2864128/6,HEAD,glioma,collection_level_icdc_glioma,data/processed/D3B_icdc_glioma_selected_slices/GLIOMA01-i_157E/GLIOMA01-i_157E__627683529170__central01_idx0011.png,data/raw/D3B_icdc_glioma/1.3.6.1.4.1.14519.5.2.1.259996636277341485826359784627683529170/1-12.dcm,1,11,26,3,pituitary,0.5636690258979797,0.04893093183636665,1.0648424806645158,-1.2721093893051147,0.04893093183636665,0.4796121120452881,0.28206324577331543,-0.5053560137748718,0.10533683001995087,1.1719480752944946,0.5636690258979797
D3B_icdc_glioma,GLIOMA01-i_157E,1.3.6.1.4.1.14519.5.2.1.74202149500891993119266014374660885022,1.3.6.1.4.1.14519.5.2.1.259996636277341485826359784627683529170,O-Ax T1-POST GAD,2864128/6,HEAD,glioma,collection_level_icdc_glioma,data/processed/D3B_icdc_glioma_selected_slices/GLIOMA01-i_157E/GLIOMA01-i_157E__627683529170__central02_idx0012.png,data/raw/D3B_icdc_glioma/1.3.6.1.4.1.14519.5.2.1.259996636277341485826359784627683529170/1-13.dcm,2,12,26,3,pituitary,0.8113084435462952,0.05800439789891243,0.6765934050868199,-0.7941462397575378,0.05800439789891243,-1.3018622398376465,0.034911032766103745,-0.2926516532897949,0.09577612578868866,1.8439832925796509,0.8113084435462952
D3B_icdc_glioma,GLIOMA01-i_157E,1.3.6.1.4.1.14519.5.2.1.74202149500891993119266014374660885022,1.3.6.1.4.1.14519.5.2.1.259996636277341485826359784627683529170,O-Ax T1-POST GAD,2864128/6,HEAD,glioma,collection_level_icdc_glioma,data/processed/D3B_icdc_glioma_selected_slices/GLIOMA01-i_157E/GLIOMA01-i_157E__627683529170__central03_idx0013.png,data/raw/D3B_icdc_glioma/1.3.6.1.4.1.14519.5.2.1.259996636277341485826359784627683529170/1-14.dcm,3,13,26,3,pituitary,0.9146034121513367,0.01306802686303854,0.36558028694938016,-1.686142086982727,0.01306802686303854,-1.530402421951294,0.01527027040719986,-0.21223683655261993,0.05705830082297325,2.5621800422668457,0.9146034121513367
D3B_icdc_glioma,GLIOMA01-i_157E,1.3.6.1.4.1.14519.5.2.1.74202149500891993119266014374660885022,1.3.6.1.4.1.14519.5.2.1.259996636277341485826359784627683529170,O-Ax T1-POST GAD,2864128/6,HEAD,glioma,collection_level_icdc_glioma,data/processed/D3B_icdc_glioma_selected_slices/GLIOMA01-i_157E/GLIOMA01-i_157E__627683529170__central04_idx0014.png,data/raw/D3B_icdc_glioma/1.3.6.1.4.1.14519.5.2.1.259996636277341485826359784627683529170/1-15.dcm,4,14,26,3,pituitary,0.8736555576324463,0.0209903996437788,0.4941125298053669,-1.5288432836532593,0.0209903996437788,-1.3475700616836548,0.025162093341350555,-0.18848522007465363,0.08019197732210159,2.199777603149414,0.8736555576324463
D3B_icdc_glioma,GLIOMA01-i_157E,1.3.6.1.4.1.14519.5.2.1.74202149500891993119266014374660885022,1.3.6.1.4.1.14519.5.2.1.259996636277341485826359784627683529170,O-Ax T1-POST GAD,2864128/6,HEAD,glioma,collection_level_icdc_glioma,data/processed/D3B_icdc_glioma_selected_slices/GLIOMA01-i_157E/GLIOMA01-i_157E__627683529170__central05_idx0015.png,data/raw/D3B_icdc_glioma/1.3.6.1.4.1.14519.5.2.1.259996636277341485826359784627683529170/1-16.dcm,5,15,26,3,pituitary,0.8752574324607849,0.02303376793861389,0.50596139863984,-1.4510257244110107,0.02303376793861389,-0.7611526250839233,0.04591694474220276,-0.5663586854934692,0.05579188093543053,2.1865310668945312,0.8752574324607849
D3B_icdc_glioma,GLIOMA01-i_4990,1.3.6.1.4.1.14519.5.2.1.322834917946698574054866040181461385664,1.3.6.1.4.1.14519.5.2.1.261816588200105413007978141462632206860,,TE 20 T1  TRANS +C,HEAD,glioma,collection_level_icdc_glioma,data/processed/D3B_icdc_glioma_selected_slices/GLIOMA01-i_4990/GLIOMA01-i_4990__462632206860__central01_idx0008.png,data/raw/D3B_icdc_glioma/1.3.6.1.4.1.14519.5.2.1.261816588200105413007978141462632206860/1-09.dcm,1,8,20,2,notumor,0.9288451075553894,0.0333382785320282,0.32995931261800326,-0.7305859327316284,0.0333382785320282,-1.015372395515442,0.025076210498809814,2.5966498851776123,0.9288451075553894,-1.6925086975097656,0.012740464881062508
D3B_icdc_glioma,GLIOMA01-i_4990,1.3.6.1.4.1.14519.5.2.1.322834917946698574054866040181461385664,1.3.6.1.4.1.14519.5.2.1.261816588200105413007978141462632206860,,TE 20 T1  TRANS +C,HEAD,glioma,collection_level_icdc_glioma,data/processed/D3B_icdc_glioma_selected_slices/GLIOMA01-i_4990/GLIOMA01-i_4990__462632206860__central02_idx0009.png,data/raw/D3B_icdc_glioma/1.3.6.1.4.1.14519.5.2.1.261816588200105413007978141462632206860/1-10.dcm,2,9,20,2,notumor,0.5660219192504883,0.020408492535352707,0.8353576556546948,-1.7653453350067139,0.020408492535352707,1.2033501863479614,0.39728209376335144,1.5573363304138184,0.5660219192504883,-1.9908984899520874,0.01628749817609787
D3B_icdc_glioma,GLIOMA01-i_4990,1.3.6.1.4.1.14519.5.2.1.322834917946698574054866040181461385664,1.3.6.1.4.1.14519.5.2.1.261816588200105413007978141462632206860,,TE 20 T1  TRANS +C,HEAD,glioma,collection_level_icdc_glioma,data/processed/D3B_icdc_glioma_selected_slices/GLIOMA01-i_4990/GLIOMA01-i_4990__462632206860__central03_idx0010.png,data/raw/D3B_icdc_glioma/1.3.6.1.4.1.14519.5.2.1.261816588200105413007978141462632206860/1-11.dcm,3,10,20,1,meningioma,0.4671362340450287,0.098686084151268,1.2344809222558193,-0.9973948001861572,0.098686084151268,0.5572820901870728,0.4671362340450287,0.007347045466303825,0.2695316672325134,-0.4855409860610962,0.16464602947235107
D3B_icdc_glioma,GLIOMA01-i_4990,1.3.6.1.4.1.14519.5.2.1.322834917946698574054866040181461385664,1.3.6.1.4.1.14519.5.2.1.261816588200105413007978141462632206860,,TE 20 T1  TRANS +C,HEAD,glioma,collection_level_icdc_glioma,data/processed/D3B_icdc_glioma_selected_slices/GLIOMA01-i_4990/GLIOMA01-i_4990__462632206860__central04_idx0011.png,data/raw/D3B_icdc_glioma/1.3.6.1.4.1.14519.5.2.1.261816588200105413007978141462632206860/1-12.dcm,4,11,20,2,notumor,0.37755632400512695,0.15916672348976135,1.2962093185959362,-0.5083688497543335,0.15916672348976135,0.2157517969608307,0.3283476233482361,0.35539862513542175,0.37755632400512695,-0.6735700964927673,0.13492931425571442
D3B_icdc_glioma,GLIOMA01-i_4990,1.3.6.1.4.1.14519.5.2.1.322834917946698574054866040181461385664,1.3.6.1.4.1.14519.5.2.1.261816588200105413007978141462632206860,,TE 20 T1  TRANS +C,HEAD,glioma,collection_level_icdc_glioma,data/processed/D3B_icdc_glioma_selected_slices/GLIOMA01-i_4990/GLIOMA01-i_4990__462632206860__central05_idx0012.png,data/raw/D3B_icdc_glioma/1.3.6.1.4.1.14519.5.2.1.261816588200105413007978141462632206860/1-13.dcm,5,12,20,2,notumor,0.392235666513443,0.05236098915338516,1.2161789733592825,-1.5037829875946045,0.05236098915338516,0.3843282163143158,0.3459426462650299,0.5099180340766907,0.392235666513443,-0.11740884929895401,0.20946067571640015
D3B_icdc_glioma,GLIOMA01-i_56B5,1.3.6.1.4.1.14519.5.2.1.257123111669720300381972688887376360399,1.3.6.1.4.1.14519.5.2.1.265372530672259962233653648149633492244,MP RAGE FS +C,MP RAGE FS +C,HEAD,glioma,collection_level_icdc_glioma,data/processed/D3B_icdc_glioma_selected_slices/GLIOMA01-i_56B5/GLIOMA01-i_56B5__149633492244__central01_idx0126.png,data/raw/D3B_icdc_glioma/1.3.6.1.4.1.14519.5.2.1.265372530672259962233653648149633492244/1-127.dcm,1,126,256,2,notumor,0.6130555272102356,0.07340546697378159,0.888839366180339,-0.6630777716636658,0.07340546697378159,-3.0144362449645996,0.006991115398705006,1.4593793153762817,0.6130555272102356,0.7662979364395142,0.30654793977737427
D3B_icdc_glioma,GLIOMA01-i_56B5,1.3.6.1.4.1.14519.5.2.1.257123111669720300381972688887376360399,1.3.6.1.4.1.14519.5.2.1.265372530672259962233653648149633492244,MP RAGE FS +C,MP RAGE FS +C,HEAD,glioma,collection_level_icdc_glioma,data/processed/D3B_icdc_glioma_selected_slices/GLIOMA01-i_56B5/GLIOMA01-i_56B5__149633492244__central02_idx0127.png,data/raw/D3B_icdc_glioma/1.3.6.1.4.1.14519.5.2.1.265372530672259962233653648149633492244/1-128.dcm,2,127,256,0,glioma,0.8694419264793396,0.8694419264793396,0.48314215516215525,2.205275297164917,0.8694419264793396,-2.8128318786621094,0.0057531301863491535,-0.0431203693151474,0.09178563952445984,-1.0654842853546143,0.0330192893743515
D3B_icdc_glioma,GLIOMA01-i_56B5,1.3.6.1.4.1.14519.5.2.1.257123111669720300381972688887376360399,1.3.6.1.4.1.14519.5.2.1.265372530672259962233653648149633492244,MP RAGE FS +C,MP RAGE FS +C,HEAD,glioma,collection_level_icdc_glioma,data/processed/D3B_icdc_glioma_selected_slices/GLIOMA01-i_56B5/GLIOMA01-i_56B5__149633492244__central03_idx0128.png,data/raw/D3B_icdc_glioma/1.3.6.1.4.1.14519.5.2.1.265372530672259962233653648149633492244/1-129.dcm,3,128,256,3,pituitary,0.6281793713569641,0.018863888457417488,0.7711880815502905,-1.6569358110427856,0.018863888457417488,-2.567096471786499,0.007591951172798872,1.2504161596298218,0.3453648090362549,1.8486405611038208,0.6281793713569641
D3B_icdc_glioma,GLIOMA01-i_56B5,1.3.6.1.4.1.14519.5.2.1.257123111669720300381972688887376360399,1.3.6.1.4.1.14519.5.2.1.265372530672259962233653648149633492244,MP RAGE FS +C,MP RAGE FS +C,HEAD,glioma,collection_level_icdc_glioma,data/processed/D3B_icdc_glioma_selected_slices/GLIOMA01-i_56B5/GLIOMA01-i_56B5__149633492244__central04_idx0129.png,data/raw/D3B_icdc_glioma/1.3.6.1.4.1.14519.5.2.1.265372530672259962233653648149633492244/1-130.dcm,4,129,256,3,pituitary,0.8756401538848877,0.0008254340500570834,0.3993186840300933,-3.7544546127319336,0.0008254340500570834,-2.092108726501465,0.004351409617811441,1.2180520296096802,0.11918305605649948,3.2123465538024902,0.8756401538848877
D3B_icdc_glioma,GLIOMA01-i_56B5,1.3.6.1.4.1.14519.5.2.1.257123111669720300381972688887376360399,1.3.6.1.4.1.14519.5.2.1.265372530672259962233653648149633492244,MP RAGE FS +C,MP RAGE FS +C,HEAD,glioma,collection_level_icdc_glioma,data/processed/D3B_icdc_glioma_selected_slices/GLIOMA01-i_56B5/GLIOMA01-i_56B5__149633492244__central05_idx0130.png,data/raw/D3B_icdc_glioma/1.3.6.1.4.1.14519.5.2.1.265372530672259962233653648149633492244/1-131.dcm,5,130,256,3,pituitary,0.497765451669693,0.010654224082827568,0.7849221905930971,-2.136582612991333,0.010654224082827568,-2.4442102909088135,0.007832868956029415,1.6790238618850708,0.4837475121021271,1.7075897455215454,0.497765451669693
D3B_icdc_glioma,GLIOMA01-i_03A6,1.3.6.1.4.1.14519.5.2.1.314316487728501506587013300243937537423,1.3.6.1.4.1.14519.5.2.1.294585940264655347012941094237670679311,BRAIN/T1_TRANS,,HEAD,glioma,collection_level_icdc_glioma,data/processed/D3B_icdc_glioma_selected_slices/GLIOMA01-i_03A6/GLIOMA01-i_03A6__237670679311__central01_idx0007.png,data/raw/D3B_icdc_glioma/1.3.6.1.4.1.14519.5.2.1.294585940264655347012941094237670679311/1-08.dcm,1,7,19,0,glioma,0.4201255440711975,0.4201255440711975,1.2046699068741422,0.6530129909515381,0.4201255440711975,0.32643526792526245,0.3030736744403839,-1.5792540311813354,0.04507314786314964,0.05802200362086296,0.23172761499881744
D3B_icdc_glioma,GLIOMA01-i_03A6,1.3.6.1.4.1.14519.5.2.1.314316487728501506587013300243937537423,1.3.6.1.4.1.14519.5.2.1.294585940264655347012941094237670679311,BRAIN/T1_TRANS,,HEAD,glioma,collection_level_icdc_glioma,data/processed/D3B_icdc_glioma_selected_slices/GLIOMA01-i_03A6/GLIOMA01-i_03A6__237670679311__central02_idx0008.png,data/raw/D3B_icdc_glioma/1.3.6.1.4.1.14519.5.2.1.294585940264655347012941094237670679311/1-09.dcm,2,8,19,0,glioma,0.4124627411365509,0.4124627411365509,1.084900996331973,0.905800998210907,0.4124627411365509,0.008895025588572025,0.16821449995040894,-2.611149787902832,0.012245947495102882,0.8926569223403931,0.40707674622535706
D3B_icdc_glioma,GLIOMA01-i_03A6,1.3.6.1.4.1.14519.5.2.1.314316487728501506587013300243937537423,1.3.6.1.4.1.14519.5.2.1.294585940264655347012941094237670679311,BRAIN/T1_TRANS,,HEAD,glioma,collection_level_icdc_glioma,data/processed/D3B_icdc_glioma_selected_slices/GLIOMA01-i_03A6/GLIOMA01-i_03A6__237670679311__central03_idx0009.png,data/raw/D3B_icdc_glioma/1.3.6.1.4.1.14519.5.2.1.294585940264655347012941094237670679311/1-10.dcm,3,9,19,0,glioma,0.45063841342926025,0.45063841342926025,1.1141890100733258,1.0481199026107788,0.45063841342926025,0.5317407250404358,0.26888564229011536,-2.697678327560425,0.010642624460160732,0.5352591276168823,0.26983335614204407
D3B_icdc_glioma,GLIOMA01-i_03A6,1.3.6.1.4.1.14519.5.2.1.314316487728501506587013300243937537423,1.3.6.1.4.1.14519.5.2.1.294585940264655347012941094237670679311,BRAIN/T1_TRANS,,HEAD,glioma,collection_level_icdc_glioma,data/processed/D3B_icdc_glioma_selected_slices/GLIOMA01-i_03A6/GLIOMA01-i_03A6__237670679311__central04_idx0010.png,data/raw/D3B_icdc_glioma/1.3.6.1.4.1.14519.5.2.1.294585940264655347012941094237670679311/1-11.dcm,4,10,19,0,glioma,0.9635828137397766,0.9635828137397766,0.17658347020252227,3.553009271621704,0.9635828137397766,-1.7516025304794312,0.0047876834869384766,-2.9146728515625,0.0014962719287723303,0.08797753602266312,0.03013317845761776
D3B_icdc_glioma,GLIOMA01-i_03A6,1.3.6.1.4.1.14519.5.2.1.314316487728501506587013300243937537423,1.3.6.1.4.1.14519.5.2.1.294585940264655347012941094237670679311,BRAIN/T1_TRANS,,HEAD,glioma,collection_level_icdc_glioma,data/processed/D3B_icdc_glioma_selected_slices/GLIOMA01-i_03A6/GLIOMA01-i_03A6__237670679311__central05_idx0011.png,data/raw/D3B_icdc_glioma/1.3.6.1.4.1.14519.5.2.1.294585940264655347012941094237670679311/1-12.dcm,5,11,19,0,glioma,0.9928836822509766,0.9928836822509766,0.04860674321138946,4.319716930389404,0.9928836822509766,-2.225334882736206,0.0014269823441281915,-2.5090343952178955,0.0010745070176199079,-1.0516235828399658,0.004614819772541523
D3B_icdc_glioma,GLIOMA01-i_502F,1.3.6.1.4.1.14519.5.2.1.212328576300822964287697094625288806431,1.3.6.1.4.1.14519.5.2.1.300091175080975745865361767253344587917,T1/SAG/SE +C,T1/SAG/SE +C,HEAD,glioma,collection_level_icdc_glioma,data/processed/D3B_icdc_glioma_selected_slices/GLIOMA01-i_502F/GLIOMA01-i_502F__253344587917__central01_idx0008.png,data/raw/D3B_icdc_glioma/1.3.6.1.4.1.14519.5.2.1.300091175080975745865361767253344587917/1-09.dcm,1,8,21,2,notumor,0.5620936751365662,0.021259214729070663,0.8131715533200775,-1.6154605150222778,0.021259214729070663,-2.4958720207214355,0.008814330212771893,1.6594175100326538,0.5620936751365662,1.3386061191558838,0.4078327417373657
D3B_icdc_glioma,GLIOMA01-i_502F,1.3.6.1.4.1.14519.5.2.1.212328576300822964287697094625288806431,1.3.6.1.4.1.14519.5.2.1.300091175080975745865361767253344587917,T1/SAG/SE +C,T1/SAG/SE +C,HEAD,glioma,collection_level_icdc_glioma,data/processed/D3B_icdc_glioma_selected_slices/GLIOMA01-i_502F/GLIOMA01-i_502F__253344587917__central02_idx0009.png,data/raw/D3B_icdc_glioma/1.3.6.1.4.1.14519.5.2.1.300091175080975745865361767253344587917/1-10.dcm,2,9,21,3,pituitary,0.6528033018112183,0.001758480560965836,0.6927550644636982,-3.429173707962036,0.001758480560965836,-1.9832665920257568,0.007465984206646681,1.8293399810791016,0.3379722237586975,2.487652063369751,0.6528033018112183
D3B_icdc_glioma,GLIOMA01-i_502F,1.3.6.1.4.1.14519.5.2.1.212328576300822964287697094625288806431,1.3.6.1.4.1.14519.5.2.1.300091175080975745865361767253344587917,T1/SAG/SE +C,T1/SAG/SE +C,HEAD,glioma,collection_level_icdc_glioma,data/processed/D3B_icdc_glioma_selected_slices/GLIOMA01-i_502F/GLIOMA01-i_502F__253344587917__central03_idx0010.png,data/raw/D3B_icdc_glioma/1.3.6.1.4.1.14519.5.2.1.300091175080975745865361767253344587917/1-11.dcm,3,10,21,2,notumor,0.768363893032074,9.056551789399236e-05,0.5547541146254903,-5.274600982666016,9.056551789399236e-05,-2.0579593181610107,0.0022590854205191135,3.771343946456909,0.768363893032074,2.5620527267456055,0.22928647696971893
D3B_icdc_glioma,GLIOMA01-i_502F,1.3.6.1.4.1.14519.5.2.1.212328576300822964287697094625288806431,1.3.6.1.4.1.14519.5.2.1.300091175080975745865361767253344587917,T1/SAG/SE +C,T1/SAG/SE +C,HEAD,glioma,collection_level_icdc_glioma,data/processed/D3B_icdc_glioma_selected_slices/GLIOMA01-i_502F/GLIOMA01-i_502F__253344587917__central04_idx0011.png,data/raw/D3B_icdc_glioma/1.3.6.1.4.1.14519.5.2.1.300091175080975745865361767253344587917/1-12.dcm,4,11,21,2,notumor,0.8445069789886475,0.00015291257295757532,0.4414062254873996,-4.641054630279541,0.00015291257295757532,-2.4133992195129395,0.0014187361812219024,3.9755871295928955,0.8445069789886475,2.2732760906219482,0.15392138063907623
D3B_icdc_glioma,GLIOMA01-i_502F,1.3.6.1.4.1.14519.5.2.1.212328576300822964287697094625288806431,1.3.6.1.4.1.14519.5.2.1.300091175080975745865361767253344587917,T1/SAG/SE +C,T1/SAG/SE +C,HEAD,glioma,collection_level_icdc_glioma,data/processed/D3B_icdc_glioma_selected_slices/GLIOMA01-i_502F/GLIOMA01-i_502F__253344587917__central05_idx0012.png,data/raw/D3B_icdc_glioma/1.3.6.1.4.1.14519.5.2.1.300091175080975745865361767253344587917/1-13.dcm,5,12,21,2,notumor,0.7328250408172607,0.013246539048850536,0.6599042709280938,-1.7443902492523193,0.013246539048850536,-2.611477851867676,0.005565842613577843,2.268780469894409,0.7328250408172607,1.1867631673812866,0.24836257100105286
D3B_icdc_glioma,GLIOMA01-i_3F8C,1.3.6.1.4.1.14519.5.2.1.237207137877983610409321185946069216444,1.3.6.1.4.1.14519.5.2.1.306487070196134498715471133536062558120,O-Ax T1 SE S,"Brain, Head Coil/",HEAD,glioma,collection_level_icdc_glioma,data/processed/D3B_icdc_glioma_selected_slices/GLIOMA01-i_3F8C/GLIOMA01-i_3F8C__536062558120__central01_idx0008.png,data/raw/D3B_icdc_glioma/1.3.6.1.4.1.14519.5.2.1.306487070196134498715471133536062558120/1-09.dcm,1,8,20,0,glioma,0.9063205122947693,0.9063205122947693,0.3983953184658647,2.4729912281036377,0.9063205122947693,-1.6906166076660156,0.014094511047005653,-1.2056094408035278,0.02289210818707943,-0.2987537682056427,0.05669284611940384
D3B_icdc_glioma,GLIOMA01-i_3F8C,1.3.6.1.4.1.14519.5.2.1.237207137877983610409321185946069216444,1.3.6.1.4.1.14519.5.2.1.306487070196134498715471133536062558120,O-Ax T1 SE S,"Brain, Head Coil/",HEAD,glioma,collection_level_icdc_glioma,data/processed/D3B_icdc_glioma_selected_slices/GLIOMA01-i_3F8C/GLIOMA01-i_3F8C__536062558120__central02_idx0009.png,data/raw/D3B_icdc_glioma/1.3.6.1.4.1.14519.5.2.1.306487070196134498715471133536062558120/1-10.dcm,2,9,20,0,glioma,0.7657155394554138,0.7657155394554138,0.7014241852234429,1.948022484779358,0.7657155394554138,-1.8573280572891235,0.017038241028785706,-1.1366394758224487,0.035028036683797836,0.5124166011810303,0.18221819400787354
D3B_icdc_glioma,GLIOMA01-i_3F8C,1.3.6.1.4.1.14519.5.2.1.237207137877983610409321185946069216444,1.3.6.1.4.1.14519.5.2.1.306487070196134498715471133536062558120,O-Ax T1 SE S,"Brain, Head Coil/",HEAD,glioma,collection_level_icdc_glioma,data/processed/D3B_icdc_glioma_selected_slices/GLIOMA01-i_3F8C/GLIOMA01-i_3F8C__536062558120__central03_idx0010.png,data/raw/D3B_icdc_glioma/1.3.6.1.4.1.14519.5.2.1.306487070196134498715471133536062558120/1-11.dcm,3,10,20,0,glioma,0.7339006066322327,0.7339006066322327,0.7155791664167402,2.025667428970337,0.7339006066322327,-2.356153964996338,0.009175638668239117,-1.110987901687622,0.031871695071458817,0.8436256647109985,0.22505207359790802
D3B_icdc_glioma,GLIOMA01-i_3F8C,1.3.6.1.4.1.14519.5.2.1.237207137877983610409321185946069216444,1.3.6.1.4.1.14519.5.2.1.306487070196134498715471133536062558120,O-Ax T1 SE S,"Brain, Head Coil/",HEAD,glioma,collection_level_icdc_glioma,data/processed/D3B_icdc_glioma_selected_slices/GLIOMA01-i_3F8C/GLIOMA01-i_3F8C__536062558120__central04_idx0011.png,data/raw/D3B_icdc_glioma/1.3.6.1.4.1.14519.5.2.1.306487070196134498715471133536062558120/1-12.dcm,4,11,20,0,glioma,0.5263249278068542,0.5263249278068542,0.8001232441313016,1.7146265506744385,0.5263249278068542,-2.380641460418701,0.00876398291438818,-1.8739348649978638,0.014546599239110947,1.5587650537490845,0.45036450028419495
D3B_icdc_glioma,GLIOMA01-i_3F8C,1.3.6.1.4.1.14519.5.2.1.237207137877983610409321185946069216444,1.3.6.1.4.1.14519.5.2.1.306487070196134498715471133536062558120,O-Ax T1 SE S,"Brain, Head Coil/",HEAD,glioma,collection_level_icdc_glioma,data/processed/D3B_icdc_glioma_selected_slices/GLIOMA01-i_3F8C/GLIOMA01-i_3F8C__536062558120__central05_idx0012.png,data/raw/D3B_icdc_glioma/1.3.6.1.4.1.14519.5.2.1.306487070196134498715471133536062558120/1-13.dcm,5,12,20,3,pituitary,0.7913336753845215,0.1516246646642685,0.6559686731359095,0.49859124422073364,0.1516246646642685,-2.566096305847168,0.0070760841481387615,-0.6114841103553772,0.0499655082821846,2.15090274810791,0.7913336753845215
D3B_icdc_glioma,GLIOMA01-i_607E,1.3.6.1.4.1.14519.5.2.1.225257061635076869524524609393333127594,1.3.6.1.4.1.14519.5.2.1.306624957209322479359954530111792131781,AX FSE T1,BRAIN ARRAY COIL/4,HEAD,glioma,collection_level_icdc_glioma,data/processed/D3B_icdc_glioma_selected_slices/GLIOMA01-i_607E/GLIOMA01-i_607E__111792131781__central01_idx0011.png,data/raw/D3B_icdc_glioma/1.3.6.1.4.1.14519.5.2.1.306624957209322479359954530111792131781/1-12.dcm,1,11,26,3,pituitary,0.5644813179969788,0.4120199680328369,0.7922610252085351,1.4060758352279663,0.4120199680328369,-2.004384756088257,0.013607366941869259,-2.3233354091644287,0.009891350753605366,1.7209112644195557,0.5644813179969788
D3B_icdc_glioma,GLIOMA01-i_607E,1.3.6.1.4.1.14519.5.2.1.225257061635076869524524609393333127594,1.3.6.1.4.1.14519.5.2.1.306624957209322479359954530111792131781,AX FSE T1,BRAIN ARRAY COIL/4,HEAD,glioma,collection_level_icdc_glioma,data/processed/D3B_icdc_glioma_selected_slices/GLIOMA01-i_607E/GLIOMA01-i_607E__111792131781__central02_idx0012.png,data/raw/D3B_icdc_glioma/1.3.6.1.4.1.14519.5.2.1.306624957209322479359954530111792131781/1-13.dcm,2,12,26,0,glioma,0.9245223999023438,0.9245223999023438,0.32918867343232605,2.6167821884155273,0.9245223999023438,-1.8750625848770142,0.010354618541896343,-1.7101272344589233,0.012211374007165432,-0.24387246370315552,0.052911605685949326
D3B_icdc_glioma,GLIOMA01-i_607E,1.3.6.1.4.1.14519.5.2.1.225257061635076869524524609393333127594,1.3.6.1.4.1.14519.5.2.1.306624957209322479359954530111792131781,AX FSE T1,BRAIN ARRAY COIL/4,HEAD,glioma,collection_level_icdc_glioma,data/processed/D3B_icdc_glioma_selected_slices/GLIOMA01-i_607E/GLIOMA01-i_607E__111792131781__central03_idx0013.png,data/raw/D3B_icdc_glioma/1.3.6.1.4.1.14519.5.2.1.306624957209322479359954530111792131781/1-14.dcm,3,13,26,0,glioma,0.8826682567596436,0.8826682567596436,0.4647512636818778,2.2501518726348877,0.8826682567596436,-1.6487292051315308,0.017886897549033165,-1.4225517511367798,0.022426553070545197,-0.18875423073768616,0.07701831310987473
D3B_icdc_glioma,GLIOMA01-i_607E,1.3.6.1.4.1.14519.5.2.1.225257061635076869524524609393333127594,1.3.6.1.4.1.14519.5.2.1.306624957209322479359954530111792131781,AX FSE T1,BRAIN ARRAY COIL/4,HEAD,glioma,collection_level_icdc_glioma,data/processed/D3B_icdc_glioma_selected_slices/GLIOMA01-i_607E/GLIOMA01-i_607E__111792131781__central04_idx0014.png,data/raw/D3B_icdc_glioma/1.3.6.1.4.1.14519.5.2.1.306624957209322479359954530111792131781/1-15.dcm,4,14,26,3,pituitary,0.740565299987793,0.13436514139175415,0.8358168621785783,-0.19098296761512756,0.13436514139175415,-1.2018905878067017,0.04889392852783203,-0.7585009932518005,0.07617572695016861,1.5158698558807373,0.740565299987793
D3B_icdc_glioma,GLIOMA01-i_607E,1.3.6.1.4.1.14519.5.2.1.225257061635076869524524609393333127594,1.3.6.1.4.1.14519.5.2.1.306624957209322479359954530111792131781,AX FSE T1,BRAIN ARRAY COIL/4,HEAD,glioma,collection_level_icdc_glioma,data/processed/D3B_icdc_glioma_selected_slices/GLIOMA01-i_607E/GLIOMA01-i_607E__111792131781__central05_idx0015.png,data/raw/D3B_icdc_glioma/1.3.6.1.4.1.14519.5.2.1.306624957209322479359954530111792131781/1-16.dcm,5,15,26,3,pituitary,0.7622436285018921,0.14925622940063477,0.7561390082129371,0.020981866866350174,0.14925622940063477,-1.8490480184555054,0.02300322614610195,-0.8026796579360962,0.06549691408872604,1.6515836715698242,0.7622436285018921
D3B_icdc_glioma,GLIOMA01-i_B023,1.3.6.1.4.1.14519.5.2.1.15975872366833990003685019916291150527,1.3.6.1.4.1.14519.5.2.1.317090003371004067547517013110583858701,FSPGR 3D,BRAIN KNEE COIL/8,HEAD,glioma,collection_level_icdc_glioma,data/processed/D3B_icdc_glioma_selected_slices/GLIOMA01-i_B023/GLIOMA01-i_B023__110583858701__central01_idx0064.png,data/raw/D3B_icdc_glioma/1.3.6.1.4.1.14519.5.2.1.317090003371004067547517013110583858701/1-065.dcm,1,64,132,1,meningioma,0.5619083046913147,0.11544506996870041,1.0360029118157204,-0.3717838525772095,0.11544506996870041,1.2107599973678589,0.5619083046913147,0.5612578392028809,0.29348793625831604,-1.7478270530700684,0.02915864996612072
D3B_icdc_glioma,GLIOMA01-i_B023,1.3.6.1.4.1.14519.5.2.1.15975872366833990003685019916291150527,1.3.6.1.4.1.14519.5.2.1.317090003371004067547517013110583858701,FSPGR 3D,BRAIN KNEE COIL/8,HEAD,glioma,collection_level_icdc_glioma,data/processed/D3B_icdc_glioma_selected_slices/GLIOMA01-i_B023/GLIOMA01-i_B023__110583858701__central02_idx0065.png,data/raw/D3B_icdc_glioma/1.3.6.1.4.1.14519.5.2.1.317090003371004067547517013110583858701/1-066.dcm,2,65,132,2,notumor,0.5680498480796814,0.09188301116228104,1.0097969165108893,-0.5752167701721191,0.09188301116228104,0.6397852897644043,0.30967336893081665,1.2464762926101685,0.5680498480796814,-1.681494951248169,0.030393773689866066
D3B_icdc_glioma,GLIOMA01-i_B023,1.3.6.1.4.1.14519.5.2.1.15975872366833990003685019916291150527,1.3.6.1.4.1.14519.5.2.1.317090003371004067547517013110583858701,FSPGR 3D,BRAIN KNEE COIL/8,HEAD,glioma,collection_level_icdc_glioma,data/processed/D3B_icdc_glioma_selected_slices/GLIOMA01-i_B023/GLIOMA01-i_B023__110583858701__central03_idx0066.png,data/raw/D3B_icdc_glioma/1.3.6.1.4.1.14519.5.2.1.317090003371004067547517013110583858701/1-067.dcm,3,66,132,0,glioma,0.529315173625946,0.529315173625946,1.052524159837107,1.2391331195831299,0.529315173625946,0.06082231551408768,0.16292227804660797,0.6497002840042114,0.2935803234577179,-2.380459785461426,0.014182250015437603
D3B_icdc_glioma,GLIOMA01-i_B023,1.3.6.1.4.1.14519.5.2.1.15975872366833990003685019916291150527,1.3.6.1.4.1.14519.5.2.1.317090003371004067547517013110583858701,FSPGR 3D,BRAIN KNEE COIL/8,HEAD,glioma,collection_level_icdc_glioma,data/processed/D3B_icdc_glioma_selected_slices/GLIOMA01-i_B023/GLIOMA01-i_B023__110583858701__central04_idx0067.png,data/raw/D3B_icdc_glioma/1.3.6.1.4.1.14519.5.2.1.317090003371004067547517013110583858701/1-068.dcm,4,67,132,2,notumor,0.42330098152160645,0.32243406772613525,1.130782100059089,0.7336031794548035,0.32243406772613525,0.4401037096977234,0.24042285978794098,1.005787968635559,0.42330098152160645,-2.4145779609680176,0.013842141255736351
D3B_icdc_glioma,GLIOMA01-i_B023,1.3.6.1.4.1.14519.5.2.1.15975872366833990003685019916291150527,1.3.6.1.4.1.14519.5.2.1.317090003371004067547517013110583858701,FSPGR 3D,BRAIN KNEE COIL/8,HEAD,glioma,collection_level_icdc_glioma,data/processed/D3B_icdc_glioma_selected_slices/GLIOMA01-i_B023/GLIOMA01-i_B023__110583858701__central05_idx0068.png,data/raw/D3B_icdc_glioma/1.3.6.1.4.1.14519.5.2.1.317090003371004067547517013110583858701/1-069.dcm,5,68,132,2,notumor,0.5457265377044678,0.2809295356273651,1.0448592637154077,0.6509807109832764,0.2809295356273651,0.06985295563936234,0.15711471438407898,1.3149946928024292,0.5457265377044678,-2.2003090381622314,0.016229236498475075
D3B_icdc_glioma,GLIOMA01-i_63FE,1.3.6.1.4.1.14519.5.2.1.268122105092414152433318447645908388078,1.3.6.1.4.1.14519.5.2.1.321083631867174200131833288604644381133,MP RAGE FS +C,MP RAGE FS +C,HEAD,glioma,collection_level_icdc_glioma,data/processed/D3B_icdc_glioma_selected_slices/GLIOMA01-i_63FE/GLIOMA01-i_63FE__604644381133__central01_idx0126.png,data/raw/D3B_icdc_glioma/1.3.6.1.4.1.14519.5.2.1.321083631867174200131833288604644381133/1-127.dcm,1,126,256,3,pituitary,0.744209349155426,0.022381862625479698,0.6560026459976787,-1.1386384963989258,0.022381862625479698,-3.555144786834717,0.0019971963483840227,1.1973085403442383,0.23141159117221832,2.3654329776763916,0.744209349155426
D3B_icdc_glioma,GLIOMA01-i_63FE,1.3.6.1.4.1.14519.5.2.1.268122105092414152433318447645908388078,1.3.6.1.4.1.14519.5.2.1.321083631867174200131833288604644381133,MP RAGE FS +C,MP RAGE FS +C,HEAD,glioma,collection_level_icdc_glioma,data/processed/D3B_icdc_glioma_selected_slices/GLIOMA01-i_63FE/GLIOMA01-i_63FE__604644381133__central02_idx0127.png,data/raw/D3B_icdc_glioma/1.3.6.1.4.1.14519.5.2.1.321083631867174200131833288604644381133/1-128.dcm,2,127,256,3,pituitary,0.9743282794952393,0.015504066832363605,0.13890875296707436,-0.4081650972366333,0.015504066832363605,-3.639254093170166,0.0006126345251686871,-0.8922063112258911,0.009554967284202576,3.732481002807617,0.9743282794952393
D3B_icdc_glioma,GLIOMA01-i_63FE,1.3.6.1.4.1.14519.5.2.1.268122105092414152433318447645908388078,1.3.6.1.4.1.14519.5.2.1.321083631867174200131833288604644381133,MP RAGE FS +C,MP RAGE FS +C,HEAD,glioma,collection_level_icdc_glioma,data/processed/D3B_icdc_glioma_selected_slices/GLIOMA01-i_63FE/GLIOMA01-i_63FE__604644381133__central03_idx0128.png,data/raw/D3B_icdc_glioma/1.3.6.1.4.1.14519.5.2.1.321083631867174200131833288604644381133/1-129.dcm,3,128,256,0,glioma,0.5791741013526917,0.5791741013526917,0.7443933543983714,2.085278272628784,0.5791741013526917,-3.360116481781006,0.002499794587492943,-1.9387739896774292,0.010355843231081963,1.7348695993423462,0.4079703390598297
D3B_icdc_glioma,GLIOMA01-i_63FE,1.3.6.1.4.1.14519.5.2.1.268122105092414152433318447645908388078,1.3.6.1.4.1.14519.5.2.1.321083631867174200131833288604644381133,MP RAGE FS +C,MP RAGE FS +C,HEAD,glioma,collection_level_icdc_glioma,data/processed/D3B_icdc_glioma_selected_slices/GLIOMA01-i_63FE/GLIOMA01-i_63FE__604644381133__central04_idx0129.png,data/raw/D3B_icdc_glioma/1.3.6.1.4.1.14519.5.2.1.321083631867174200131833288604644381133/1-130.dcm,4,129,256,0,glioma,0.8523079752922058,0.8523079752922058,0.5392173559030862,1.9685910940170288,0.8523079752922058,-1.4527405500411987,0.027843967080116272,-1.9427521228790283,0.0170577559620142,-0.14666636288166046,0.10279025137424469
D3B_icdc_glioma,GLIOMA01-i_63FE,1.3.6.1.4.1.14519.5.2.1.268122105092414152433318447645908388078,1.3.6.1.4.1.14519.5.2.1.321083631867174200131833288604644381133,MP RAGE FS +C,MP RAGE FS +C,HEAD,glioma,collection_level_icdc_glioma,data/processed/D3B_icdc_glioma_selected_slices/GLIOMA01-i_63FE/GLIOMA01-i_63FE__604644381133__central05_idx0130.png,data/raw/D3B_icdc_glioma/1.3.6.1.4.1.14519.5.2.1.321083631867174200131833288604644381133/1-131.dcm,5,130,256,0,glioma,0.7532610297203064,0.7532610297203064,0.6907966726970725,1.8321431875228882,0.7532610297203064,-2.0463907718658447,0.015578284859657288,-1.6751865148544312,0.022580396384000778,0.5480554699897766,0.20858031511306763
D3B_icdc_glioma,GLIOMA01-i_6B06,1.3.6.1.4.1.14519.5.2.1.241559876656285616590145262926108179030,1.3.6.1.4.1.14519.5.2.1.32113195686616053137284503358780862941,O-Ax T1-POST,BRAIN NVARRAY/,HEAD,glioma,collection_level_icdc_glioma,data/processed/D3B_icdc_glioma_selected_slices/GLIOMA01-i_6B06/GLIOMA01-i_6B06__358780862941__central01_idx0011.png,data/raw/D3B_icdc_glioma/1.3.6.1.4.1.14519.5.2.1.32113195686616053137284503358780862941/1-12.dcm,1,11,26,0,glioma,0.7572067975997925,0.7572067975997925,0.7922457364004205,1.7452970743179321,0.7572067975997925,-0.008190340362489223,0.13112471997737885,-1.2912074327468872,0.03634773567318916,-0.562584400177002,0.07532070577144623
D3B_icdc_glioma,GLIOMA01-i_6B06,1.3.6.1.4.1.14519.5.2.1.241559876656285616590145262926108179030,1.3.6.1.4.1.14519.5.2.1.32113195686616053137284503358780862941,O-Ax T1-POST,BRAIN NVARRAY/,HEAD,glioma,collection_level_icdc_glioma,data/processed/D3B_icdc_glioma_selected_slices/GLIOMA01-i_6B06/GLIOMA01-i_6B06__358780862941__central02_idx0012.png,data/raw/D3B_icdc_glioma/1.3.6.1.4.1.14519.5.2.1.32113195686616053137284503358780862941/1-13.dcm,2,12,26,3,pituitary,0.4611014127731323,0.3000158667564392,1.222157846428742,0.32582229375839233,0.3000158667564392,-0.7854040861129761,0.09875175356864929,-0.43543583154678345,0.1401309370994568,0.7556049227714539,0.4611014127731323
D3B_icdc_glioma,GLIOMA01-i_6B06,1.3.6.1.4.1.14519.5.2.1.241559876656285616590145262926108179030,1.3.6.1.4.1.14519.5.2.1.32113195686616053137284503358780862941,O-Ax T1-POST,BRAIN NVARRAY/,HEAD,glioma,collection_level_icdc_glioma,data/processed/D3B_icdc_glioma_selected_slices/GLIOMA01-i_6B06/GLIOMA01-i_6B06__358780862941__central03_idx0013.png,data/raw/D3B_icdc_glioma/1.3.6.1.4.1.14519.5.2.1.32113195686616053137284503358780862941/1-14.dcm,3,13,26,1,meningioma,0.4259345829486847,0.1791590452194214,1.2393886845734374,-0.16380877792835236,0.1791590452194214,0.7022031545639038,0.4259345829486847,-0.9529211521148682,0.08138260245323181,0.39579251408576965,0.3135237693786621
D3B_icdc_glioma,GLIOMA01-i_6B06,1.3.6.1.4.1.14519.5.2.1.241559876656285616590145262926108179030,1.3.6.1.4.1.14519.5.2.1.32113195686616053137284503358780862941,O-Ax T1-POST,BRAIN NVARRAY/,HEAD,glioma,collection_level_icdc_glioma,data/processed/D3B_icdc_glioma_selected_slices/GLIOMA01-i_6B06/GLIOMA01-i_6B06__358780862941__central04_idx0014.png,data/raw/D3B_icdc_glioma/1.3.6.1.4.1.14519.5.2.1.32113195686616053137284503358780862941/1-15.dcm,4,14,26,1,meningioma,0.4246785640716553,0.24027420580387115,1.2612465701926632,0.0572148934006691,0.24027420580387115,0.6267666816711426,0.4246785640716553,-0.9950696229934692,0.08388914912939072,0.10151666402816772,0.25115808844566345
D3B_icdc_glioma,GLIOMA01-i_6B06,1.3.6.1.4.1.14519.5.2.1.241559876656285616590145262926108179030,1.3.6.1.4.1.14519.5.2.1.32113195686616053137284503358780862941,O-Ax T1-POST,BRAIN NVARRAY/,HEAD,glioma,collection_level_icdc_glioma,data/processed/D3B_icdc_glioma_selected_slices/GLIOMA01-i_6B06/GLIOMA01-i_6B06__358780862941__central05_idx0015.png,data/raw/D3B_icdc_glioma/1.3.6.1.4.1.14519.5.2.1.32113195686616053137284503358780862941/1-16.dcm,5,15,26,0,glioma,0.47132888436317444,0.47132888436317444,1.202074494387447,0.7550260424613953,0.47132888436317444,-0.42104825377464294,0.1453990340232849,-0.9878261089324951,0.08249220997095108,0.30584877729415894,0.30077993869781494
D3B_icdc_glioma,GLIOMA01-i_95FC,1.3.6.1.4.1.14519.5.2.1.32607098121563258959209747383281107696,1.3.6.1.4.1.14519.5.2.1.328926962979706136389170255320442389748,T1 FS TRANS +C,T1 FS TRANS +C,HEAD,glioma,collection_level_icdc_glioma,data/processed/D3B_icdc_glioma_selected_slices/GLIOMA01-i_95FC/GLIOMA01-i_95FC__320442389748__central01_idx0020.png,data/raw/D3B_icdc_glioma/1.3.6.1.4.1.14519.5.2.1.328926962979706136389170255320442389748/1-21.dcm,1,20,45,3,pituitary,0.9854572415351868,0.003007862949743867,0.08792001031340661,-1.7547634840011597,0.003007862949743867,-2.420170545578003,0.0015462345909327269,-0.5545336008071899,0.009988754987716675,4.037112236022949,0.9854572415351868
D3B_icdc_glioma,GLIOMA01-i_95FC,1.3.6.1.4.1.14519.5.2.1.32607098121563258959209747383281107696,1.3.6.1.4.1.14519.5.2.1.328926962979706136389170255320442389748,T1 FS TRANS +C,T1 FS TRANS +C,HEAD,glioma,collection_level_icdc_glioma,data/processed/D3B_icdc_glioma_selected_slices/GLIOMA01-i_95FC/GLIOMA01-i_95FC__320442389748__central02_idx0021.png,data/raw/D3B_icdc_glioma/1.3.6.1.4.1.14519.5.2.1.328926962979706136389170255320442389748/1-22.dcm,2,21,45,3,pituitary,0.9903914928436279,0.0064375209622085094,0.06202869438793919,-0.6367738842964172,0.0064375209622085094,-2.779538631439209,0.0007553144241683185,-1.6169828176498413,0.002415568334981799,4.3991827964782715,0.9903914928436279
D3B_icdc_glioma,GLIOMA01-i_95FC,1.3.6.1.4.1.14519.5.2.1.32607098121563258959209747383281107696,1.3.6.1.4.1.14519.5.2.1.328926962979706136389170255320442389748,T1 FS TRANS +C,T1 FS TRANS +C,HEAD,glioma,collection_level_icdc_glioma,data/processed/D3B_icdc_glioma_selected_slices/GLIOMA01-i_95FC/GLIOMA01-i_95FC__320442389748__central03_idx0022.png,data/raw/D3B_icdc_glioma/1.3.6.1.4.1.14519.5.2.1.328926962979706136389170255320442389748/1-23.dcm,3,22,45,3,pituitary,0.9545482397079468,0.0012228678679093719,0.19862818550010225,-2.8110744953155518,0.0012228678679093719,-2.3264944553375244,0.0019853173289448023,0.7311796545982361,0.042243607342243195,3.8489649295806885,0.9545482397079468
D3B_icdc_glioma,GLIOMA01-i_95FC,1.3.6.1.4.1.14519.5.2.1.32607098121563258959209747383281107696,1.3.6.1.4.1.14519.5.2.1.328926962979706136389170255320442389748,T1 FS TRANS +C,T1 FS TRANS +C,HEAD,glioma,collection_level_icdc_glioma,data/processed/D3B_icdc_glioma_selected_slices/GLIOMA01-i_95FC/GLIOMA01-i_95FC__320442389748__central04_idx0023.png,data/raw/D3B_icdc_glioma/1.3.6.1.4.1.14519.5.2.1.328926962979706136389170255320442389748/1-24.dcm,4,23,45,3,pituitary,0.9816790819168091,0.00402958644554019,0.10758380191151845,-1.6627589464187622,0.00402958644554019,-2.172374963760376,0.0024206785019487143,-0.5823527574539185,0.01187066175043583,3.8328418731689453,0.9816790819168091
D3B_icdc_glioma,GLIOMA01-i_95FC,1.3.6.1.4.1.14519.5.2.1.32607098121563258959209747383281107696,1.3.6.1.4.1.14519.5.2.1.328926962979706136389170255320442389748,T1 FS TRANS +C,T1 FS TRANS +C,HEAD,glioma,collection_level_icdc_glioma,data/processed/D3B_icdc_glioma_selected_slices/GLIOMA01-i_95FC/GLIOMA01-i_95FC__320442389748__central05_idx0024.png,data/raw/D3B_icdc_glioma/1.3.6.1.4.1.14519.5.2.1.328926962979706136389170255320442389748/1-25.dcm,5,24,45,3,pituitary,0.9629170894622803,0.0071804216131567955,0.18958440684573197,-1.4337624311447144,0.0071804216131567955,-1.8837826251983643,0.004578348249197006,-0.17336314916610718,0.025324122980237007,3.464846611022949,0.9629170894622803
D3B_icdc_glioma,GLIOMA01-i_D732,1.3.6.1.4.1.14519.5.2.1.335715158217205186181304599894479668501,1.3.6.1.4.1.14519.5.2.1.337844480109732035358856530488685359157,BRAIN/T1_TRANS,,HEAD,glioma,collection_level_icdc_glioma,data/processed/D3B_icdc_glioma_selected_slices/GLIOMA01-i_D732/GLIOMA01-i_D732__488685359157__central01_idx0010.png,data/raw/D3B_icdc_glioma/1.3.6.1.4.1.14519.5.2.1.337844480109732035358856530488685359157/1-11.dcm,1,10,24,3,pituitary,0.7012739181518555,0.05237429216504097,0.9164036775857446,-1.110109806060791,0.05237429216504097,-0.4184176027774811,0.10459629446268082,-0.11442217230796814,0.14175547659397125,1.484372854232788,0.7012739181518555
D3B_icdc_glioma,GLIOMA01-i_D732,1.3.6.1.4.1.14519.5.2.1.335715158217205186181304599894479668501,1.3.6.1.4.1.14519.5.2.1.337844480109732035358856530488685359157,BRAIN/T1_TRANS,,HEAD,glioma,collection_level_icdc_glioma,data/processed/D3B_icdc_glioma_selected_slices/GLIOMA01-i_D732/GLIOMA01-i_D732__488685359157__central02_idx0011.png,data/raw/D3B_icdc_glioma/1.3.6.1.4.1.14519.5.2.1.337844480109732035358856530488685359157/1-12.dcm,2,11,24,2,notumor,0.507439136505127,0.22830110788345337,1.212109407536294,0.1625426858663559,0.22830110788345337,-0.5801651477813721,0.10863108932971954,0.9612540006637573,0.507439136505127,-0.22064954042434692,0.15562871098518372
D3B_icdc_glioma,GLIOMA01-i_D732,1.3.6.1.4.1.14519.5.2.1.335715158217205186181304599894479668501,1.3.6.1.4.1.14519.5.2.1.337844480109732035358856530488685359157,BRAIN/T1_TRANS,,HEAD,glioma,collection_level_icdc_glioma,data/processed/D3B_icdc_glioma_selected_slices/GLIOMA01-i_D732/GLIOMA01-i_D732__488685359157__central03_idx0012.png,data/raw/D3B_icdc_glioma/1.3.6.1.4.1.14519.5.2.1.337844480109732035358856530488685359157/1-13.dcm,3,12,24,2,notumor,0.6070118546485901,0.12519942224025726,1.0932968293238905,-0.2878154516220093,0.12519942224025726,0.0008147256448864937,0.16709090769290924,1.2908248901367188,0.6070118546485901,-0.505599319934845,0.100697822868824
D3B_icdc_glioma,GLIOMA01-i_D732,1.3.6.1.4.1.14519.5.2.1.335715158217205186181304599894479668501,1.3.6.1.4.1.14519.5.2.1.337844480109732035358856530488685359157,BRAIN/T1_TRANS,,HEAD,glioma,collection_level_icdc_glioma,data/processed/D3B_icdc_glioma_selected_slices/GLIOMA01-i_D732/GLIOMA01-i_D732__488685359157__central04_idx0013.png,data/raw/D3B_icdc_glioma/1.3.6.1.4.1.14519.5.2.1.337844480109732035358856530488685359157/1-14.dcm,4,13,24,0,glioma,0.629339873790741,0.629339873790741,0.9993352499388964,1.4242817163467407,0.629339873790741,0.34846851229667664,0.21461768448352814,-0.2579970359802246,0.11702559143304825,-1.356397032737732,0.03901681303977966
D3B_icdc_glioma,GLIOMA01-i_D732,1.3.6.1.4.1.14519.5.2.1.335715158217205186181304599894479668501,1.3.6.1.4.1.14519.5.2.1.337844480109732035358856530488685359157,BRAIN/T1_TRANS,,HEAD,glioma,collection_level_icdc_glioma,data/processed/D3B_icdc_glioma_selected_slices/GLIOMA01-i_D732/GLIOMA01-i_D732__488685359157__central05_idx0014.png,data/raw/D3B_icdc_glioma/1.3.6.1.4.1.14519.5.2.1.337844480109732035358856530488685359157/1-15.dcm,5,14,24,0,glioma,0.6838223934173584,0.6838223934173584,0.8842464028127273,1.6643141508102417,0.6838223934173584,0.45773744583129883,0.20461323857307434,-0.365584135055542,0.08981932699680328,-1.7839982509613037,0.021745046600699425
D3B_icdc_glioma,GLIOMA01-i_5CE5,1.3.6.1.4.1.14519.5.2.1.324883944824750333580564872603998887234,1.3.6.1.4.1.14519.5.2.1.34731033828785369140030954328661790126,Ax 3DT1 SPGR S,CED Post/,HEAD,glioma,collection_level_icdc_glioma,data/processed/D3B_icdc_glioma_selected_slices/GLIOMA01-i_5CE5/GLIOMA01-i_5CE5__328661790126__central01_idx0035.png,data/raw/D3B_icdc_glioma/1.3.6.1.4.1.14519.5.2.1.34731033828785369140030954328661790126/1-36.dcm,1,35,74,1,meningioma,0.7365262508392334,0.10847359150648117,0.819900277745686,-0.4059508442878723,0.10847359150648117,1.509487271308899,0.7365262508392334,-0.20818637311458588,0.13219408690929413,-1.9654325246810913,0.02280603162944317
D3B_icdc_glioma,GLIOMA01-i_5CE5,1.3.6.1.4.1.14519.5.2.1.324883944824750333580564872603998887234,1.3.6.1.4.1.14519.5.2.1.34731033828785369140030954328661790126,Ax 3DT1 SPGR S,CED Post/,HEAD,glioma,collection_level_icdc_glioma,data/processed/D3B_icdc_glioma_selected_slices/GLIOMA01-i_5CE5/GLIOMA01-i_5CE5__328661790126__central02_idx0036.png,data/raw/D3B_icdc_glioma/1.3.6.1.4.1.14519.5.2.1.34731033828785369140030954328661790126/1-37.dcm,2,36,74,2,notumor,0.6702645421028137,0.13784237205982208,0.9178411943181403,-0.14435286819934845,0.13784237205982208,0.08792983740568161,0.17388488352298737,1.4372087717056274,0.6702645421028137,-2.1796350479125977,0.01800822839140892
D3B_icdc_glioma,GLIOMA01-i_5CE5,1.3.6.1.4.1.14519.5.2.1.324883944824750333580564872603998887234,1.3.6.1.4.1.14519.5.2.1.34731033828785369140030954328661790126,Ax 3DT1 SPGR S,CED Post/,HEAD,glioma,collection_level_icdc_glioma,data/processed/D3B_icdc_glioma_selected_slices/GLIOMA01-i_5CE5/GLIOMA01-i_5CE5__328661790126__central03_idx0037.png,data/raw/D3B_icdc_glioma/1.3.6.1.4.1.14519.5.2.1.34731033828785369140030954328661790126/1-38.dcm,3,37,74,2,notumor,0.6587791442871094,0.1640751212835312,0.9514640033882988,0.051317401230335236,0.1640751212835312,-0.028796009719371796,0.1514432579278946,1.4413813352584839,0.6587791442871094,-1.802419662475586,0.025702472776174545
D3B_icdc_glioma,GLIOMA01-i_5CE5,1.3.6.1.4.1.14519.5.2.1.324883944824750333580564872603998887234,1.3.6.1.4.1.14519.5.2.1.34731033828785369140030954328661790126,Ax 3DT1 SPGR S,CED Post/,HEAD,glioma,collection_level_icdc_glioma,data/processed/D3B_icdc_glioma_selected_slices/GLIOMA01-i_5CE5/GLIOMA01-i_5CE5__328661790126__central04_idx0038.png,data/raw/D3B_icdc_glioma/1.3.6.1.4.1.14519.5.2.1.34731033828785369140030954328661790126/1-39.dcm,4,38,74,2,notumor,0.7695223093032837,0.101214200258255,0.7435285250743966,-0.18095146119594574,0.101214200258255,-0.05639658123254776,0.11463967710733414,1.8475793600082397,0.7695223093032837,-2.115540027618408,0.014623801223933697
D3B_icdc_glioma,GLIOMA01-i_5CE5,1.3.6.1.4.1.14519.5.2.1.324883944824750333580564872603998887234,1.3.6.1.4.1.14519.5.2.1.34731033828785369140030954328661790126,Ax 3DT1 SPGR S,CED Post/,HEAD,glioma,collection_level_icdc_glioma,data/processed/D3B_icdc_glioma_selected_slices/GLIOMA01-i_5CE5/GLIOMA01-i_5CE5__328661790126__central05_idx0039.png,data/raw/D3B_icdc_glioma/1.3.6.1.4.1.14519.5.2.1.34731033828785369140030954328661790126/1-40.dcm,5,39,74,2,notumor,0.6149730682373047,0.03816552087664604,0.8416622992360159,-1.1215466260910034,0.03816552087664604,1.0514776706695557,0.33527690172195435,1.6580992937088013,0.6149730682373047,-2.3138108253479004,0.011584505438804626
D3B_icdc_glioma,GLIOMA01-i_4AAB,1.3.6.1.4.1.14519.5.2.1.308860575078322289211430912146810693215,1.3.6.1.4.1.14519.5.2.1.41256014704240471733645258105139906766,BRAIN/T1_SAG,,HEAD,glioma,collection_level_icdc_glioma,data/processed/D3B_icdc_glioma_selected_slices/GLIOMA01-i_4AAB/GLIOMA01-i_4AAB__105139906766__central01_idx0007.png,data/raw/D3B_icdc_glioma/1.3.6.1.4.1.14519.5.2.1.41256014704240471733645258105139906766/1-08.dcm,1,7,19,3,pituitary,0.998659610748291,0.00025990905123762786,0.011585833135336386,-2.820617198944092,0.00025990905123762786,-2.3476791381835938,0.0004170767206232995,-1.8835456371307373,0.0006634168676100671,5.433219909667969,0.998659610748291
D3B_icdc_glioma,GLIOMA01-i_4AAB,1.3.6.1.4.1.14519.5.2.1.308860575078322289211430912146810693215,1.3.6.1.4.1.14519.5.2.1.41256014704240471733645258105139906766,BRAIN/T1_SAG,,HEAD,glioma,collection_level_icdc_glioma,data/processed/D3B_icdc_glioma_selected_slices/GLIOMA01-i_4AAB/GLIOMA01-i_4AAB__105139906766__central02_idx0008.png,data/raw/D3B_icdc_glioma/1.3.6.1.4.1.14519.5.2.1.41256014704240471733645258105139906766/1-09.dcm,2,8,19,3,pituitary,0.998531699180603,0.00016841264732647687,0.012145638579211774,-3.083116292953491,0.00016841264732647687,-2.8569602966308594,0.0002111509966198355,-1.2167695760726929,0.0010887265671044588,5.6045074462890625,0.998531699180603
D3B_icdc_glioma,GLIOMA01-i_4AAB,1.3.6.1.4.1.14519.5.2.1.308860575078322289211430912146810693215,1.3.6.1.4.1.14519.5.2.1.41256014704240471733645258105139906766,BRAIN/T1_SAG,,HEAD,glioma,collection_level_icdc_glioma,data/processed/D3B_icdc_glioma_selected_slices/GLIOMA01-i_4AAB/GLIOMA01-i_4AAB__105139906766__central03_idx0009.png,data/raw/D3B_icdc_glioma/1.3.6.1.4.1.14519.5.2.1.41256014704240471733645258105139906766/1-10.dcm,3,9,19,3,pituitary,0.8412657380104065,0.00010668797040125355,0.44682191953804695,-5.067004203796387,0.00010668797040125355,-2.440084934234619,0.0014756106538698077,2.2280561923980713,0.1571519672870636,3.9057505130767822,0.8412657380104065
D3B_icdc_glioma,GLIOMA01-i_4AAB,1.3.6.1.4.1.14519.5.2.1.308860575078322289211430912146810693215,1.3.6.1.4.1.14519.5.2.1.41256014704240471733645258105139906766,BRAIN/T1_SAG,,HEAD,glioma,collection_level_icdc_glioma,data/processed/D3B_icdc_glioma_selected_slices/GLIOMA01-i_4AAB/GLIOMA01-i_4AAB__105139906766__central04_idx0010.png,data/raw/D3B_icdc_glioma/1.3.6.1.4.1.14519.5.2.1.41256014704240471733645258105139906766/1-11.dcm,4,10,19,3,pituitary,0.7188078165054321,0.004064406268298626,0.6412454477720105,-2.6315701007843018,0.004064406268298626,-2.380828619003296,0.0052226693369448185,1.5716158151626587,0.27190515398979187,2.5437564849853516,0.7188078165054321
D3B_icdc_glioma,GLIOMA01-i_4AAB,1.3.6.1.4.1.14519.5.2.1.308860575078322289211430912146810693215,1.3.6.1.4.1.14519.5.2.1.41256014704240471733645258105139906766,BRAIN/T1_SAG,,HEAD,glioma,collection_level_icdc_glioma,data/processed/D3B_icdc_glioma_selected_slices/GLIOMA01-i_4AAB/GLIOMA01-i_4AAB__105139906766__central05_idx0011.png,data/raw/D3B_icdc_glioma/1.3.6.1.4.1.14519.5.2.1.41256014704240471733645258105139906766/1-12.dcm,5,11,19,3,pituitary,0.9966488480567932,3.261771780671552e-05,0.022927334281367763,-4.3208842277526855,3.261771780671552e-05,-3.7038471698760986,6.045458576409146e-05,0.28314268589019775,0.0032580443657934666,6.00641393661499,0.9966488480567932
D3B_icdc_glioma,GLIOMA01-i_1166,1.3.6.1.4.1.14519.5.2.1.301043018215445696675284359835713259960,1.3.6.1.4.1.14519.5.2.1.48524611659073752048977841008163432015,FSPGR 3D,BRAIN CARDIAC COIL/8,HEAD,glioma,collection_level_icdc_glioma,data/processed/D3B_icdc_glioma_selected_slices/GLIOMA01-i_1166/GLIOMA01-i_1166__008163432015__central01_idx0080.png,data/raw/D3B_icdc_glioma/1.3.6.1.4.1.14519.5.2.1.48524611659073752048977841008163432015/1-081.dcm,1,80,164,3,pituitary,0.8541553020477295,0.07902529835700989,0.527341495459468,0.16147109866142273,0.07902529835700989,-3.212752342224121,0.002706198487430811,-0.04764661192893982,0.06411321461200714,2.541815996170044,0.8541553020477295
D3B_icdc_glioma,GLIOMA01-i_1166,1.3.6.1.4.1.14519.5.2.1.301043018215445696675284359835713259960,1.3.6.1.4.1.14519.5.2.1.48524611659073752048977841008163432015,FSPGR 3D,BRAIN CARDIAC COIL/8,HEAD,glioma,collection_level_icdc_glioma,data/processed/D3B_icdc_glioma_selected_slices/GLIOMA01-i_1166/GLIOMA01-i_1166__008163432015__central02_idx0081.png,data/raw/D3B_icdc_glioma/1.3.6.1.4.1.14519.5.2.1.48524611659073752048977841008163432015/1-082.dcm,2,81,164,3,pituitary,0.622195839881897,0.26062148809432983,0.9137422708309538,0.8983874320983887,0.26062148809432983,-3.32604718208313,0.003813832765445113,0.06596505641937256,0.11336885392665863,1.7685731649398804,0.622195839881897
D3B_icdc_glioma,GLIOMA01-i_1166,1.3.6.1.4.1.14519.5.2.1.301043018215445696675284359835713259960,1.3.6.1.4.1.14519.5.2.1.48524611659073752048977841008163432015,FSPGR 3D,BRAIN CARDIAC COIL/8,HEAD,glioma,collection_level_icdc_glioma,data/processed/D3B_icdc_glioma_selected_slices/GLIOMA01-i_1166/GLIOMA01-i_1166__008163432015__central03_idx0082.png,data/raw/D3B_icdc_glioma/1.3.6.1.4.1.14519.5.2.1.48524611659073752048977841008163432015/1-083.dcm,3,82,164,3,pituitary,0.8724659085273743,0.04246043786406517,0.4696921143340005,-0.22379744052886963,0.04246043786406517,-3.6821188926696777,0.0013367632636800408,0.4553094208240509,0.08373687416315079,2.7989535331726074,0.8724659085273743
D3B_icdc_glioma,GLIOMA01-i_1166,1.3.6.1.4.1.14519.5.2.1.301043018215445696675284359835713259960,1.3.6.1.4.1.14519.5.2.1.48524611659073752048977841008163432015,FSPGR 3D,BRAIN CARDIAC COIL/8,HEAD,glioma,collection_level_icdc_glioma,data/processed/D3B_icdc_glioma_selected_slices/GLIOMA01-i_1166/GLIOMA01-i_1166__008163432015__central04_idx0083.png,data/raw/D3B_icdc_glioma/1.3.6.1.4.1.14519.5.2.1.48524611659073752048977841008163432015/1-084.dcm,4,83,164,3,pituitary,0.7323569059371948,0.15285201370716095,0.7756372626966579,0.5461888909339905,0.15285201370716095,-3.5779037475585938,0.00247286562807858,0.23805417120456696,0.11231817305088043,2.1129865646362305,0.7323569059371948
D3B_icdc_glioma,GLIOMA01-i_1166,1.3.6.1.4.1.14519.5.2.1.301043018215445696675284359835713259960,1.3.6.1.4.1.14519.5.2.1.48524611659073752048977841008163432015,FSPGR 3D,BRAIN CARDIAC COIL/8,HEAD,glioma,collection_level_icdc_glioma,data/processed/D3B_icdc_glioma_selected_slices/GLIOMA01-i_1166/GLIOMA01-i_1166__008163432015__central05_idx0084.png,data/raw/D3B_icdc_glioma/1.3.6.1.4.1.14519.5.2.1.48524611659073752048977841008163432015/1-085.dcm,5,84,164,3,pituitary,0.7770805358886719,0.1320309191942215,0.6928067650994598,0.4729679226875305,0.1320309191942215,-3.484565496444702,0.0025231358595192432,0.07141207158565521,0.08836538344621658,2.2454757690429688,0.7770805358886719
D3B_icdc_glioma,GLIOMA01-i_C561,1.3.6.1.4.1.14519.5.2.1.338926131208003786731409141472142449490,1.3.6.1.4.1.14519.5.2.1.54142935137696016152030943683568150861,MP RAGE FS TRANS+C,MP RAGE FS +C,HEAD,glioma,collection_level_icdc_glioma,data/processed/D3B_icdc_glioma_selected_slices/GLIOMA01-i_C561/GLIOMA01-i_C561__683568150861__central01_idx0018.png,data/raw/D3B_icdc_glioma/1.3.6.1.4.1.14519.5.2.1.54142935137696016152030943683568150861/1-19.dcm,1,18,40,3,pituitary,0.7380738854408264,0.23207911849021912,0.6835215381387674,1.1389905214309692,0.23207911849021912,-2.446807861328125,0.006431963760405779,-1.1547110080718994,0.02341499738395214,2.2959561347961426,0.7380738854408264
D3B_icdc_glioma,GLIOMA01-i_C561,1.3.6.1.4.1.14519.5.2.1.338926131208003786731409141472142449490,1.3.6.1.4.1.14519.5.2.1.54142935137696016152030943683568150861,MP RAGE FS TRANS+C,MP RAGE FS +C,HEAD,glioma,collection_level_icdc_glioma,data/processed/D3B_icdc_glioma_selected_slices/GLIOMA01-i_C561/GLIOMA01-i_C561__683568150861__central02_idx0019.png,data/raw/D3B_icdc_glioma/1.3.6.1.4.1.14519.5.2.1.54142935137696016152030943683568150861/1-20.dcm,2,19,40,3,pituitary,0.7660462856292725,0.20801176130771637,0.6418039754851713,0.9353614449501038,0.20801176130771637,-2.2807459831237793,0.008343536406755447,-1.534424901008606,0.017598409205675125,2.239009380340576,0.7660462856292725
D3B_icdc_glioma,GLIOMA01-i_C561,1.3.6.1.4.1.14519.5.2.1.338926131208003786731409141472142449490,1.3.6.1.4.1.14519.5.2.1.54142935137696016152030943683568150861,MP RAGE FS TRANS+C,MP RAGE FS +C,HEAD,glioma,collection_level_icdc_glioma,data/processed/D3B_icdc_glioma_selected_slices/GLIOMA01-i_C561/GLIOMA01-i_C561__683568150861__central03_idx0020.png,data/raw/D3B_icdc_glioma/1.3.6.1.4.1.14519.5.2.1.54142935137696016152030943683568150861/1-21.dcm,3,20,40,3,pituitary,0.8147820234298706,0.04611160233616829,0.6216229440062522,-0.7853915095329285,0.04611160233616829,0.23639534413814545,0.12810517847537994,-2.218458652496338,0.011001125909388065,2.0864644050598145,0.8147820234298706
D3B_icdc_glioma,GLIOMA01-i_C561,1.3.6.1.4.1.14519.5.2.1.338926131208003786731409141472142449490,1.3.6.1.4.1.14519.5.2.1.54142935137696016152030943683568150861,MP RAGE FS TRANS+C,MP RAGE FS +C,HEAD,glioma,collection_level_icdc_glioma,data/processed/D3B_icdc_glioma_selected_slices/GLIOMA01-i_C561/GLIOMA01-i_C561__683568150861__central04_idx0021.png,data/raw/D3B_icdc_glioma/1.3.6.1.4.1.14519.5.2.1.54142935137696016152030943683568150861/1-22.dcm,4,21,40,3,pituitary,0.9792917370796204,0.01242340262979269,0.11739307662383594,-0.5223090648651123,0.01242340262979269,-1.0315512418746948,0.007465851027518511,-3.241497278213501,0.0008190528023988008,3.8449387550354004,0.9792917370796204
D3B_icdc_glioma,GLIOMA01-i_C561,1.3.6.1.4.1.14519.5.2.1.338926131208003786731409141472142449490,1.3.6.1.4.1.14519.5.2.1.54142935137696016152030943683568150861,MP RAGE FS TRANS+C,MP RAGE FS +C,HEAD,glioma,collection_level_icdc_glioma,data/processed/D3B_icdc_glioma_selected_slices/GLIOMA01-i_C561/GLIOMA01-i_C561__683568150861__central05_idx0022.png,data/raw/D3B_icdc_glioma/1.3.6.1.4.1.14519.5.2.1.54142935137696016152030943683568150861/1-23.dcm,5,22,40,0,glioma,0.5448963642120361,0.5448963642120361,0.8388615576456374,1.6512600183486938,0.5448963642120361,-1.2321165800094604,0.030484521761536598,-2.627922296524048,0.007548986468464136,1.3839185237884521,0.41707006096839905
D3B_icdc_glioma,GLIOMA01-i_750B,1.3.6.1.4.1.14519.5.2.1.324035417769663580990183580766753392159,1.3.6.1.4.1.14519.5.2.1.58630146911723509869060343989181468732,BRAIN/T1_TRANS,,HEAD,glioma,collection_level_icdc_glioma,data/processed/D3B_icdc_glioma_selected_slices/GLIOMA01-i_750B/GLIOMA01-i_750B__989181468732__central01_idx0007.png,data/raw/D3B_icdc_glioma/1.3.6.1.4.1.14519.5.2.1.58630146911723509869060343989181468732/1-08.dcm,1,7,19,3,pituitary,0.6390148401260376,0.28740400075912476,0.8685334253442311,0.8675392866134644,0.28740400075912476,-0.6660131216049194,0.06201254203915596,-2.345054864883423,0.011568603105843067,1.6665780544281006,0.6390148401260376
D3B_icdc_glioma,GLIOMA01-i_750B,1.3.6.1.4.1.14519.5.2.1.324035417769663580990183580766753392159,1.3.6.1.4.1.14519.5.2.1.58630146911723509869060343989181468732,BRAIN/T1_TRANS,,HEAD,glioma,collection_level_icdc_glioma,data/processed/D3B_icdc_glioma_selected_slices/GLIOMA01-i_750B/GLIOMA01-i_750B__989181468732__central02_idx0008.png,data/raw/D3B_icdc_glioma/1.3.6.1.4.1.14519.5.2.1.58630146911723509869060343989181468732/1-09.dcm,2,8,19,0,glioma,0.9001330137252808,0.9001330137252808,0.37899510356196553,2.82086443901062,0.9001330137252808,-1.49131178855896,0.012065695598721504,-2.504765033721924,0.004379407037049532,0.4422319829463959,0.08342182636260986
D3B_icdc_glioma,GLIOMA01-i_750B,1.3.6.1.4.1.14519.5.2.1.324035417769663580990183580766753392159,1.3.6.1.4.1.14519.5.2.1.58630146911723509869060343989181468732,BRAIN/T1_TRANS,,HEAD,glioma,collection_level_icdc_glioma,data/processed/D3B_icdc_glioma_selected_slices/GLIOMA01-i_750B/GLIOMA01-i_750B__989181468732__central03_idx0009.png,data/raw/D3B_icdc_glioma/1.3.6.1.4.1.14519.5.2.1.58630146911723509869060343989181468732/1-10.dcm,3,9,19,0,glioma,0.8926808834075928,0.8926808834075928,0.38937759323314025,2.834254026412964,0.8926808834075928,-1.6762726306915283,0.009812946431338787,-2.656083583831787,0.0036836047656834126,0.581430196762085,0.09382255375385284
D3B_icdc_glioma,GLIOMA01-i_750B,1.3.6.1.4.1.14519.5.2.1.324035417769663580990183580766753392159,1.3.6.1.4.1.14519.5.2.1.58630146911723509869060343989181468732,BRAIN/T1_TRANS,,HEAD,glioma,collection_level_icdc_glioma,data/processed/D3B_icdc_glioma_selected_slices/GLIOMA01-i_750B/GLIOMA01-i_750B__989181468732__central04_idx0010.png,data/raw/D3B_icdc_glioma/1.3.6.1.4.1.14519.5.2.1.58630146911723509869060343989181468732/1-11.dcm,4,10,19,0,glioma,0.9699848294258118,0.9699848294258118,0.1426125672256709,4.01509428024292,0.9699848294258118,-2.7475476264953613,0.001121467910706997,-3.3250677585601807,0.0006294669583439827,0.47940927743911743,0.028264181688427925
D3B_icdc_glioma,GLIOMA01-i_750B,1.3.6.1.4.1.14519.5.2.1.324035417769663580990183580766753392159,1.3.6.1.4.1.14519.5.2.1.58630146911723509869060343989181468732,BRAIN/T1_TRANS,,HEAD,glioma,collection_level_icdc_glioma,data/processed/D3B_icdc_glioma_selected_slices/GLIOMA01-i_750B/GLIOMA01-i_750B__989181468732__central05_idx0011.png,data/raw/D3B_icdc_glioma/1.3.6.1.4.1.14519.5.2.1.58630146911723509869060343989181468732/1-12.dcm,5,11,19,0,glioma,0.9929682612419128,0.9929682612419128,0.046216956515263835,4.4746928215026855,0.9929682612419128,-3.079676866531372,0.0005201327730901539,-2.6045360565185547,0.0008364988607354462,-0.6899325847625732,0.0056750173680484295
D3B_icdc_glioma,GLIOMA01-i_F5BE,1.3.6.1.4.1.14519.5.2.1.266241108102756309499677510319986834116,1.3.6.1.4.1.14519.5.2.1.86659809258805330797698804820787776503,T1 FLAIR FS TRANS +C,T1 FLAIR FS TRANS +C,HEAD,glioma,collection_level_icdc_glioma,data/processed/D3B_icdc_glioma_selected_slices/GLIOMA01-i_F5BE/GLIOMA01-i_F5BE__820787776503__central01_idx0013.png,data/raw/D3B_icdc_glioma/1.3.6.1.4.1.14519.5.2.1.86659809258805330797698804820787776503/1-14.dcm,1,13,31,3,pituitary,0.9271249771118164,0.05487343296408653,0.31406497829189184,0.04453030973672867,0.05487343296408653,-1.9089139699935913,0.007780224084854126,-1.6360093355178833,0.010221460834145546,2.871589422225952,0.9271249771118164
D3B_icdc_glioma,GLIOMA01-i_F5BE,1.3.6.1.4.1.14519.5.2.1.266241108102756309499677510319986834116,1.3.6.1.4.1.14519.5.2.1.86659809258805330797698804820787776503,T1 FLAIR FS TRANS +C,T1 FLAIR FS TRANS +C,HEAD,glioma,collection_level_icdc_glioma,data/processed/D3B_icdc_glioma_selected_slices/GLIOMA01-i_F5BE/GLIOMA01-i_F5BE__820787776503__central02_idx0014.png,data/raw/D3B_icdc_glioma/1.3.6.1.4.1.14519.5.2.1.86659809258805330797698804820787776503/1-15.dcm,2,14,31,3,pituitary,0.979144811630249,0.008727354928851128,0.12390932994732834,-1.1360710859298706,0.008727354928851128,-1.563416600227356,0.005692312493920326,-1.440718173980713,0.0064354087226092815,3.58414626121521,0.979144811630249
D3B_icdc_glioma,GLIOMA01-i_F5BE,1.3.6.1.4.1.14519.5.2.1.266241108102756309499677510319986834116,1.3.6.1.4.1.14519.5.2.1.86659809258805330797698804820787776503,T1 FLAIR FS TRANS +C,T1 FLAIR FS TRANS +C,HEAD,glioma,collection_level_icdc_glioma,data/processed/D3B_icdc_glioma_selected_slices/GLIOMA01-i_F5BE/GLIOMA01-i_F5BE__820787776503__central03_idx0015.png,data/raw/D3B_icdc_glioma/1.3.6.1.4.1.14519.5.2.1.86659809258805330797698804820787776503/1-16.dcm,3,15,31,3,pituitary,0.9653984904289246,0.020164255052804947,0.18382402547943805,-0.5870283842086792,0.020164255052804947,-1.513513445854187,0.007983895018696785,-1.7263414859771729,0.006453345995396376,3.2816009521484375,0.9653984904289246
D3B_icdc_glioma,GLIOMA01-i_F5BE,1.3.6.1.4.1.14519.5.2.1.266241108102756309499677510319986834116,1.3.6.1.4.1.14519.5.2.1.86659809258805330797698804820787776503,T1 FLAIR FS TRANS +C,T1 FLAIR FS TRANS +C,HEAD,glioma,collection_level_icdc_glioma,data/processed/D3B_icdc_glioma_selected_slices/GLIOMA01-i_F5BE/GLIOMA01-i_F5BE__820787776503__central04_idx0016.png,data/raw/D3B_icdc_glioma/1.3.6.1.4.1.14519.5.2.1.86659809258805330797698804820787776503/1-17.dcm,4,16,31,3,pituitary,0.9951539039611816,0.0006157326279208064,0.03540684003634358,-2.5990071296691895,0.0006157326279208064,-1.2475459575653076,0.002378615317866206,-1.4979041814804077,0.0018518042052164674,4.788832664489746,0.9951539039611816
D3B_icdc_glioma,GLIOMA01-i_F5BE,1.3.6.1.4.1.14519.5.2.1.266241108102756309499677510319986834116,1.3.6.1.4.1.14519.5.2.1.86659809258805330797698804820787776503,T1 FLAIR FS TRANS +C,T1 FLAIR FS TRANS +C,HEAD,glioma,collection_level_icdc_glioma,data/processed/D3B_icdc_glioma_selected_slices/GLIOMA01-i_F5BE/GLIOMA01-i_F5BE__820787776503__central05_idx0017.png,data/raw/D3B_icdc_glioma/1.3.6.1.4.1.14519.5.2.1.86659809258805330797698804820787776503/1-18.dcm,5,17,31,3,pituitary,0.9694725871086121,0.006831549573689699,0.16819006842832726,-1.577865481376648,0.006831549573689699,-0.7699534296989441,0.015324662439525127,-1.3746219873428345,0.008371179923415184,3.3773353099823,0.9694725871086121
