dataset_id,patient_id,study_instance_uid,series_instance_uid,series_description,protocol_name,body_part_examined,label,label_source,output_image_path,source_dicom_path,selected_rank,slice_index_in_sorted_series,total_valid_slices_in_series,pred_index,pred_label,max_confidence,glioma_probability,entropy,logit_glioma,prob_glioma,logit_meningioma,prob_meningioma,logit_notumor,prob_notumor,logit_pituitary,prob_pituitary,raw_prob_glioma,scaled_prob_glioma,raw_prob_meningioma,scaled_prob_meningioma,raw_prob_notumor,scaled_prob_notumor,raw_prob_pituitary,scaled_prob_pituitary,raw_pred_index,raw_pred_label,raw_max_confidence,raw_entropy,scaled_pred_index,scaled_pred_label,scaled_max_confidence,scaled_entropy
D3B_icdc_glioma,GLIOMA01-i_6561,1.3.6.1.4.1.14519.5.2.1.292789083954857865766838322795931209494,1.3.6.1.4.1.14519.5.2.1.107039555734442993329560765265677753034,FSPGR 3D,BRAIN KNEE COIL/8,HEAD,glioma,collection_level_icdc_glioma,data/processed/D3B_icdc_glioma_selected_slices/GLIOMA01-i_6561/GLIOMA01-i_6561__265677753034__central01_idx0066.png,data/raw/D3B_icdc_glioma/1.3.6.1.4.1.14519.5.2.1.107039555734442993329560765265677753034/1-067.dcm,1,66,136,2,notumor,0.9579069018363952,0.0161865837872028,0.2062359201990818,-0.390224426984787,0.0161865837872028,0.0477651394903659,0.0250825509428977,3.690343379974365,0.9579069018363952,-3.368079423904419,0.0008239276940003,0.01618658516626909,0.03353132349001815,0.025082550107239417,0.04782050562522037,0.9579069367613855,0.9156468946528531,0.0008239279651059939,0.003001276231908434,2,notumor,0.9579069367613855,0.20623589049354452,2,notumor,0.9156468946528531,0.35736125945464625
D3B_icdc_glioma,GLIOMA01-i_6561,1.3.6.1.4.1.14519.5.2.1.292789083954857865766838322795931209494,1.3.6.1.4.1.14519.5.2.1.107039555734442993329560765265677753034,FSPGR 3D,BRAIN KNEE COIL/8,HEAD,glioma,collection_level_icdc_glioma,data/processed/D3B_icdc_glioma_selected_slices/GLIOMA01-i_6561/GLIOMA01-i_6561__265677753034__central02_idx0067.png,data/raw/D3B_icdc_glioma/1.3.6.1.4.1.14519.5.2.1.107039555734442993329560765265677753034/1-068.dcm,2,67,136,2,notumor,0.9896401166915894,0.0078192586079239,0.0642596944447613,-0.022234559059143,0.0078192586079239,-1.2545504570007324,0.0022802238818258,4.818517208099365,0.9896401166915894,-3.424208879470825,0.00026043941034,0.007819257129060812,0.019232090690560488,0.002280223936301519,0.007083962083079321,0.989640079454485,0.9724632713879138,0.0002604394801525897,0.0012206758384464135,2,notumor,0.989640079454485,0.0642597263820203,2,notumor,0.9724632713879138,0.14639720079657273
D3B_icdc_glioma,GLIOMA01-i_6561,1.3.6.1.4.1.14519.5.2.1.292789083954857865766838322795931209494,1.3.6.1.4.1.14519.5.2.1.107039555734442993329560765265677753034,FSPGR 3D,BRAIN KNEE COIL/8,HEAD,glioma,collection_level_icdc_glioma,data/processed/D3B_icdc_glioma_selected_slices/GLIOMA01-i_6561/GLIOMA01-i_6561__265677753034__central03_idx0068.png,data/raw/D3B_icdc_glioma/1.3.6.1.4.1.14519.5.2.1.107039555734442993329560765265677753034/1-069.dcm,3,68,136,2,notumor,0.9963653087615968,0.0029207055922597,0.0261897122690693,-0.2430050671100616,0.0029207055922597,-1.858842134475708,0.0005804150132462,5.589283466339111,0.9963653087615968,-3.3280346393585205,0.0001335600099992,0.0029207062182357827,0.008749522948956317,0.0005804151679100879,0.002361796148408928,0.996365318569211,0.9881706942590541,0.0001335600446432753,0.000717986643580717,2,notumor,0.996365318569211,0.0261897067966132,2,notumor,0.9881706942590541,0.07270339459907013
D3B_icdc_glioma,GLIOMA01-i_6561,1.3.6.1.4.1.14519.5.2.1.292789083954857865766838322795931209494,1.3.6.1.4.1.14519.5.2.1.107039555734442993329560765265677753034,FSPGR 3D,BRAIN KNEE COIL/8,HEAD,glioma,collection_level_icdc_glioma,data/processed/D3B_icdc_glioma_selected_slices/GLIOMA01-i_6561/GLIOMA01-i_6561__265677753034__central04_idx0069.png,data/raw/D3B_icdc_glioma/1.3.6.1.4.1.14519.5.2.1.107039555734442993329560765265677753034/1-070.dcm,4,69,136,2,notumor,0.998209834098816,0.0013347042258828,0.0143631767574022,-0.6264800429344177,0.0013347042258828,-1.9402008056640625,0.0003587925166357,5.990773677825928,0.998209834098816,-3.251276969909668,9.670534200267866e-05,0.00133470427680709,0.004654692081400446,0.0003587925147499884,0.0016050472450602558,0.9982097979186766,0.9931856151278861,9.670528976632108e-05,0.0005546455456531839,2,notumor,0.9982097979186766,0.014363212715158146,2,notumor,0.9931856151278861,0.04627236827256979
D3B_icdc_glioma,GLIOMA01-i_6561,1.3.6.1.4.1.14519.5.2.1.292789083954857865766838322795931209494,1.3.6.1.4.1.14519.5.2.1.107039555734442993329560765265677753034,FSPGR 3D,BRAIN KNEE COIL/8,HEAD,glioma,collection_level_icdc_glioma,data/processed/D3B_icdc_glioma_selected_slices/GLIOMA01-i_6561/GLIOMA01-i_6561__265677753034__central05_idx0070.png,data/raw/D3B_icdc_glioma/1.3.6.1.4.1.14519.5.2.1.107039555734442993329560765265677753034/1-071.dcm,5,70,136,2,notumor,0.9959149956703186,0.0028996323235332,0.0295904237190406,-0.4766057431697845,0.0028996323235332,-1.5879387855529783,0.000954326998908,5.362472057342529,0.9959149956703186,-3.006721019744873,0.0002309552946826,0.002899633057239963,0.008688243738987796,0.0009543270511392454,0.0035299230959511835,0.9959150845883634,0.9866639855753219,0.00023095530325737516,0.0011178475897390952,2,notumor,0.9959150845883634,0.029590339092668054,2,notumor,0.9866639855753219,0.08200814501162455
D3B_icdc_glioma,GLIOMA01-i_C3C0,1.3.6.1.4.1.14519.5.2.1.113382896337534967069897355516395220267,1.3.6.1.4.1.14519.5.2.1.107125424522044836954758152178866258390,t1_cor_tse post gad,t1_cor_tse post gad,HEAD,glioma,collection_level_icdc_glioma,data/processed/D3B_icdc_glioma_selected_slices/GLIOMA01-i_C3C0/GLIOMA01-i_C3C0__178866258390__central01_idx0005.png,data/raw/D3B_icdc_glioma/1.3.6.1.4.1.14519.5.2.1.107125424522044836954758152178866258390/1-06.dcm,1,5,14,2,notumor,0.996282160282135,0.0034956051968038,0.0254652123507688,0.4233420789241791,0.0034956051968038,-2.5612590312957764,0.0001767366484273,6.075866222381592,0.996282160282135,-3.917657375335693,4.552502650767565e-05,0.0034956045656654743,0.010126928913230976,0.00017673660371912372,0.0009014850718987946,0.996282133806032,0.9886713009324146,4.552502458336181e-05,0.0003002850824556057,2,notumor,0.996282133806032,0.02546523543059481,2,notumor,0.9886713009324146,0.06652906430584556
D3B_icdc_glioma,GLIOMA01-i_C3C0,1.3.6.1.4.1.14519.5.2.1.113382896337534967069897355516395220267,1.3.6.1.4.1.14519.5.2.1.107125424522044836954758152178866258390,t1_cor_tse post gad,t1_cor_tse post gad,HEAD,glioma,collection_level_icdc_glioma,data/processed/D3B_icdc_glioma_selected_slices/GLIOMA01-i_C3C0/GLIOMA01-i_C3C0__178866258390__central02_idx0006.png,data/raw/D3B_icdc_glioma/1.3.6.1.4.1.14519.5.2.1.107125424522044836954758152178866258390/1-07.dcm,2,6,14,2,notumor,0.9894184470176696,0.0083920927718281,0.0644664560660959,0.3768376410007477,0.0083920927718281,-1.0148704051971436,0.0020866964478045,5.146665096282959,0.9894184470176696,-4.025967121124268,0.0001027439866447,0.008392092628569487,0.020369939533428114,0.0020866958094948487,0.006593813468995273,0.989418467565213,0.9724617450331438,0.00010274399672269434,0.000574501964432908,2,notumor,0.989418467565213,0.06446643197657312,2,notumor,0.9724617450331438,0.14386846578645798
D3B_icdc_glioma,GLIOMA01-i_C3C0,1.3.6.1.4.1.14519.5.2.1.113382896337534967069897355516395220267,1.3.6.1.4.1.14519.5.2.1.107125424522044836954758152178866258390,t1_cor_tse post gad,t1_cor_tse post gad,HEAD,glioma,collection_level_icdc_glioma,data/processed/D3B_icdc_glioma_selected_slices/GLIOMA01-i_C3C0/GLIOMA01-i_C3C0__178866258390__central03_idx0007.png,data/raw/D3B_icdc_glioma/1.3.6.1.4.1.14519.5.2.1.107125424522044836954758152178866258390/1-08.dcm,3,7,14,2,notumor,0.970530092716217,0.0166325364261865,0.1542268693011303,0.2983356416225433,0.0166325364261865,0.0213188081979751,0.01260816026479,4.364817142486572,0.970530092716217,-3.985874891281128,0.0002292712597409,0.016632537187172114,0.03468947602972249,0.012608157372841149,0.027713630214598144,0.9705300342371898,0.9365198278262664,0.0002292712027969177,0.0010770659294129373,2,notumor,0.9705300342371898,0.15422691821117784,2,notumor,0.9365198278262664,0.28476019448607054
D3B_icdc_glioma,GLIOMA01-i_C3C0,1.3.6.1.4.1.14519.5.2.1.113382896337534967069897355516395220267,1.3.6.1.4.1.14519.5.2.1.107125424522044836954758152178866258390,t1_cor_tse post gad,t1_cor_tse post gad,HEAD,glioma,collection_level_icdc_glioma,data/processed/D3B_icdc_glioma_selected_slices/GLIOMA01-i_C3C0/GLIOMA01-i_C3C0__178866258390__central04_idx0008.png,data/raw/D3B_icdc_glioma/1.3.6.1.4.1.14519.5.2.1.107125424522044836954758152178866258390/1-09.dcm,4,8,14,1,meningioma,0.4313748180866241,0.3148965239524841,1.0777298219409146,1.6839416027069092,0.3148965239524841,1.9986748695373533,0.4313748180866241,1.4662580490112305,0.2532964646816253,-4.907342433929443,0.0004321252054069,0.3148965509701653,0.3191204603543673,0.431374853626351,0.41184556508736747,0.2532964701790496,0.26750656329351624,0.0004321252244340544,0.0015274112647488461,1,meningioma,0.431374853626351,1.077729822663736,1,meningioma,0.41184556508736747,1.0924872967958026
D3B_icdc_glioma,GLIOMA01-i_C3C0,1.3.6.1.4.1.14519.5.2.1.113382896337534967069897355516395220267,1.3.6.1.4.1.14519.5.2.1.107125424522044836954758152178866258390,t1_cor_tse post gad,t1_cor_tse post gad,HEAD,glioma,collection_level_icdc_glioma,data/processed/D3B_icdc_glioma_selected_slices/GLIOMA01-i_C3C0/GLIOMA01-i_C3C0__178866258390__central05_idx0009.png,data/raw/D3B_icdc_glioma/1.3.6.1.4.1.14519.5.2.1.107125424522044836954758152178866258390/1-10.dcm,5,9,14,2,notumor,0.973084270954132,0.0243413336575031,0.1327984759100225,1.163569450378418,0.0243413336575031,-1.127068042755127,0.0024633896537125,4.851864337921143,0.973084270954132,-4.227169990539551,0.0001109623699449,0.024341332845461243,0.04753027631786237,0.002463389759346653,0.007425270400778588,0.9730843149642997,0.9444425328389613,0.00011096243089238595,0.0006019204423977158,2,notumor,0.9730843149642997,0.13279843191837631,2,notumor,0.9444425328389613,0.23964900906265338
D3B_icdc_glioma,GLIOMA01-i_BF76,1.3.6.1.4.1.14519.5.2.1.235952234679028716357676607704854589953,1.3.6.1.4.1.14519.5.2.1.118531727331753402487140000387827365827,Ax T1 +C,SM BRAIN-MD/,HEAD,glioma,collection_level_icdc_glioma,data/processed/D3B_icdc_glioma_selected_slices/GLIOMA01-i_BF76/GLIOMA01-i_BF76__387827365827__central01_idx0013.png,data/raw/D3B_icdc_glioma/1.3.6.1.4.1.14519.5.2.1.118531727331753402487140000387827365827/1-14.dcm,1,13,30,0,glioma,0.7991581559181213,0.7991581559181213,0.6403268751881952,2.8694663047790527,0.7991581559181213,0.9818169474601746,0.1210143938660621,0.557532787322998,0.07917220890522,-4.236726760864258,0.0006553183193318,0.7991580922010023,0.7281912180499871,0.12101438604393927,0.1576997643311558,0.0791722035007235,0.11181282025925626,0.0006553182543348911,0.002296197359600897,0,glioma,0.7991580922010023,0.6403269072097025,0,glioma,0.7281912180499871,0.781184227655165
D3B_icdc_glioma,GLIOMA01-i_BF76,1.3.6.1.4.1.14519.5.2.1.235952234679028716357676607704854589953,1.3.6.1.4.1.14519.5.2.1.118531727331753402487140000387827365827,Ax T1 +C,SM BRAIN-MD/,HEAD,glioma,collection_level_icdc_glioma,data/processed/D3B_icdc_glioma_selected_slices/GLIOMA01-i_BF76/GLIOMA01-i_BF76__387827365827__central02_idx0014.png,data/raw/D3B_icdc_glioma/1.3.6.1.4.1.14519.5.2.1.118531727331753402487140000387827365827/1-15.dcm,2,14,30,0,glioma,0.619208574295044,0.619208574295044,0.7719541700712068,2.5296077728271484,0.619208574295044,-0.5917719006538391,0.0273048020899295,1.9649875164031985,0.3520671129226684,-3.5484988689422607,0.0014195434050634,0.6192085348699446,0.5814863975883136,0.02730479785637524,0.04633157354755106,0.3520671235989893,0.3679634228985967,0.0014195436746908584,0.004218605965538686,0,glioma,0.6192085348699446,0.7719541815566442,0,glioma,0.5814863975883136,0.84853839388526
D3B_icdc_glioma,GLIOMA01-i_BF76,1.3.6.1.4.1.14519.5.2.1.235952234679028716357676607704854589953,1.3.6.1.4.1.14519.5.2.1.118531727331753402487140000387827365827,Ax T1 +C,SM BRAIN-MD/,HEAD,glioma,collection_level_icdc_glioma,data/processed/D3B_icdc_glioma_selected_slices/GLIOMA01-i_BF76/GLIOMA01-i_BF76__387827365827__central03_idx0015.png,data/raw/D3B_icdc_glioma/1.3.6.1.4.1.14519.5.2.1.118531727331753402487140000387827365827/1-16.dcm,3,15,30,1,meningioma,0.5528244972229004,0.3493996262550354,0.92782589110128,1.7083021402359009,0.3493996262550354,2.167126417160034,0.5528244972229004,0.4248492121696472,0.0968112722039222,-4.183981418609619,0.0009645756217651,0.34939963395303153,0.35558699815521844,0.5528245197255487,0.515754157837741,0.09681127085806548,0.1256598110251871,0.0009645754633542783,0.002999032981853462,1,meningioma,0.5528245197255487,0.9278258795947544,1,meningioma,0.515754157837741,0.9872289584114047
D3B_icdc_glioma,GLIOMA01-i_BF76,1.3.6.1.4.1.14519.5.2.1.235952234679028716357676607704854589953,1.3.6.1.4.1.14519.5.2.1.118531727331753402487140000387827365827,Ax T1 +C,SM BRAIN-MD/,HEAD,glioma,collection_level_icdc_glioma,data/processed/D3B_icdc_glioma_selected_slices/GLIOMA01-i_BF76/GLIOMA01-i_BF76__387827365827__central04_idx0016.png,data/raw/D3B_icdc_glioma/1.3.6.1.4.1.14519.5.2.1.118531727331753402487140000387827365827/1-17.dcm,4,16,30,1,meningioma,0.6248409748077393,0.3588710725307464,0.7330510757668246,2.022427558898926,0.3588710725307464,2.5769615173339844,0.6248409748077393,-1.1492574214935305,0.0150484982877969,-3.6458840370178223,0.0012394298100844,0.3588710866237668,0.37678619444476924,0.6248409843035524,0.5905813370049605,0.015048499021386668,0.028822126605450422,0.001239430051294036,0.0038103419448198748,1,meningioma,0.6248409843035524,0.7330510748040235,1,meningioma,0.5905813370049605,0.8022455472784642
D3B_icdc_glioma,GLIOMA01-i_BF76,1.3.6.1.4.1.14519.5.2.1.235952234679028716357676607704854589953,1.3.6.1.4.1.14519.5.2.1.118531727331753402487140000387827365827,Ax T1 +C,SM BRAIN-MD/,HEAD,glioma,collection_level_icdc_glioma,data/processed/D3B_icdc_glioma_selected_slices/GLIOMA01-i_BF76/GLIOMA01-i_BF76__387827365827__central05_idx0017.png,data/raw/D3B_icdc_glioma/1.3.6.1.4.1.14519.5.2.1.118531727331753402487140000387827365827/1-18.dcm,5,17,30,0,glioma,0.732972264289856,0.732972264289856,0.6399052534134834,2.738410472869873,0.732972264289856,1.6757549047470093,0.2532690465450287,-1.3810527324676514,0.0119131738319993,-3.245938539505005,0.0018455154495313,0.7329722755055241,0.6821525090005116,0.2532690366565027,0.28830237159122946,0.011913171926027099,0.024205483161846824,0.0018455159119461363,0.005339636246412063,0,glioma,0.7329722755055241,0.6399052379013067,0,glioma,0.6821525090005116,0.737512512944664
D3B_icdc_glioma,GLIOMA01-i_1165,1.3.6.1.4.1.14519.5.2.1.138967438947378494828155132414366986280,1.3.6.1.4.1.14519.5.2.1.119497583346189757803560372667170222172,MP RAGE FS +C SUB,MP RAGE FS +C,HEAD,glioma,collection_level_icdc_glioma,data/processed/D3B_icdc_glioma_selected_slices/GLIOMA01-i_1165/GLIOMA01-i_1165__667170222172__central01_idx0126.png,data/raw/D3B_icdc_glioma/1.3.6.1.4.1.14519.5.2.1.119497583346189757803560372667170222172/1-127.dcm,1,126,256,0,glioma,0.755546510219574,0.755546510219574,0.5817290415851262,3.486064910888672,0.755546510219574,-2.4443602561950684,0.0020077528897672,2.3390309810638428,0.2399444580078125,-2.2245781421661377,0.0025012698024511,0.7555465282320093,0.707889876610984,0.0020077530249952877,0.005788632733002667,0.23994444946864438,0.27940421863268333,0.0025012692743509924,0.006917272023330005,0,glioma,0.7555465282320093,0.5817290230415452,0,glioma,0.707889876610984,0.6650464244833498
D3B_icdc_glioma,GLIOMA01-i_1165,1.3.6.1.4.1.14519.5.2.1.138967438947378494828155132414366986280,1.3.6.1.4.1.14519.5.2.1.119497583346189757803560372667170222172,MP RAGE FS +C SUB,MP RAGE FS +C,HEAD,glioma,collection_level_icdc_glioma,data/processed/D3B_icdc_glioma_selected_slices/GLIOMA01-i_1165/GLIOMA01-i_1165__667170222172__central02_idx0127.png,data/raw/D3B_icdc_glioma/1.3.6.1.4.1.14519.5.2.1.119497583346189757803560372667170222172/1-128.dcm,2,127,256,0,glioma,0.4969968497753143,0.4969968497753143,0.7350919592164051,2.800361633300781,0.4969968497753143,-2.681323289871216,0.0020686560310423,2.7979915142059326,0.4958202838897705,-1.7761998176574707,0.0051142061129212,0.4969968426572784,0.49155901778973876,0.002068655232648263,0.005782737140855811,0.4958202957792954,0.49061569096880076,0.005114206330777908,0.012042554100604643,0,glioma,0.4969968426572784,0.7350919546043176,0,glioma,0.49155901778973876,0.7814741497667436
D3B_icdc_glioma,GLIOMA01-i_1165,1.3.6.1.4.1.14519.5.2.1.138967438947378494828155132414366986280,1.3.6.1.4.1.14519.5.2.1.119497583346189757803560372667170222172,MP RAGE FS +C SUB,MP RAGE FS +C,HEAD,glioma,collection_level_icdc_glioma,data/processed/D3B_icdc_glioma_selected_slices/GLIOMA01-i_1165/GLIOMA01-i_1165__667170222172__central03_idx0128.png,data/raw/D3B_icdc_glioma/1.3.6.1.4.1.14519.5.2.1.119497583346189757803560372667170222172/1-129.dcm,3,128,256,2,notumor,0.6285187602043152,0.3635590970516205,0.7027540524607734,2.4436962604522705,0.3635590970516205,-2.6569623947143555,0.0022150680888444,2.9911203384399414,0.6285187602043152,-1.7105365991592407,0.0057070893235504,0.36355907759893535,0.38329889352180513,0.002215068111074282,0.006140572859454988,0.6285187660765205,0.5973374840593719,0.005707088213469966,0.013223049559367943,2,notumor,0.6285187660765205,0.7027540445747575,2,notumor,0.5973374840593719,0.7638257314929654
D3B_icdc_glioma,GLIOMA01-i_1165,1.3.6.1.4.1.14519.5.2.1.138967438947378494828155132414366986280,1.3.6.1.4.1.14519.5.2.1.119497583346189757803560372667170222172,MP RAGE FS +C SUB,MP RAGE FS +C,HEAD,glioma,collection_level_icdc_glioma,data/processed/D3B_icdc_glioma_selected_slices/GLIOMA01-i_1165/GLIOMA01-i_1165__667170222172__central04_idx0129.png,data/raw/D3B_icdc_glioma/1.3.6.1.4.1.14519.5.2.1.119497583346189757803560372667170222172/1-130.dcm,4,129,256,2,notumor,0.5934539437294006,0.4012529253959656,0.7069190843046258,2.645307779312134,0.4012529253959656,-2.979947805404663,0.001446773763746,3.036675453186035,0.5934539437294006,-2.002148389816284,0.0038463918026536,0.4012529039444561,0.41547823991537153,0.001446774110975679,0.0043508298356612525,0.5934539292657387,0.5705606132195816,0.0038463926788294906,0.009610317029385616,2,notumor,0.5934539292657387,0.7069190990029969,2,notumor,0.5705606132195816,0.7533832543482918
D3B_icdc_glioma,GLIOMA01-i_1165,1.3.6.1.4.1.14519.5.2.1.138967438947378494828155132414366986280,1.3.6.1.4.1.14519.5.2.1.119497583346189757803560372667170222172,MP RAGE FS +C SUB,MP RAGE FS +C,HEAD,glioma,collection_level_icdc_glioma,data/processed/D3B_icdc_glioma_selected_slices/GLIOMA01-i_1165/GLIOMA01-i_1165__667170222172__central05_idx0130.png,data/raw/D3B_icdc_glioma/1.3.6.1.4.1.14519.5.2.1.119497583346189757803560372667170222172/1-131.dcm,5,130,256,2,notumor,0.781818687915802,0.2143561989068985,0.5464582408013786,2.289304733276367,0.2143561989068985,-2.603050708770752,0.001608470105566,3.5832884311676025,0.781818687915802,-2.2823548316955566,0.0022166105918586,0.21435621349906137,0.2565696741914097,0.0016084705172894826,0.004866258368609637,0.7818187046237108,0.7322534242462817,0.0022166113599382557,0.006310643193699023,2,notumor,0.7818187046237108,0.5464582422502168,2,notumor,0.7322534242462817,0.6350985579949673
D3B_icdc_glioma,GLIOMA01-i_8743,1.3.6.1.4.1.14519.5.2.1.292914470163135235245310885293451696300,1.3.6.1.4.1.14519.5.2.1.126374909903560581946131420797090115492,AX FSE T1,BRAIN CARDIAC COIL/4,HEAD,glioma,collection_level_icdc_glioma,data/processed/D3B_icdc_glioma_selected_slices/GLIOMA01-i_8743/GLIOMA01-i_8743__797090115492__central01_idx0012.png,data/raw/D3B_icdc_glioma/1.3.6.1.4.1.14519.5.2.1.126374909903560581946131420797090115492/1-13.dcm,1,12,28,0,glioma,0.6307370662689209,0.6307370662689209,0.7257612361907998,3.0076184272766118,0.6307370662689209,-0.7371650338172913,0.014911095611751,2.429187297821045,0.353703111410141,-3.871941089630127,0.0006487743230536,0.6307370228477334,0.5960833569764065,0.014911094781260093,0.028656223963127257,0.35370310814574696,0.3730018093162312,0.0006487742252596207,0.00225860974423498,0,glioma,0.6307370228477334,0.7257612561900272,0,glioma,0.5960833569764065,0.7918020793883159
D3B_icdc_glioma,GLIOMA01-i_8743,1.3.6.1.4.1.14519.5.2.1.292914470163135235245310885293451696300,1.3.6.1.4.1.14519.5.2.1.126374909903560581946131420797090115492,AX FSE T1,BRAIN CARDIAC COIL/4,HEAD,glioma,collection_level_icdc_glioma,data/processed/D3B_icdc_glioma_selected_slices/GLIOMA01-i_8743/GLIOMA01-i_8743__797090115492__central02_idx0013.png,data/raw/D3B_icdc_glioma/1.3.6.1.4.1.14519.5.2.1.126374909903560581946131420797090115492/1-14.dcm,2,13,28,0,glioma,0.8456066846847534,0.8456066846847534,0.4636444188521492,3.643228054046631,0.8456066846847534,-1.0616202354431152,0.0076538296416401,1.8889015913009644,0.1463100463151931,-3.9419760704040527,0.0004294930258765,0.8456066519315341,0.790205647637509,0.007653828740255836,0.017447318742997323,0.14631002632292378,0.19065697525978004,0.0004294930052864691,0.0016900583597136858,0,glioma,0.8456066519315341,0.4636444240495043,0,glioma,0.790205647637509,0.5834596319634421
D3B_icdc_glioma,GLIOMA01-i_8743,1.3.6.1.4.1.14519.5.2.1.292914470163135235245310885293451696300,1.3.6.1.4.1.14519.5.2.1.126374909903560581946131420797090115492,AX FSE T1,BRAIN CARDIAC COIL/4,HEAD,glioma,collection_level_icdc_glioma,data/processed/D3B_icdc_glioma_selected_slices/GLIOMA01-i_8743/GLIOMA01-i_8743__797090115492__central03_idx0014.png,data/raw/D3B_icdc_glioma/1.3.6.1.4.1.14519.5.2.1.126374909903560581946131420797090115492/1-15.dcm,3,14,28,0,glioma,0.93437922000885,0.93437922000885,0.2492743505458798,4.456308364868164,0.93437922000885,-2.449796199798584,0.0009359229006804,1.7804348468780518,0.0643288940191268,-3.41672420501709,0.0003558840835466,0.9343792961060495,0.8930735318613392,0.0009359229631122249,0.0033119067452212297,0.064328896813949,0.1021019094849725,0.0003558841168892221,0.0015126519084668662,0,glioma,0.9343792961060495,0.24927428509146962,0,glioma,0.8930735318613392,0.36270367208044735
D3B_icdc_glioma,GLIOMA01-i_8743,1.3.6.1.4.1.14519.5.2.1.292914470163135235245310885293451696300,1.3.6.1.4.1.14519.5.2.1.126374909903560581946131420797090115492,AX FSE T1,BRAIN CARDIAC COIL/4,HEAD,glioma,collection_level_icdc_glioma,data/processed/D3B_icdc_glioma_selected_slices/GLIOMA01-i_8743/GLIOMA01-i_8743__797090115492__central04_idx0015.png,data/raw/D3B_icdc_glioma/1.3.6.1.4.1.14519.5.2.1.126374909903560581946131420797090115492/1-16.dcm,4,15,28,0,glioma,0.7262648940086365,0.7262648940086365,0.5955000686753575,3.909965038299561,0.7262648940086365,-2.806447505950928,0.0008794156601652,2.929734706878662,0.2725124955177307,-3.7473652362823486,0.0003432089870329,0.726264880460463,0.6857883282172762,0.0008794155438732041,0.0029658468760656925,0.2725124949233301,0.3098623709311502,0.00034320907233359357,0.0013834539755079886,0,glioma,0.726264880460463,0.5955000776051032,0,glioma,0.6857883282172762,0.6480835695532564
D3B_icdc_glioma,GLIOMA01-i_8743,1.3.6.1.4.1.14519.5.2.1.292914470163135235245310885293451696300,1.3.6.1.4.1.14519.5.2.1.126374909903560581946131420797090115492,AX FSE T1,BRAIN CARDIAC COIL/4,HEAD,glioma,collection_level_icdc_glioma,data/processed/D3B_icdc_glioma_selected_slices/GLIOMA01-i_8743/GLIOMA01-i_8743__797090115492__central05_idx0016.png,data/raw/D3B_icdc_glioma/1.3.6.1.4.1.14519.5.2.1.126374909903560581946131420797090115492/1-17.dcm,5,16,28,2,notumor,0.5680363774299622,0.4296630918979645,0.6990860433874859,3.148096799850464,0.4296630918979645,-2.2206273078918457,0.002002261346206,3.427280902862549,0.5680363774299622,-4.124646663665772,0.0002982742153108,0.4296630809683268,0.44061416911350443,0.0020022614388262886,0.005680363980731357,0.5680363833968051,0.5524915195210973,0.0002982741960418985,0.0012139473846669061,2,notumor,0.5680363833968051,0.6990860428378199,2,notumor,0.5524915195210973,0.7264457644871677
D3B_icdc_glioma,GLIOMA01-i_FECA,1.3.6.1.4.1.14519.5.2.1.219496406064454363522821095725012577639,1.3.6.1.4.1.14519.5.2.1.129647912181564009003674418318949601014,T1/T/SE  +C,T1/T/SE  +C,HEAD,glioma,collection_level_icdc_glioma,data/processed/D3B_icdc_glioma_selected_slices/GLIOMA01-i_FECA/GLIOMA01-i_FECA__318949601014__central01_idx0006.png,data/raw/D3B_icdc_glioma/1.3.6.1.4.1.14519.5.2.1.129647912181564009003674418318949601014/1-07.dcm,1,6,16,2,notumor,0.6100608110427856,0.3193855285644531,0.867493766981319,1.38749361038208,0.3193855285644531,-0.175870805978775,0.0668889880180358,2.034653425216675,0.6100608110427856,-3.0801777839660645,0.003664631396532,0.31938551920817215,0.3335520192644538,0.06688899677656907,0.09394873166501871,0.6100608535474321,0.5635737273777993,0.0036646304678265855,0.008925521692728158,2,notumor,0.6100608535474321,0.8674937548101793,2,notumor,0.5635737273777993,0.9537183861854861
D3B_icdc_glioma,GLIOMA01-i_FECA,1.3.6.1.4.1.14519.5.2.1.219496406064454363522821095725012577639,1.3.6.1.4.1.14519.5.2.1.129647912181564009003674418318949601014,T1/T/SE  +C,T1/T/SE  +C,HEAD,glioma,collection_level_icdc_glioma,data/processed/D3B_icdc_glioma_selected_slices/GLIOMA01-i_FECA/GLIOMA01-i_FECA__318949601014__central02_idx0007.png,data/raw/D3B_icdc_glioma/1.3.6.1.4.1.14519.5.2.1.129647912181564009003674418318949601014/1-08.dcm,2,7,16,2,notumor,0.7420018911361694,0.1996009051799774,0.7228723992880389,0.8873777389526367,0.1996009051799774,-0.4081355333328247,0.0546422004699707,2.2004096508026123,0.7420018911361694,-3.0858545303344727,0.0037549964617937,0.19960090199887595,0.2331918776177723,0.05464220724659245,0.0816054100735278,0.7420018932764023,0.6758870008988147,0.0037549974781292913,0.009315711409885147,2,notumor,0.7420018932764023,0.7228724134236518,2,notumor,0.6758870008988147,0.8523198371226827
D3B_icdc_glioma,GLIOMA01-i_FECA,1.3.6.1.4.1.14519.5.2.1.219496406064454363522821095725012577639,1.3.6.1.4.1.14519.5.2.1.129647912181564009003674418318949601014,T1/T/SE  +C,T1/T/SE  +C,HEAD,glioma,collection_level_icdc_glioma,data/processed/D3B_icdc_glioma_selected_slices/GLIOMA01-i_FECA/GLIOMA01-i_FECA__318949601014__central03_idx0008.png,data/raw/D3B_icdc_glioma/1.3.6.1.4.1.14519.5.2.1.129647912181564009003674418318949601014/1-09.dcm,3,8,16,2,notumor,0.910833179950714,0.085641823709011,0.3168725171649804,1.5840797424316406,0.085641823709011,-1.7565292119979858,0.0030330382287502,3.948265790939331,0.910833179950714,-3.5755836963653564,0.0004918951308354,0.08564182566961663,0.12696325848281698,0.003033038210922837,0.008469373343704364,0.9108332409509609,0.8626283544056174,0.0004918951684995469,0.0019390137678613915,2,notumor,0.9108332409509609,0.3168724648833167,2,notumor,0.8626283544056174,0.442025980450369
D3B_icdc_glioma,GLIOMA01-i_FECA,1.3.6.1.4.1.14519.5.2.1.219496406064454363522821095725012577639,1.3.6.1.4.1.14519.5.2.1.129647912181564009003674418318949601014,T1/T/SE  +C,T1/T/SE  +C,HEAD,glioma,collection_level_icdc_glioma,data/processed/D3B_icdc_glioma_selected_slices/GLIOMA01-i_FECA/GLIOMA01-i_FECA__318949601014__central04_idx0009.png,data/raw/D3B_icdc_glioma/1.3.6.1.4.1.14519.5.2.1.129647912181564009003674418318949601014/1-10.dcm,4,9,16,1,meningioma,0.4300028383731842,0.2953611016273498,1.0890502558691153,1.4231489896774292,0.2953611016273498,1.7987420558929443,0.4300028383731842,1.3436927795410156,0.272801011800766,-3.657982587814331,0.0018350415630266,0.2953611247172611,0.3021397737067719,0.430002845228698,0.40964632385639954,0.27280098839858563,0.28329631195918686,0.0018350416554550931,0.004917590477641603,1,meningioma,0.430002845228698,1.089050253361332,1,meningioma,0.40964632385639954,1.1106616230590007
D3B_icdc_glioma,GLIOMA01-i_FECA,1.3.6.1.4.1.14519.5.2.1.219496406064454363522821095725012577639,1.3.6.1.4.1.14519.5.2.1.129647912181564009003674418318949601014,T1/T/SE  +C,T1/T/SE  +C,HEAD,glioma,collection_level_icdc_glioma,data/processed/D3B_icdc_glioma_selected_slices/GLIOMA01-i_FECA/GLIOMA01-i_FECA__318949601014__central05_idx0010.png,data/raw/D3B_icdc_glioma/1.3.6.1.4.1.14519.5.2.1.129647912181564009003674418318949601014/1-11.dcm,5,10,16,1,meningioma,0.7491458058357239,0.1471630632877349,0.7383043275582097,1.1427139043807983,0.1471630632877349,2.770106315612793,0.7491458058357239,0.7843396663665771,0.1028392314910888,-4.008979797363281,0.0008520138217136,0.14716304214869408,0.18172693874767876,0.7491457172372562,0.6795611188154307,0.10283922685173578,0.13591857973568633,0.0008520137623139267,0.002793362701204234,1,meningioma,0.7491457172372562,0.7383043649259319,1,meningioma,0.6795611188154307,0.86008884144252
D3B_icdc_glioma,GLIOMA01-i_05CA,1.3.6.1.4.1.14519.5.2.1.204647078142213578871402112392304405271,1.3.6.1.4.1.14519.5.2.1.134195134137667202942465181548202178049,T1 FS TRANS +C,T1 FS TRANS +C,HEAD,glioma,collection_level_icdc_glioma,data/processed/D3B_icdc_glioma_selected_slices/GLIOMA01-i_05CA/GLIOMA01-i_05CA__548202178049__central01_idx0014.png,data/raw/D3B_icdc_glioma/1.3.6.1.4.1.14519.5.2.1.134195134137667202942465181548202178049/1-15.dcm,1,14,32,2,notumor,0.9805553555488586,0.0182439591735601,0.1011978385058287,0.7803685665130615,0.0182439591735601,-2.7792930603027344,0.0005190123338252,4.76465368270874,0.9805553555488586,-2.506563425064087,0.0006817459361627,0.018243957181150287,0.03790336929501771,0.0005190122905000268,0.00211713681720705,0.9805552844978167,0.9573386408122275,0.0006817460305331098,0.0026408530755477944,2,notumor,0.9805552844978167,0.10119790248595616,2,notumor,0.9573386408122275,0.1944995777499608
D3B_icdc_glioma,GLIOMA01-i_05CA,1.3.6.1.4.1.14519.5.2.1.204647078142213578871402112392304405271,1.3.6.1.4.1.14519.5.2.1.134195134137667202942465181548202178049,T1 FS TRANS +C,T1 FS TRANS +C,HEAD,glioma,collection_level_icdc_glioma,data/processed/D3B_icdc_glioma_selected_slices/GLIOMA01-i_05CA/GLIOMA01-i_05CA__548202178049__central02_idx0015.png,data/raw/D3B_icdc_glioma/1.3.6.1.4.1.14519.5.2.1.134195134137667202942465181548202178049/1-16.dcm,2,15,32,2,notumor,0.9958508014678956,0.0027264186646789,0.030134184208212,-0.6309871673583984,0.0027264186646789,-3.2692959308624268,0.0001948899880517,5.2696213722229,0.9958508014678956,-1.4286932945251465,0.001227872329764,0.002726418727701046,0.00826366801363487,0.00019489002831659288,0.0009739609421201004,0.9958508189864731,0.9864332827890652,0.0012278722575091664,0.0043290882551799085,2,notumor,0.9958508189864731,0.03013416696327164,2,notumor,0.9864332827890652,0.08342008953736624
D3B_icdc_glioma,GLIOMA01-i_05CA,1.3.6.1.4.1.14519.5.2.1.204647078142213578871402112392304405271,1.3.6.1.4.1.14519.5.2.1.134195134137667202942465181548202178049,T1 FS TRANS +C,T1 FS TRANS +C,HEAD,glioma,collection_level_icdc_glioma,data/processed/D3B_icdc_glioma_selected_slices/GLIOMA01-i_05CA/GLIOMA01-i_05CA__548202178049__central03_idx0016.png,data/raw/D3B_icdc_glioma/1.3.6.1.4.1.14519.5.2.1.134195134137667202942465181548202178049/1-17.dcm,3,16,32,2,notumor,0.9963085055351256,0.002208964433521,0.02729938662578,-0.6480379104614258,0.002208964433521,-3.4524974822998047,0.0001337295543635,5.463495254516602,0.9963085055351256,-1.1413514614105225,0.0013487929245457,0.0022089643737874176,0.006973637008793073,0.0001337295535847529,0.0007183668675126364,0.9963085129011297,0.9876325511940528,0.001348793171498195,0.004675444929641483,2,notumor,0.9963085129011297,0.027299380360343257,2,notumor,0.9876325511940528,0.07720477194946293
D3B_icdc_glioma,GLIOMA01-i_05CA,1.3.6.1.4.1.14519.5.2.1.204647078142213578871402112392304405271,1.3.6.1.4.1.14519.5.2.1.134195134137667202942465181548202178049,T1 FS TRANS +C,T1 FS TRANS +C,HEAD,glioma,collection_level_icdc_glioma,data/processed/D3B_icdc_glioma_selected_slices/GLIOMA01-i_05CA/GLIOMA01-i_05CA__548202178049__central04_idx0017.png,data/raw/D3B_icdc_glioma/1.3.6.1.4.1.14519.5.2.1.134195134137667202942465181548202178049/1-18.dcm,4,17,32,2,notumor,0.9919583797454834,0.0065247290767729,0.0516802606339144,-0.1212196871638298,0.0065247290767729,-2.602372407913208,0.0005457721999846,4.902862071990967,0.9919583797454834,-2.0260660648345947,0.000971176312305,0.006524728439462449,0.016663359674954817,0.0005457723198152543,0.0022307299415203134,0.991958322729031,0.9775471792931423,0.0009711765116912515,0.0035587310903826778,2,notumor,0.991958322729031,0.051680316584522115,2,notumor,0.9775471792931423,0.12411262422620346
D3B_icdc_glioma,GLIOMA01-i_05CA,1.3.6.1.4.1.14519.5.2.1.204647078142213578871402112392304405271,1.3.6.1.4.1.14519.5.2.1.134195134137667202942465181548202178049,T1 FS TRANS +C,T1 FS TRANS +C,HEAD,glioma,collection_level_icdc_glioma,data/processed/D3B_icdc_glioma_selected_slices/GLIOMA01-i_05CA/GLIOMA01-i_05CA__548202178049__central05_idx0018.png,data/raw/D3B_icdc_glioma/1.3.6.1.4.1.14519.5.2.1.134195134137667202942465181548202178049/1-19.dcm,5,18,32,2,notumor,0.9927553534507751,0.0060827988199889,0.0468698516188995,-0.0324933156371116,0.0060827988199889,-2.68976092338562,0.0004266451287548,5.062526226043701,0.9927553534507751,-2.1455729007720947,0.0007351982640102,0.006082797628152608,0.015764779321628314,0.0004266450477350379,0.0018297149887874196,0.9927553589054062,0.9795615251353268,0.0007351984187062354,0.002843980554257507,2,notumor,0.9927553589054062,0.04686984172850462,2,notumor,0.9795615251353268,0.11385840519067379
D3B_icdc_glioma,GLIOMA01-i_D026,1.3.6.1.4.1.14519.5.2.1.147967266238547574979539666384120283684,1.3.6.1.4.1.14519.5.2.1.140279437954891376987651232566447039670,FSPGR 3D,BRAIN CARDIAC COIL/8,HEAD,glioma,collection_level_icdc_glioma,data/processed/D3B_icdc_glioma_selected_slices/GLIOMA01-i_D026/GLIOMA01-i_D026__566447039670__central01_idx0080.png,data/raw/D3B_icdc_glioma/1.3.6.1.4.1.14519.5.2.1.140279437954891376987651232566447039670/1-081.dcm,1,80,164,2,notumor,0.5187016129493713,0.4687269628047943,0.7569316771750382,2.172281503677368,0.4687269628047943,-3.066152572631836,0.0024882657453417,2.273589849472046,0.5187016129493713,-1.6668660640716553,0.010083220899105,0.46872693623822675,0.466323519733141,0.0024882665342997818,0.006681353989036824,0.5187015757194555,0.5062275875043998,0.010083221508017944,0.020767538773422353,2,notumor,0.5187015757194555,0.7569317025343583,2,notumor,0.5062275875043998,0.8142949992828367
D3B_icdc_glioma,GLIOMA01-i_D026,1.3.6.1.4.1.14519.5.2.1.147967266238547574979539666384120283684,1.3.6.1.4.1.14519.5.2.1.140279437954891376987651232566447039670,FSPGR 3D,BRAIN CARDIAC COIL/8,HEAD,glioma,collection_level_icdc_glioma,data/processed/D3B_icdc_glioma_selected_slices/GLIOMA01-i_D026/GLIOMA01-i_D026__566447039670__central02_idx0081.png,data/raw/D3B_icdc_glioma/1.3.6.1.4.1.14519.5.2.1.140279437954891376987651232566447039670/1-082.dcm,2,81,164,0,glioma,0.7747997641563416,0.7747997641563416,0.6034015852732941,2.574073553085327,0.7747997641563416,-2.5544300079345703,0.0045910133048892,1.2602956295013428,0.2082681953907013,-1.5656046867370603,0.0123409945517778,0.7747997818402775,0.7166518272755387,0.004591014799923766,0.01122480207947766,0.20826821128678702,0.24710694806719946,0.012340992073011568,0.025016422577784178,0,glioma,0.7747997818402775,0.603401579283891,0,glioma,0.7166518272755387,0.7268639733631345
D3B_icdc_glioma,GLIOMA01-i_D026,1.3.6.1.4.1.14519.5.2.1.147967266238547574979539666384120283684,1.3.6.1.4.1.14519.5.2.1.140279437954891376987651232566447039670,FSPGR 3D,BRAIN CARDIAC COIL/8,HEAD,glioma,collection_level_icdc_glioma,data/processed/D3B_icdc_glioma_selected_slices/GLIOMA01-i_D026/GLIOMA01-i_D026__566447039670__central03_idx0082.png,data/raw/D3B_icdc_glioma/1.3.6.1.4.1.14519.5.2.1.140279437954891376987651232566447039670/1-083.dcm,3,82,164,0,glioma,0.9246252179145812,0.9246252179145812,0.3006577196712732,3.3551816940307617,0.9246252179145812,-2.2831778526306152,0.0032904653344303,0.721990168094635,0.0664332062005996,-1.742354393005371,0.0056511121802031,0.9246252204405625,0.8735359437545809,0.0032904651628164554,0.009050910389831347,0.06643320205003637,0.10338335542609564,0.005651112346584796,0.01402979042949218,0,glioma,0.9246252204405625,0.30065771012465164,0,glioma,0.8735359437545809,0.4551589714578908
D3B_icdc_glioma,GLIOMA01-i_D026,1.3.6.1.4.1.14519.5.2.1.147967266238547574979539666384120283684,1.3.6.1.4.1.14519.5.2.1.140279437954891376987651232566447039670,FSPGR 3D,BRAIN CARDIAC COIL/8,HEAD,glioma,collection_level_icdc_glioma,data/processed/D3B_icdc_glioma_selected_slices/GLIOMA01-i_D026/GLIOMA01-i_D026__566447039670__central04_idx0083.png,data/raw/D3B_icdc_glioma/1.3.6.1.4.1.14519.5.2.1.140279437954891376987651232566447039670/1-084.dcm,4,83,164,0,glioma,0.8711147904396057,0.8711147904396057,0.4441475606690311,2.8867664337158203,0.8711147904396057,-2.25528335571289,0.0050922711379826,0.8374549746513367,0.1122201383113861,-1.434352159500122,0.0115727763622999,0.871114829895063,0.8093266301087704,0.005092271588489353,0.012537943596905653,0.11222012519539534,0.1537473531948436,0.011572773321052271,0.024388073099480344,0,glioma,0.871114829895063,0.444147502493378,0,glioma,0.8093266301087704,0.6045712707981654
D3B_icdc_glioma,GLIOMA01-i_D026,1.3.6.1.4.1.14519.5.2.1.147967266238547574979539666384120283684,1.3.6.1.4.1.14519.5.2.1.140279437954891376987651232566447039670,FSPGR 3D,BRAIN CARDIAC COIL/8,HEAD,glioma,collection_level_icdc_glioma,data/processed/D3B_icdc_glioma_selected_slices/GLIOMA01-i_D026/GLIOMA01-i_D026__566447039670__central05_idx0084.png,data/raw/D3B_icdc_glioma/1.3.6.1.4.1.14519.5.2.1.140279437954891376987651232566447039670/1-085.dcm,5,84,164,0,glioma,0.6237155199050903,0.6237155199050903,0.7905778562028024,2.0505642890930176,0.6237155199050903,-2.423535108566284,0.0071106613613665,1.4541717767715454,0.3435393869876861,-1.141195297241211,0.025634391233325,0.6237155293223047,0.5818718665319346,0.007110659415195115,0.01548940973553848,0.34353942161542694,0.3588469491896217,0.02563438964707327,0.04379177454290527,0,glioma,0.6237155293223047,0.7905778416960817,0,glioma,0.5818718665319346,0.8844020288700838
D3B_icdc_glioma,GLIOMA01-i_0FF0,1.3.6.1.4.1.14519.5.2.1.158198985759400658053234760166855309047,1.3.6.1.4.1.14519.5.2.1.145185012510140618200318931731146332261,O-Ax T1 SE S,"Brain, Dual Coil/",HEAD,glioma,collection_level_icdc_glioma,data/processed/D3B_icdc_glioma_selected_slices/GLIOMA01-i_0FF0/GLIOMA01-i_0FF0__731146332261__central01_idx0008.png,data/raw/D3B_icdc_glioma/1.3.6.1.4.1.14519.5.2.1.145185012510140618200318931731146332261/1-09.dcm,1,8,20,2,notumor,0.9885392785072328,0.0074680326506495,0.0707965324421383,0.1496300399303436,0.0074680326506495,-3.4989476203918457,0.0001943789538927,5.035226821899414,0.9885392785072328,-0.5264443159103394,0.0037983134388923,0.007468032603815085,0.018495802837051264,0.0001943788733879305,0.000961275004433023,0.9885392747067602,0.9698496975595736,0.0037983138160369544,0.010693224598942187,2,notumor,0.9885392747067602,0.07079653713357514,2,notumor,0.9698496975595736,0.15869892919616205
D3B_icdc_glioma,GLIOMA01-i_0FF0,1.3.6.1.4.1.14519.5.2.1.158198985759400658053234760166855309047,1.3.6.1.4.1.14519.5.2.1.145185012510140618200318931731146332261,O-Ax T1 SE S,"Brain, Dual Coil/",HEAD,glioma,collection_level_icdc_glioma,data/processed/D3B_icdc_glioma_selected_slices/GLIOMA01-i_0FF0/GLIOMA01-i_0FF0__731146332261__central02_idx0009.png,data/raw/D3B_icdc_glioma/1.3.6.1.4.1.14519.5.2.1.145185012510140618200318931731146332261/1-10.dcm,2,9,20,2,notumor,0.7617265582084656,0.2255460917949676,0.6025130785302145,1.9248034954071045,0.2255460917949676,-3.391163825988769,0.001108000637032,3.141866683959961,0.7617265582084656,-1.0410428047180176,0.0116194225847721,0.2255460608812727,0.26417561439955134,0.0011080005423413106,0.0035545101099152647,0.7617265155223732,0.7083931471646218,0.011619423054012718,0.02387672832591165,2,notumor,0.7617265155223732,0.6025130955461647,2,notumor,0.7083931471646218,0.7050996806754778
D3B_icdc_glioma,GLIOMA01-i_0FF0,1.3.6.1.4.1.14519.5.2.1.158198985759400658053234760166855309047,1.3.6.1.4.1.14519.5.2.1.145185012510140618200318931731146332261,O-Ax T1 SE S,"Brain, Dual Coil/",HEAD,glioma,collection_level_icdc_glioma,data/processed/D3B_icdc_glioma_selected_slices/GLIOMA01-i_0FF0/GLIOMA01-i_0FF0__731146332261__central03_idx0010.png,data/raw/D3B_icdc_glioma/1.3.6.1.4.1.14519.5.2.1.145185012510140618200318931731146332261/1-11.dcm,3,10,20,2,notumor,0.763924241065979,0.2326139658689499,0.5669665662716701,2.4182329177856445,0.2326139658689499,-2.4956610202789307,0.0017082784324884,3.607321262359619,0.763924241065979,-2.469533681869507,0.0017535001970827,0.23261396887509095,0.2732922728939451,0.0017082788711908798,0.005093731848895392,0.7639242524231397,0.7164112522620792,0.0017534998305785813,0.005202742995080335,2,notumor,0.7639242524231397,0.5669665597482253,2,notumor,0.7164112522620792,0.6476948013585262
D3B_icdc_glioma,GLIOMA01-i_0FF0,1.3.6.1.4.1.14519.5.2.1.158198985759400658053234760166855309047,1.3.6.1.4.1.14519.5.2.1.145185012510140618200318931731146332261,O-Ax T1 SE S,"Brain, Dual Coil/",HEAD,glioma,collection_level_icdc_glioma,data/processed/D3B_icdc_glioma_selected_slices/GLIOMA01-i_0FF0/GLIOMA01-i_0FF0__731146332261__central04_idx0011.png,data/raw/D3B_icdc_glioma/1.3.6.1.4.1.14519.5.2.1.145185012510140618200318931731146332261/1-12.dcm,4,11,20,2,notumor,0.9695377349853516,0.0258377343416214,0.1516937351380155,0.5941181182861328,0.0258377343416214,-2.687089204788208,0.0009710556478239,4.219101428985596,0.9695377349853516,-1.362060546875,0.0036533970851451,0.025837738629910376,0.04962451168211238,0.0009710559781894387,0.0034735826484834824,0.9695378081146288,0.936735652440546,0.0036533972772712954,0.010166253228858084,2,notumor,0.9695378081146288,0.15169367850792978,2,notumor,0.936735652440546,0.27657449486107
D3B_icdc_glioma,GLIOMA01-i_0FF0,1.3.6.1.4.1.14519.5.2.1.158198985759400658053234760166855309047,1.3.6.1.4.1.14519.5.2.1.145185012510140618200318931731146332261,O-Ax T1 SE S,"Brain, Dual Coil/",HEAD,glioma,collection_level_icdc_glioma,data/processed/D3B_icdc_glioma_selected_slices/GLIOMA01-i_0FF0/GLIOMA01-i_0FF0__731146332261__central05_idx0012.png,data/raw/D3B_icdc_glioma/1.3.6.1.4.1.14519.5.2.1.145185012510140618200318931731146332261/1-13.dcm,5,12,20,2,notumor,0.8914870619773865,0.1021789163351059,0.3718201210102572,1.2596242427825928,0.1021789163351059,-2.047489643096924,0.0037419667933136,3.425789833068848,0.8914870619773865,-2.41467022895813,0.0025920034386217,0.10217891940727758,0.1447942808301941,0.0037419673501875696,0.009924627434574947,0.8914871102922356,0.8379109799808158,0.0025920029502993483,0.007370111754415121,2,notumor,0.8914871102922356,0.3718200823158264,2,notumor,0.8379109799808158,0.5099547966239054
D3B_icdc_glioma,GLIOMA01-i_6454,1.3.6.1.4.1.14519.5.2.1.131202284249283473488626711122269899807,1.3.6.1.4.1.14519.5.2.1.14543132867466309601670285112662324635,RAGE FS +C TRANS,MP RAGE FS +C,HEAD,glioma,collection_level_icdc_glioma,data/processed/D3B_icdc_glioma_selected_slices/GLIOMA01-i_6454/GLIOMA01-i_6454__112662324635__central01_idx0019.png,data/raw/D3B_icdc_glioma/1.3.6.1.4.1.14519.5.2.1.14543132867466309601670285112662324635/1-20.dcm,1,19,42,2,notumor,0.9646962881088256,0.0324805863201618,0.1636795297511459,1.0961925983428955,0.0324805863201618,-3.3452439308166504,0.0003825890016742,4.487363338470459,0.9646962881088256,-1.4922099113464355,0.0024405904114246,0.03248058511258441,0.059637437218990896,0.0003825889898860305,0.0016301334156247562,0.9646962353932111,0.9314133973991413,0.002440590504318202,0.007319031966243053,2,notumor,0.9646962353932111,0.16367957802607175,2,notumor,0.9314133973991413,0.28077860253644077
D3B_icdc_glioma,GLIOMA01-i_6454,1.3.6.1.4.1.14519.5.2.1.131202284249283473488626711122269899807,1.3.6.1.4.1.14519.5.2.1.14543132867466309601670285112662324635,RAGE FS +C TRANS,MP RAGE FS +C,HEAD,glioma,collection_level_icdc_glioma,data/processed/D3B_icdc_glioma_selected_slices/GLIOMA01-i_6454/GLIOMA01-i_6454__112662324635__central02_idx0020.png,data/raw/D3B_icdc_glioma/1.3.6.1.4.1.14519.5.2.1.14543132867466309601670285112662324635/1-21.dcm,2,20,42,2,notumor,0.96574604511261,0.0318190641701221,0.1592748145677373,1.0668022632598877,0.0318190641701221,-3.0523757934570312,0.0005173102254047,4.479637622833252,0.96574604511261,-1.7422034740447998,0.0019175722263753,0.031819062420316034,0.058710585309379684,0.0005173102439993089,0.002083766499849854,0.9657460553019002,0.9331800078260738,0.0019175720337845186,0.006025640364696594,2,notumor,0.9657460553019002,0.15927479956032223,2,notumor,0.9331800078260738,0.27465428183977647
D3B_icdc_glioma,GLIOMA01-i_6454,1.3.6.1.4.1.14519.5.2.1.131202284249283473488626711122269899807,1.3.6.1.4.1.14519.5.2.1.14543132867466309601670285112662324635,RAGE FS +C TRANS,MP RAGE FS +C,HEAD,glioma,collection_level_icdc_glioma,data/processed/D3B_icdc_glioma_selected_slices/GLIOMA01-i_6454/GLIOMA01-i_6454__112662324635__central03_idx0021.png,data/raw/D3B_icdc_glioma/1.3.6.1.4.1.14519.5.2.1.14543132867466309601670285112662324635/1-22.dcm,3,21,42,2,notumor,0.982109308242798,0.016860906034708,0.0941915772918568,0.9523035287857056,0.016860906034708,-3.368847370147705,0.0002239901805296,5.017008304595947,0.982109308242798,-2.088564157485962,0.0008058399544097,0.016860907741457723,0.03562069492626943,0.00022399017093038552,0.0010733581898141058,0.9821092619488909,0.9602763944794453,0.0008058401387209739,0.0030295524044712027,2,notumor,0.9821092619488909,0.09419162906911059,2,notumor,0.9602763944794453,0.18262078770086185
D3B_icdc_glioma,GLIOMA01-i_6454,1.3.6.1.4.1.14519.5.2.1.131202284249283473488626711122269899807,1.3.6.1.4.1.14519.5.2.1.14543132867466309601670285112662324635,RAGE FS +C TRANS,MP RAGE FS +C,HEAD,glioma,collection_level_icdc_glioma,data/processed/D3B_icdc_glioma_selected_slices/GLIOMA01-i_6454/GLIOMA01-i_6454__112662324635__central04_idx0022.png,data/raw/D3B_icdc_glioma/1.3.6.1.4.1.14519.5.2.1.14543132867466309601670285112662324635/1-23.dcm,4,22,42,2,notumor,0.9147940278053284,0.0825136974453926,0.304892211454236,1.7083817720413208,0.0825136974453926,-2.9274027347564697,0.0008002586546353,4.114116191864014,0.9147940278053284,-2.0669281482696533,0.0018920375732704,0.08251371110855912,0.12349874325277513,0.0008002588573131431,0.0028837669397597065,0.9147939920351089,0.8678254730660251,0.0018920379990188482,0.005792016741440046,2,notumor,0.9147939920351089,0.30489226794873453,2,notumor,0.8678254730660251,0.4280300346953174
D3B_icdc_glioma,GLIOMA01-i_6454,1.3.6.1.4.1.14519.5.2.1.131202284249283473488626711122269899807,1.3.6.1.4.1.14519.5.2.1.14543132867466309601670285112662324635,RAGE FS +C TRANS,MP RAGE FS +C,HEAD,glioma,collection_level_icdc_glioma,data/processed/D3B_icdc_glioma_selected_slices/GLIOMA01-i_6454/GLIOMA01-i_6454__112662324635__central05_idx0023.png,data/raw/D3B_icdc_glioma/1.3.6.1.4.1.14519.5.2.1.14543132867466309601670285112662324635/1-24.dcm,5,23,42,2,notumor,0.8839111924171448,0.1117240265011787,0.3800849124207489,1.764909267425537,0.1117240265011787,-2.889026403427124,0.001064064563252,3.833234071731568,0.8839111924171448,-1.7569822072982788,0.0033007191959768,0.11172402729023583,0.15560932274752748,0.001064064615196094,0.00358050587323908,0.8839111891267698,0.8318482516452613,0.0033007189677980967,0.008961919733972142,2,notumor,0.8839111891267698,0.3800849154735343,2,notumor,0.8318482516452613,0.5050639670176162
D3B_icdc_glioma,GLIOMA01-i_A71E,1.3.6.1.4.1.14519.5.2.1.103043962838632210500037872750432735043,1.3.6.1.4.1.14519.5.2.1.14701725966354560681293302391612854512,T1/T/SE  +C,T1/T/SE  +C,HEAD,glioma,collection_level_icdc_glioma,data/processed/D3B_icdc_glioma_selected_slices/GLIOMA01-i_A71E/GLIOMA01-i_A71E__391612854512__central01_idx0008.png,data/raw/D3B_icdc_glioma/1.3.6.1.4.1.14519.5.2.1.14701725966354560681293302391612854512/1-09.dcm,1,8,20,0,glioma,0.5851314067840576,0.5851314067840576,0.8357216044511977,1.9757957458496092,0.5851314067840576,-0.5878698229789734,0.0450679212808609,1.5103633403778076,0.3673827052116394,-3.513122320175171,0.0024179453030228,0.5851314263284395,0.548644452675829,0.045067930291552274,0.06869617667778803,0.3673826973874358,0.37624280183203823,0.002417945992572508,0.0064165688143447515,0,glioma,0.5851314263284395,0.8357216177540281,0,glioma,0.548644452675829,0.9135079519361544
D3B_icdc_glioma,GLIOMA01-i_A71E,1.3.6.1.4.1.14519.5.2.1.103043962838632210500037872750432735043,1.3.6.1.4.1.14519.5.2.1.14701725966354560681293302391612854512,T1/T/SE  +C,T1/T/SE  +C,HEAD,glioma,collection_level_icdc_glioma,data/processed/D3B_icdc_glioma_selected_slices/GLIOMA01-i_A71E/GLIOMA01-i_A71E__391612854512__central02_idx0009.png,data/raw/D3B_icdc_glioma/1.3.6.1.4.1.14519.5.2.1.14701725966354560681293302391612854512/1-10.dcm,2,9,20,2,notumor,0.6669395565986633,0.3267986178398132,0.6692528605043967,2.311375141143799,0.3267986178398132,-1.7339060306549072,0.0057205385528504,3.024730443954468,0.6669395565986633,-4.091931819915772,0.0005412020836956,0.326798642492692,0.3538581531115368,0.005720539031565285,0.013334356344202596,0.6669396165108238,0.6308350919954417,0.0005412019649189356,0.0019723985488187316,2,notumor,0.6669396165108238,0.6692528289977724,2,notumor,0.6308350919954417,0.728096310393078
D3B_icdc_glioma,GLIOMA01-i_A71E,1.3.6.1.4.1.14519.5.2.1.103043962838632210500037872750432735043,1.3.6.1.4.1.14519.5.2.1.14701725966354560681293302391612854512,T1/T/SE  +C,T1/T/SE  +C,HEAD,glioma,collection_level_icdc_glioma,data/processed/D3B_icdc_glioma_selected_slices/GLIOMA01-i_A71E/GLIOMA01-i_A71E__391612854512__central03_idx0010.png,data/raw/D3B_icdc_glioma/1.3.6.1.4.1.14519.5.2.1.14701725966354560681293302391612854512/1-11.dcm,3,10,20,2,notumor,0.909606635570526,0.086455687880516,0.3210443112631528,1.457469463348389,0.086455687880516,-1.7540684938430786,0.0034836973063647,3.810849666595459,0.909606635570526,-3.791801452636719,0.0004540087247733,0.08645568775982765,0.12782268220552137,0.0034836968573277215,0.00946698141486644,0.9096066066807617,0.8608949430315733,0.0004540087020829799,0.0018153933480390583,2,notumor,0.9096066066807617,0.3210443349967145,2,notumor,0.8608949430315733,0.4474661191297311
D3B_icdc_glioma,GLIOMA01-i_A71E,1.3.6.1.4.1.14519.5.2.1.103043962838632210500037872750432735043,1.3.6.1.4.1.14519.5.2.1.14701725966354560681293302391612854512,T1/T/SE  +C,T1/T/SE  +C,HEAD,glioma,collection_level_icdc_glioma,data/processed/D3B_icdc_glioma_selected_slices/GLIOMA01-i_A71E/GLIOMA01-i_A71E__391612854512__central04_idx0011.png,data/raw/D3B_icdc_glioma/1.3.6.1.4.1.14519.5.2.1.14701725966354560681293302391612854512/1-12.dcm,4,11,20,2,notumor,0.8602482080459595,0.1000349372625351,0.4919415446104253,0.9962234497070312,0.1000349372625351,0.0514742024242877,0.0388912819325923,3.147924900054932,0.8602482080459595,-3.800945997238159,0.0008255959837697,0.1000349355887283,0.1387931233490326,0.038891286713052246,0.0645409454832121,0.860248181893764,0.7938223781178834,0.0008255958044554983,0.0028435530498718956,2,notumor,0.860248181893764,0.4919415742940383,2,notumor,0.7938223781178834,0.6509171432574459
D3B_icdc_glioma,GLIOMA01-i_A71E,1.3.6.1.4.1.14519.5.2.1.103043962838632210500037872750432735043,1.3.6.1.4.1.14519.5.2.1.14701725966354560681293302391612854512,T1/T/SE  +C,T1/T/SE  +C,HEAD,glioma,collection_level_icdc_glioma,data/processed/D3B_icdc_glioma_selected_slices/GLIOMA01-i_A71E/GLIOMA01-i_A71E__391612854512__central05_idx0012.png,data/raw/D3B_icdc_glioma/1.3.6.1.4.1.14519.5.2.1.14701725966354560681293302391612854512/1-13.dcm,5,12,20,2,notumor,0.9674112796783448,0.0291803497821092,0.155397724525705,1.1569358110427856,0.0291803497821092,-1.06108558177948,0.0031755287200212,4.658063888549805,0.9674112796783448,-3.673574209213257,0.0002329306298634,0.029180350367166263,0.05476667444633383,0.0031755287607575706,0.009074395496083538,0.9674111902129753,0.9350667995248956,0.00023293065910082148,0.0010921305326870529,2,notumor,0.9674111902129753,0.15539781291854693,2,notumor,0.9350667995248956,0.2719756080598274
D3B_icdc_glioma,GLIOMA01-i_E952,1.3.6.1.4.1.14519.5.2.1.117926907228339261453178550732951473986,1.3.6.1.4.1.14519.5.2.1.149772195201549816296268757789670216014,BRAIN/T1_TRANS,,HEAD,glioma,collection_level_icdc_glioma,data/processed/D3B_icdc_glioma_selected_slices/GLIOMA01-i_E952/GLIOMA01-i_E952__789670216014__central01_idx0007.png,data/raw/D3B_icdc_glioma/1.3.6.1.4.1.14519.5.2.1.149772195201549816296268757789670216014/1-08.dcm,1,7,19,1,meningioma,0.6922248005867004,0.3041267096996307,0.6385752883476815,2.5118093490600586,0.3041267096996307,3.334275722503662,0.6922248005867004,-2.0588488578796387,0.0031480593606829,-3.89801287651062,0.0005003849510103,0.3041267157190872,0.3358269754373613,0.6922248399203234,0.6540442104996801,0.0031480595137733255,0.008266779214662023,0.0005003848468161849,0.001862034848296595,1,meningioma,0.6922248399203234,0.6385752646694459,1,meningioma,0.6540442104996801,0.6954833371949273
D3B_icdc_glioma,GLIOMA01-i_E952,1.3.6.1.4.1.14519.5.2.1.117926907228339261453178550732951473986,1.3.6.1.4.1.14519.5.2.1.149772195201549816296268757789670216014,BRAIN/T1_TRANS,,HEAD,glioma,collection_level_icdc_glioma,data/processed/D3B_icdc_glioma_selected_slices/GLIOMA01-i_E952/GLIOMA01-i_E952__789670216014__central02_idx0008.png,data/raw/D3B_icdc_glioma/1.3.6.1.4.1.14519.5.2.1.149772195201549816296268757789670216014/1-09.dcm,2,8,19,1,meningioma,0.7947088479995728,0.1658577173948288,0.6132671424249589,1.1870752573013306,0.1658577173948288,2.753920793533325,0.7947088479995728,-0.2789101600646972,0.0382883176207542,-3.788492202758789,0.0011451813625171,0.16585770453628973,0.20479573794593522,0.7947087977324637,0.7291533085146419,0.03828831666713388,0.06241999066951897,0.0011451810641126367,0.0036309628699039546,1,meningioma,0.7947087977324637,0.6132671670181633,1,meningioma,0.7291533085146419,0.7486164288244733
D3B_icdc_glioma,GLIOMA01-i_E952,1.3.6.1.4.1.14519.5.2.1.117926907228339261453178550732951473986,1.3.6.1.4.1.14519.5.2.1.149772195201549816296268757789670216014,BRAIN/T1_TRANS,,HEAD,glioma,collection_level_icdc_glioma,data/processed/D3B_icdc_glioma_selected_slices/GLIOMA01-i_E952/GLIOMA01-i_E952__789670216014__central03_idx0009.png,data/raw/D3B_icdc_glioma/1.3.6.1.4.1.14519.5.2.1.149772195201549816296268757789670216014/1-10.dcm,3,9,19,0,glioma,0.6503486037254333,0.6503486037254333,0.7598175146462872,2.3741042613983154,0.6503486037254333,-0.7425355315208435,0.02881421148777,1.6607005596160889,0.3186536729335785,-3.3224689960479736,0.0021835134830325,0.6503486059072769,0.6057733948734062,0.028814212153803333,0.04845248189398063,0.3186536684349919,0.33978681478658396,0.0021835135039278523,0.005987308446029354,0,glioma,0.6503486059072769,0.759817514560388,0,glioma,0.6057733948734062,0.8477396121184786
D3B_icdc_glioma,GLIOMA01-i_E952,1.3.6.1.4.1.14519.5.2.1.117926907228339261453178550732951473986,1.3.6.1.4.1.14519.5.2.1.149772195201549816296268757789670216014,BRAIN/T1_TRANS,,HEAD,glioma,collection_level_icdc_glioma,data/processed/D3B_icdc_glioma_selected_slices/GLIOMA01-i_E952/GLIOMA01-i_E952__789670216014__central04_idx0010.png,data/raw/D3B_icdc_glioma/1.3.6.1.4.1.14519.5.2.1.149772195201549816296268757789670216014/1-11.dcm,4,10,19,0,glioma,0.6187019944190979,0.6187019944190979,0.876281889862301,1.995429515838623,0.6187019944190979,1.2861096858978271,0.3043881952762604,-0.16419018805027,0.0713790208101272,-2.721870422363281,0.0055307517759501,0.6187020070027456,0.56871352477848,0.3043882170581718,0.3200569951754867,0.07137902384832183,0.09879867103508713,0.005530752090760797,0.012430809010946259,0,glioma,0.6187020070027456,0.8762818937503524,0,glioma,0.56871352477848,0.9688241326579883
D3B_icdc_glioma,GLIOMA01-i_E952,1.3.6.1.4.1.14519.5.2.1.117926907228339261453178550732951473986,1.3.6.1.4.1.14519.5.2.1.149772195201549816296268757789670216014,BRAIN/T1_TRANS,,HEAD,glioma,collection_level_icdc_glioma,data/processed/D3B_icdc_glioma_selected_slices/GLIOMA01-i_E952/GLIOMA01-i_E952__789670216014__central05_idx0011.png,data/raw/D3B_icdc_glioma/1.3.6.1.4.1.14519.5.2.1.149772195201549816296268757789670216014/1-12.dcm,5,11,19,0,glioma,0.7761971354484558,0.7761971354484558,0.6266503675864573,2.9198243618011475,0.7761971354484558,1.5243964195251465,0.1922850012779235,-0.3122256994247436,0.0306415408849716,-3.866664171218872,0.0008762691868469,0.7761971907273698,0.7144607724376633,0.1922850021067051,0.23057699667700457,0.030641537969462646,0.052042978163289996,0.0008762691964623423,0.002919252722042277,0,glioma,0.7761971907273698,0.6266503196619527,0,glioma,0.7144607724376633,0.7493775637731592
D3B_icdc_glioma,GLIOMA01-i_2C4F,1.3.6.1.4.1.14519.5.2.1.291980711097592015449079747618518953007,1.3.6.1.4.1.14519.5.2.1.151890012878496215654971844639837033156,RAGE FS TRANS +C,MP RAGE FS +C,HEAD,glioma,collection_level_icdc_glioma,data/processed/D3B_icdc_glioma_selected_slices/GLIOMA01-i_2C4F/GLIOMA01-i_2C4F__639837033156__central01_idx0029.png,data/raw/D3B_icdc_glioma/1.3.6.1.4.1.14519.5.2.1.151890012878496215654971844639837033156/1-30.dcm,1,29,62,1,meningioma,0.7532051205635071,0.2112487256526947,0.6643337015436858,1.584230899810791,0.2112487256526947,2.855532169342041,0.7532051205635071,-0.2206526696681976,0.0347490720450878,-3.9956557750701904,0.0007970402366481,0.21124875058120227,0.2472505766613191,0.7532051402757823,0.692802818354005,0.034749069071141586,0.05726045618607888,0.000797040071873753,0.0026861487985968308,1,meningioma,0.7532051402757823,0.6643336932183771,1,meningioma,0.692802818354005,0.7794360504209449
D3B_icdc_glioma,GLIOMA01-i_2C4F,1.3.6.1.4.1.14519.5.2.1.291980711097592015449079747618518953007,1.3.6.1.4.1.14519.5.2.1.151890012878496215654971844639837033156,RAGE FS TRANS +C,MP RAGE FS +C,HEAD,glioma,collection_level_icdc_glioma,data/processed/D3B_icdc_glioma_selected_slices/GLIOMA01-i_2C4F/GLIOMA01-i_2C4F__639837033156__central02_idx0030.png,data/raw/D3B_icdc_glioma/1.3.6.1.4.1.14519.5.2.1.151890012878496215654971844639837033156/1-31.dcm,2,30,62,0,glioma,0.4910235404968261,0.4910235404968261,0.9838943561717448,1.8780319690704343,0.4910235404968261,1.6386845111846924,0.3865049183368683,0.4732691347599029,0.120509572327137,-3.6445372104644775,0.0019619187805801,0.4910235586018379,0.46396190280861027,0.3865049401158734,0.382152633672886,0.120509582572495,0.14860527202170787,0.0019619187097938006,0.005280191496795925,0,glioma,0.4910235586018379,0.9838943609321134,0,glioma,0.46396190280861027,1.0349054094522527
D3B_icdc_glioma,GLIOMA01-i_2C4F,1.3.6.1.4.1.14519.5.2.1.291980711097592015449079747618518953007,1.3.6.1.4.1.14519.5.2.1.151890012878496215654971844639837033156,RAGE FS TRANS +C,MP RAGE FS +C,HEAD,glioma,collection_level_icdc_glioma,data/processed/D3B_icdc_glioma_selected_slices/GLIOMA01-i_2C4F/GLIOMA01-i_2C4F__639837033156__central03_idx0031.png,data/raw/D3B_icdc_glioma/1.3.6.1.4.1.14519.5.2.1.151890012878496215654971844639837033156/1-32.dcm,3,31,62,0,glioma,0.730589747428894,0.730589747428894,0.7354480162344943,2.7086710929870605,0.730589747428894,1.4404146671295166,0.2055307477712631,0.2557893395423889,0.0628637820482254,-3.8695783615112314,0.0010157249635085,0.7305897384785932,0.6668549422842627,0.20553074697703164,0.23857820406365016,0.06286378957362562,0.09134117854361777,0.001015724970749474,0.0032256751084693987,0,glioma,0.7305897384785932,0.7354480352513263,0,glioma,0.6668549422842627,0.8491924595024822
D3B_icdc_glioma,GLIOMA01-i_2C4F,1.3.6.1.4.1.14519.5.2.1.291980711097592015449079747618518953007,1.3.6.1.4.1.14519.5.2.1.151890012878496215654971844639837033156,RAGE FS TRANS +C,MP RAGE FS +C,HEAD,glioma,collection_level_icdc_glioma,data/processed/D3B_icdc_glioma_selected_slices/GLIOMA01-i_2C4F/GLIOMA01-i_2C4F__639837033156__central04_idx0032.png,data/raw/D3B_icdc_glioma/1.3.6.1.4.1.14519.5.2.1.151890012878496215654971844639837033156/1-33.dcm,4,32,62,1,meningioma,0.613293468952179,0.2429518103599548,0.9290685564746332,1.368105173110962,0.2429518103599548,2.294085741043091,0.613293468952179,0.8354058265686035,0.1426171362400055,-3.995830774307251,0.0011376071488484,0.24295178412085536,0.2645273878787239,0.6132934743370687,0.5602696197341887,0.14261713440143836,0.17177946595730986,0.001137607140637561,0.003423526429777586,1,meningioma,0.6132934743370687,0.9290685410464208,1,meningioma,0.5602696197341887,0.9983889985080363
D3B_icdc_glioma,GLIOMA01-i_2C4F,1.3.6.1.4.1.14519.5.2.1.291980711097592015449079747618518953007,1.3.6.1.4.1.14519.5.2.1.151890012878496215654971844639837033156,RAGE FS TRANS +C,MP RAGE FS +C,HEAD,glioma,collection_level_icdc_glioma,data/processed/D3B_icdc_glioma_selected_slices/GLIOMA01-i_2C4F/GLIOMA01-i_2C4F__639837033156__central05_idx0033.png,data/raw/D3B_icdc_glioma/1.3.6.1.4.1.14519.5.2.1.151890012878496215654971844639837033156/1-34.dcm,5,33,62,2,notumor,0.5998409986495972,0.3417234420776367,0.8487562172785155,1.8169891834259035,0.3417234420776367,0.0128880776464939,0.0562553256750106,2.3796520233154297,0.5998409986495972,-3.237534284591675,0.0021803339477628,0.34172341222873476,0.35383894772042634,0.0562553173850429,0.0819971082670058,0.5998409361036648,0.5582793621249222,0.0021803342825574543,0.005884581887645595,2,notumor,0.5998409361036648,0.8487562318059048,2,notumor,0.5582793621249222,0.9283271335624261
D3B_icdc_glioma,GLIOMA01-i_51A5,1.3.6.1.4.1.14519.5.2.1.237825955229018344850174911332763633144,1.3.6.1.4.1.14519.5.2.1.152746322830901759275276801603448021196,MP RAGE FS +C,MP RAGE FS +C,HEAD,glioma,collection_level_icdc_glioma,data/processed/D3B_icdc_glioma_selected_slices/GLIOMA01-i_51A5/GLIOMA01-i_51A5__603448021196__central01_idx0126.png,data/raw/D3B_icdc_glioma/1.3.6.1.4.1.14519.5.2.1.152746322830901759275276801603448021196/1-127.dcm,1,126,256,0,glioma,0.6281376481056213,0.6281376481056213,0.6828407909369104,3.043868064880371,0.6281376481056213,-2.45683217048645,0.0025652588810771,2.509688377380371,0.3681828081607818,-3.290704727172852,0.0011142555158585,0.6281376522635554,0.6002107829564297,0.0025652581031879243,0.006952941443961632,0.3681828340519042,0.38929905375448315,0.0011142555813523727,0.0035372218451256545,0,glioma,0.6281376522635554,0.6828407852081304,0,glioma,0.6002107829564297,0.7281717190827547
D3B_icdc_glioma,GLIOMA01-i_51A5,1.3.6.1.4.1.14519.5.2.1.237825955229018344850174911332763633144,1.3.6.1.4.1.14519.5.2.1.152746322830901759275276801603448021196,MP RAGE FS +C,MP RAGE FS +C,HEAD,glioma,collection_level_icdc_glioma,data/processed/D3B_icdc_glioma_selected_slices/GLIOMA01-i_51A5/GLIOMA01-i_51A5__603448021196__central02_idx0127.png,data/raw/D3B_icdc_glioma/1.3.6.1.4.1.14519.5.2.1.152746322830901759275276801603448021196/1-128.dcm,2,127,256,2,notumor,0.6811360716819763,0.3161651790142059,0.6434074666916043,2.49927282333374,0.3161651790142059,-2.8004255294799805,0.001578643801622,3.266770124435425,0.6811360716819763,-3.143543243408203,0.0011201341403648,0.3161651699695709,0.3464211006163421,0.001578644257781831,0.004722997467407819,0.6811360513480494,0.6452794925996469,0.0011201344245979203,0.003576409316603182,2,notumor,0.6811360513480494,0.643407481980812,2,notumor,0.6452794925996469,0.6953602340402328
D3B_icdc_glioma,GLIOMA01-i_51A5,1.3.6.1.4.1.14519.5.2.1.237825955229018344850174911332763633144,1.3.6.1.4.1.14519.5.2.1.152746322830901759275276801603448021196,MP RAGE FS +C,MP RAGE FS +C,HEAD,glioma,collection_level_icdc_glioma,data/processed/D3B_icdc_glioma_selected_slices/GLIOMA01-i_51A5/GLIOMA01-i_51A5__603448021196__central03_idx0128.png,data/raw/D3B_icdc_glioma/1.3.6.1.4.1.14519.5.2.1.152746322830901759275276801603448021196/1-129.dcm,3,128,256,2,notumor,0.94080251455307,0.0576134137809276,0.2330402415024382,1.5894862413406372,0.0576134137809276,-3.1581504344940186,0.0004996332572773,4.3824639320373535,0.94080251455307,-2.383091688156128,0.0010845636716112,0.05761341420551625,0.09364167173076772,0.0004996331000944052,0.001997087427962668,0.9408023893085885,0.9006183937973151,0.0010845633858008496,0.003742847043954504,2,notumor,0.9408023893085885,0.23304035718846539,2,notumor,0.9006183937973151,0.34936940403211114
D3B_icdc_glioma,GLIOMA01-i_51A5,1.3.6.1.4.1.14519.5.2.1.237825955229018344850174911332763633144,1.3.6.1.4.1.14519.5.2.1.152746322830901759275276801603448021196,MP RAGE FS +C,MP RAGE FS +C,HEAD,glioma,collection_level_icdc_glioma,data/processed/D3B_icdc_glioma_selected_slices/GLIOMA01-i_51A5/GLIOMA01-i_51A5__603448021196__central04_idx0129.png,data/raw/D3B_icdc_glioma/1.3.6.1.4.1.14519.5.2.1.152746322830901759275276801603448021196/1-130.dcm,4,129,256,2,notumor,0.644551157951355,0.3522832989692688,0.671010352252649,2.670517683029175,0.3522832989692688,-2.5975303649902344,0.0018155485158786,3.2746362686157227,0.644551157951355,-2.8938405513763428,0.00134996289853,0.3522832943711613,0.37640977928944785,0.0018155484846135539,0.005265195975895421,0.6445511938116065,0.614183890117414,0.0013499633326186486,0.004141134617242708,2,notumor,0.6445511938116065,0.6710103342112385,2,notumor,0.614183890117414,0.7175180175581712
D3B_icdc_glioma,GLIOMA01-i_51A5,1.3.6.1.4.1.14519.5.2.1.237825955229018344850174911332763633144,1.3.6.1.4.1.14519.5.2.1.152746322830901759275276801603448021196,MP RAGE FS +C,MP RAGE FS +C,HEAD,glioma,collection_level_icdc_glioma,data/processed/D3B_icdc_glioma_selected_slices/GLIOMA01-i_51A5/GLIOMA01-i_51A5__603448021196__central05_idx0130.png,data/raw/D3B_icdc_glioma/1.3.6.1.4.1.14519.5.2.1.152746322830901759275276801603448021196/1-131.dcm,5,130,256,0,glioma,0.8872928619384766,0.8872928619384766,0.3697298363948788,3.764057159423828,0.8872928619384766,-1.912591576576233,0.0030389940366148,1.6680476665496826,0.1090891733765602,-3.570660352706909,0.0005789480055682,0.8872928868814958,0.8364149320113857,0.0030389935490804407,0.008401488602336351,0.10908917143594736,0.15299203853395554,0.0005789481334764928,0.002191540852322562,0,glioma,0.8872928868814958,0.3697298105627922,0,glioma,0.8364149320113857,0.4902045122137937
D3B_icdc_glioma,GLIOMA01-i_B02B,1.3.6.1.4.1.14519.5.2.1.48000078879291226449747674378581962603,1.3.6.1.4.1.14519.5.2.1.158450620566163718321055713384281015557,O-Ax T1 SE S,,HEAD,glioma,collection_level_icdc_glioma,data/processed/D3B_icdc_glioma_selected_slices/GLIOMA01-i_B02B/GLIOMA01-i_B02B__384281015557__central01_idx0007.png,data/raw/D3B_icdc_glioma/1.3.6.1.4.1.14519.5.2.1.158450620566163718321055713384281015557/1-08.dcm,1,7,19,0,glioma,0.7771137356758118,0.7771137356758118,0.6236813936320518,2.6738598346710205,0.7771137356758118,1.2954607009887695,0.1958183795213699,-0.8286543488502502,0.0234078783541917,-2.6842758655548096,0.0036599556915462,0.777113778864977,0.7149390151232071,0.195818388326725,0.23393779020031497,0.023407877000504087,0.041826820214796424,0.0036599558077939132,0.009296374461681623,0,glioma,0.777113778864977,0.6236813636931645,0,glioma,0.7149390151232071,0.7560020510640211
D3B_icdc_glioma,GLIOMA01-i_B02B,1.3.6.1.4.1.14519.5.2.1.48000078879291226449747674378581962603,1.3.6.1.4.1.14519.5.2.1.158450620566163718321055713384281015557,O-Ax T1 SE S,,HEAD,glioma,collection_level_icdc_glioma,data/processed/D3B_icdc_glioma_selected_slices/GLIOMA01-i_B02B/GLIOMA01-i_B02B__384281015557__central02_idx0008.png,data/raw/D3B_icdc_glioma/1.3.6.1.4.1.14519.5.2.1.158450620566163718321055713384281015557/1-09.dcm,2,8,19,0,glioma,0.731740415096283,0.731740415096283,0.800392375406326,2.0143749713897705,0.731740415096283,0.4328646957874298,0.1504928320646286,0.0961402431130409,0.1074677854776382,-2.249005079269409,0.0102989897131919,0.7317403910932734,0.6577267276832269,0.150492841530591,0.18255169183743167,0.10746777829022314,0.1389522762976747,0.010298989085912483,0.0207693041816667,0,glioma,0.7317403910932734,0.8003923892859974,0,glioma,0.6577267276832269,0.9407403591491241
D3B_icdc_glioma,GLIOMA01-i_B02B,1.3.6.1.4.1.14519.5.2.1.48000078879291226449747674378581962603,1.3.6.1.4.1.14519.5.2.1.158450620566163718321055713384281015557,O-Ax T1 SE S,,HEAD,glioma,collection_level_icdc_glioma,data/processed/D3B_icdc_glioma_selected_slices/GLIOMA01-i_B02B/GLIOMA01-i_B02B__384281015557__central03_idx0009.png,data/raw/D3B_icdc_glioma/1.3.6.1.4.1.14519.5.2.1.158450620566163718321055713384281015557/1-10.dcm,3,9,19,2,notumor,0.8307914733886719,0.134429857134819,0.5538805330824327,0.8032832145690918,0.134429857134819,-2.6055002212524414,0.0044471304863691,2.624619483947754,0.8307914733886719,-0.6855725646018982,0.0303314998745918,0.1344298628680512,0.17426832868906517,0.0044471309661507285,0.011000074977855758,0.8307915048999556,0.7625915579430033,0.030331501265842557,0.052140038390075874,2,notumor,0.8307915048999556,0.5538805187747513,2,notumor,0.7625915579430033,0.7147828603329873
D3B_icdc_glioma,GLIOMA01-i_B02B,1.3.6.1.4.1.14519.5.2.1.48000078879291226449747674378581962603,1.3.6.1.4.1.14519.5.2.1.158450620566163718321055713384281015557,O-Ax T1 SE S,,HEAD,glioma,collection_level_icdc_glioma,data/processed/D3B_icdc_glioma_selected_slices/GLIOMA01-i_B02B/GLIOMA01-i_B02B__384281015557__central04_idx0010.png,data/raw/D3B_icdc_glioma/1.3.6.1.4.1.14519.5.2.1.158450620566163718321055713384281015557/1-11.dcm,4,10,19,2,notumor,0.6367732882499695,0.3147176504135132,0.8307781666287636,1.1749809980392456,0.3147176504135132,-1.5980710983276367,0.0196607410907745,1.879718780517578,0.6367732882499695,-1.2146421670913696,0.0288483519107103,0.314717644912387,0.33110685605912077,0.019660740417535332,0.034987259445248595,0.6367732673409258,0.5861673421839126,0.02884834732915201,0.04773854231171802,2,notumor,0.6367732673409258,0.8307781636067829,2,notumor,0.5861673421839126,0.9416040481439607
D3B_icdc_glioma,GLIOMA01-i_B02B,1.3.6.1.4.1.14519.5.2.1.48000078879291226449747674378581962603,1.3.6.1.4.1.14519.5.2.1.158450620566163718321055713384281015557,O-Ax T1 SE S,,HEAD,glioma,collection_level_icdc_glioma,data/processed/D3B_icdc_glioma_selected_slices/GLIOMA01-i_B02B/GLIOMA01-i_B02B__384281015557__central05_idx0011.png,data/raw/D3B_icdc_glioma/1.3.6.1.4.1.14519.5.2.1.158450620566163718321055713384281015557/1-12.dcm,5,11,19,2,notumor,0.7984144687652588,0.0689274668693542,0.6689260641708767,-0.184603601694107,0.0689274668693542,0.3871602416038513,0.1220973655581474,2.2649693489074707,0.7984144687652588,-2.0605175495147705,0.0105607118457555,0.06892747592303429,0.09911544660960178,0.1220973553956498,0.15753993071423317,0.7984144542504029,0.7216746892921533,0.010560714430913077,0.021669933384011828,2,notumor,0.7984144542504029,0.6689260885505504,2,notumor,0.7216746892921533,0.8386801214654022
D3B_icdc_glioma,GLIOMA01-i_8228,1.3.6.1.4.1.14519.5.2.1.291836991082241242236980188284146645457,1.3.6.1.4.1.14519.5.2.1.160517712131822755904251928055723278732,MP RAGE TRANS +C,MP RAGE FS +C,HEAD,glioma,collection_level_icdc_glioma,data/processed/D3B_icdc_glioma_selected_slices/GLIOMA01-i_8228/GLIOMA01-i_8228__055723278732__central01_idx0022.png,data/raw/D3B_icdc_glioma/1.3.6.1.4.1.14519.5.2.1.160517712131822755904251928055723278732/1-23.dcm,1,22,49,2,notumor,0.8911768794059753,0.094182439148426,0.3905621158590339,1.0546385049819946,0.094182439148426,-0.8744586110115051,0.0136827584356069,3.301947593688965,0.8911768794059753,-3.5335781574249268,0.0009579280740581,0.09418244643834185,0.13488092855745493,0.013682760799784628,0.028245377381819828,0.8911768649355639,0.8336003542935777,0.0009579278263095993,0.003273339767147666,2,notumor,0.8911768649355639,0.39056214490262675,2,notumor,0.8336003542935777,0.5414078986399465
D3B_icdc_glioma,GLIOMA01-i_8228,1.3.6.1.4.1.14519.5.2.1.291836991082241242236980188284146645457,1.3.6.1.4.1.14519.5.2.1.160517712131822755904251928055723278732,MP RAGE TRANS +C,MP RAGE FS +C,HEAD,glioma,collection_level_icdc_glioma,data/processed/D3B_icdc_glioma_selected_slices/GLIOMA01-i_8228/GLIOMA01-i_8228__055723278732__central02_idx0023.png,data/raw/D3B_icdc_glioma/1.3.6.1.4.1.14519.5.2.1.160517712131822755904251928055723278732/1-24.dcm,2,23,49,2,notumor,0.8212752342224121,0.1754349321126938,0.4875231934598773,2.067498683929444,0.1754349321126938,-2.1376140117645264,0.0026173314545303,3.611088752746582,0.8212752342224121,-3.496414422988892,0.0006725729908794,0.17543492107167558,0.2203601207407481,0.0026173319476929776,0.007294883970691426,0.8212751742023627,0.7699197921144968,0.0006725727782687326,0.0024252031740635976,2,notumor,0.8212751742023627,0.4875232345850286,2,notumor,0.7699197921144968,0.5851023234296026
D3B_icdc_glioma,GLIOMA01-i_8228,1.3.6.1.4.1.14519.5.2.1.291836991082241242236980188284146645457,1.3.6.1.4.1.14519.5.2.1.160517712131822755904251928055723278732,MP RAGE TRANS +C,MP RAGE FS +C,HEAD,glioma,collection_level_icdc_glioma,data/processed/D3B_icdc_glioma_selected_slices/GLIOMA01-i_8228/GLIOMA01-i_8228__055723278732__central03_idx0024.png,data/raw/D3B_icdc_glioma/1.3.6.1.4.1.14519.5.2.1.160517712131822755904251928055723278732/1-25.dcm,3,24,49,0,glioma,0.7525713443756104,0.7525713443756104,0.7352815831046161,2.278920888900757,0.7525713443756104,0.0090389437973499,0.0777589678764343,0.7607061862945557,0.1648904234170913,-2.7802846431732178,0.0047792820259928,0.752571339672557,0.6813852059370195,0.07775896505436944,0.10825305657977746,0.1648904135713427,0.19907275799112073,0.00477928170173096,0.01128897949208245,0,glioma,0.752571339672557,0.7352815727755151,0,glioma,0.6813852059370195,0.8740146544920686
D3B_icdc_glioma,GLIOMA01-i_8228,1.3.6.1.4.1.14519.5.2.1.291836991082241242236980188284146645457,1.3.6.1.4.1.14519.5.2.1.160517712131822755904251928055723278732,MP RAGE TRANS +C,MP RAGE FS +C,HEAD,glioma,collection_level_icdc_glioma,data/processed/D3B_icdc_glioma_selected_slices/GLIOMA01-i_8228/GLIOMA01-i_8228__055723278732__central04_idx0025.png,data/raw/D3B_icdc_glioma/1.3.6.1.4.1.14519.5.2.1.160517712131822755904251928055723278732/1-26.dcm,4,25,49,2,notumor,0.8964015245437622,0.1003228202462196,0.3491056066760865,1.6921954154968262,0.1003228202462196,-3.3278117179870605,0.0006625800160691,3.882190704345703,0.8964015245437622,-1.9556471109390257,0.0026131353806704,0.1003228110794302,0.14349545203325295,0.0006625799588073222,0.0024541277383506336,0.8964014741676102,0.8465881434794312,0.002613134794152429,0.0074622767489653,2,notumor,0.8964014741676102,0.34910563636829467,2,notumor,0.8465881434794312,0.4708798360135552
D3B_icdc_glioma,GLIOMA01-i_8228,1.3.6.1.4.1.14519.5.2.1.291836991082241242236980188284146645457,1.3.6.1.4.1.14519.5.2.1.160517712131822755904251928055723278732,MP RAGE TRANS +C,MP RAGE FS +C,HEAD,glioma,collection_level_icdc_glioma,data/processed/D3B_icdc_glioma_selected_slices/GLIOMA01-i_8228/GLIOMA01-i_8228__055723278732__central05_idx0026.png,data/raw/D3B_icdc_glioma/1.3.6.1.4.1.14519.5.2.1.160517712131822755904251928055723278732/1-27.dcm,5,26,49,2,notumor,0.9682844281196594,0.0302744954824447,0.1473767689551685,1.209418535232544,0.0302744954824447,-3.099429130554199,0.0004071628500241,4.674638748168945,0.9682844281196594,-2.1675288677215576,0.0010339205618947,0.03027449634824331,0.05656385304919013,0.00040716286560862084,0.0017215187649979014,0.968284419910628,0.9380509121600401,0.0010339208755202134,0.0036637160257719558,2,notumor,0.968284419910628,0.14737678101034882,2,notumor,0.9380509121600401,0.25397000412494464
D3B_icdc_glioma,GLIOMA01-i_C04D,1.3.6.1.4.1.14519.5.2.1.121345376366510123923307224527563758327,1.3.6.1.4.1.14519.5.2.1.163164444750352772952095286288968100907,Ax_T1_fl2d post,Ax_T1_fl2d post,HEAD,glioma,collection_level_icdc_glioma,data/processed/D3B_icdc_glioma_selected_slices/GLIOMA01-i_C04D/GLIOMA01-i_C04D__288968100907__central01_idx0013.png,data/raw/D3B_icdc_glioma/1.3.6.1.4.1.14519.5.2.1.163164444750352772952095286288968100907/1-14.dcm,1,13,30,2,notumor,0.956659972667694,0.0425853803753852,0.1827309506227558,1.8756437301635744,0.0425853803753852,-2.67470932006836,0.0004498495836742,4.9875807762146,0.956659972667694,-3.0641133785247803,0.000304755376419,0.04258538078631587,0.074084293687509,0.0004498495749974739,0.0018539324662900387,0.9566600143292006,0.9227096030319288,0.0003047553094860511,0.0013521708142721538,2,notumor,0.9566600143292006,0.1827309111600741,2,notumor,0.9227096030319288,0.28762619104950915
D3B_icdc_glioma,GLIOMA01-i_C04D,1.3.6.1.4.1.14519.5.2.1.121345376366510123923307224527563758327,1.3.6.1.4.1.14519.5.2.1.163164444750352772952095286288968100907,Ax_T1_fl2d post,Ax_T1_fl2d post,HEAD,glioma,collection_level_icdc_glioma,data/processed/D3B_icdc_glioma_selected_slices/GLIOMA01-i_C04D/GLIOMA01-i_C04D__288968100907__central02_idx0014.png,data/raw/D3B_icdc_glioma/1.3.6.1.4.1.14519.5.2.1.163164444750352772952095286288968100907/1-15.dcm,2,14,30,2,notumor,0.9258372783660888,0.0729521736502647,0.2712236614822551,1.9056822061538696,0.0729521736502647,-2.5899243354797363,0.0008139938581734,4.4465765953063965,0.9258372783660888,-3.3090999126434326,0.0003965402429457,0.07295217695408693,0.112596647775839,0.0008139938849276861,0.0029455261981813875,0.9258372890191326,0.8828133496715642,0.00039654014185283603,0.001644476354415562,2,notumor,0.9258372890191326,0.2712236564683458,2,notumor,0.8828133496715642,0.38364646389424245
D3B_icdc_glioma,GLIOMA01-i_C04D,1.3.6.1.4.1.14519.5.2.1.121345376366510123923307224527563758327,1.3.6.1.4.1.14519.5.2.1.163164444750352772952095286288968100907,Ax_T1_fl2d post,Ax_T1_fl2d post,HEAD,glioma,collection_level_icdc_glioma,data/processed/D3B_icdc_glioma_selected_slices/GLIOMA01-i_C04D/GLIOMA01-i_C04D__288968100907__central03_idx0015.png,data/raw/D3B_icdc_glioma/1.3.6.1.4.1.14519.5.2.1.163164444750352772952095286288968100907/1-16.dcm,3,15,30,2,notumor,0.871536374092102,0.1262367516756057,0.3959396686769524,2.0231733322143555,0.1262367516756057,-2.298979520797729,0.0016753232339397,3.9552717208862314,0.871536374092102,-3.410024404525757,0.0005515411612577,0.1262367624801205,0.1715471429175963,0.0016753236290771515,0.0051650330907594185,0.8715363725738728,0.8211888464972781,0.0005515413169296516,0.0020989774943662434,2,notumor,0.8715363725738728,0.3959396846856796,2,notumor,0.8211888464972781,0.5043371540286264
D3B_icdc_glioma,GLIOMA01-i_C04D,1.3.6.1.4.1.14519.5.2.1.121345376366510123923307224527563758327,1.3.6.1.4.1.14519.5.2.1.163164444750352772952095286288968100907,Ax_T1_fl2d post,Ax_T1_fl2d post,HEAD,glioma,collection_level_icdc_glioma,data/processed/D3B_icdc_glioma_selected_slices/GLIOMA01-i_C04D/GLIOMA01-i_C04D__288968100907__central04_idx0016.png,data/raw/D3B_icdc_glioma/1.3.6.1.4.1.14519.5.2.1.163164444750352772952095286288968100907/1-17.dcm,4,16,30,2,notumor,0.889837920665741,0.0817173868417739,0.4121136619618216,0.9231950044631958,0.0817173868417739,-0.1482836753129959,0.027988338842988,3.3109676837921143,0.889837920665741,-4.264766216278076,0.0004562589165288,0.08171738422290183,0.11961728460321483,0.027988342400498717,0.0501943825950427,0.8898380142908553,0.8284029287116561,0.0004562590857441425,0.0017854040900864376,2,notumor,0.8898380142908553,0.4121135856206786,2,notumor,0.8284029287116561,0.5714261796704146
D3B_icdc_glioma,GLIOMA01-i_C04D,1.3.6.1.4.1.14519.5.2.1.121345376366510123923307224527563758327,1.3.6.1.4.1.14519.5.2.1.163164444750352772952095286288968100907,Ax_T1_fl2d post,Ax_T1_fl2d post,HEAD,glioma,collection_level_icdc_glioma,data/processed/D3B_icdc_glioma_selected_slices/GLIOMA01-i_C04D/GLIOMA01-i_C04D__288968100907__central05_idx0017.png,data/raw/D3B_icdc_glioma/1.3.6.1.4.1.14519.5.2.1.163164444750352772952095286288968100907/1-18.dcm,5,17,30,2,notumor,0.9972699284553528,0.0025360654108226,0.0196765513189018,0.1375832110643386,0.0025360654108226,-3.2236874103546143,8.797905320534483e-05,6.111990928649902,0.9972699284553528,-3.03725004196167,0.000106010294985,0.00253606526956921,0.007820482837439413,8.797902475574728e-05,0.0005130199997734577,0.9972699454544177,0.9910697965569355,0.00010601025125743333,0.0005967006058516921,2,notumor,0.9972699454544177,0.019676533069579987,2,notumor,0.9910697965569355,0.05514363137508808
D3B_icdc_glioma,GLIOMA01-i_22C7,1.3.6.1.4.1.14519.5.2.1.152992029036613010740676062066624626963,1.3.6.1.4.1.14519.5.2.1.163314779069570050388187753612734791866,O-Ax T1 SE S,,HEAD,glioma,collection_level_icdc_glioma,data/processed/D3B_icdc_glioma_selected_slices/GLIOMA01-i_22C7/GLIOMA01-i_22C7__612734791866__central01_idx0007.png,data/raw/D3B_icdc_glioma/1.3.6.1.4.1.14519.5.2.1.163314779069570050388187753612734791866/1-08.dcm,1,7,18,0,glioma,0.7204771637916565,0.7204771637916565,0.7489032592321552,2.600440502166748,0.7204771637916565,1.3895004987716677,0.2146424651145935,0.1783364713191986,0.063931331038475,-4.031784057617188,0.0009490339434705,0.7204771581249181,0.657963806991815,0.21464246893525157,0.24659008878186034,0.06393133912378177,0.0923996608657213,0.0009490338160486712,0.0030464433606032697,0,glioma,0.7204771581249181,0.748903278489006,0,glioma,0.657963806991815,0.858372582002407
D3B_icdc_glioma,GLIOMA01-i_22C7,1.3.6.1.4.1.14519.5.2.1.152992029036613010740676062066624626963,1.3.6.1.4.1.14519.5.2.1.163314779069570050388187753612734791866,O-Ax T1 SE S,,HEAD,glioma,collection_level_icdc_glioma,data/processed/D3B_icdc_glioma_selected_slices/GLIOMA01-i_22C7/GLIOMA01-i_22C7__612734791866__central02_idx0008.png,data/raw/D3B_icdc_glioma/1.3.6.1.4.1.14519.5.2.1.163314779069570050388187753612734791866/1-09.dcm,2,8,18,0,glioma,0.5070526003837585,0.5070526003837585,0.7450125310011643,2.6064584255218506,0.5070526003837585,2.5576982498168945,0.482921689748764,-1.4092276096343994,0.0091424519196152,-3.746240615844727,0.0008833051542751,0.5070525603694914,0.49858968088468275,0.4829216822144628,0.47927049125684595,0.009142452106115874,0.019244340202480788,0.0008833053099299149,0.002895487655990475,0,glioma,0.5070525603694914,0.7450125475181686,0,glioma,0.49858968088468275,0.792451555777577
D3B_icdc_glioma,GLIOMA01-i_22C7,1.3.6.1.4.1.14519.5.2.1.152992029036613010740676062066624626963,1.3.6.1.4.1.14519.5.2.1.163314779069570050388187753612734791866,O-Ax T1 SE S,,HEAD,glioma,collection_level_icdc_glioma,data/processed/D3B_icdc_glioma_selected_slices/GLIOMA01-i_22C7/GLIOMA01-i_22C7__612734791866__central03_idx0009.png,data/raw/D3B_icdc_glioma/1.3.6.1.4.1.14519.5.2.1.163314779069570050388187753612734791866/1-10.dcm,3,9,18,1,meningioma,0.5836513042449951,0.4052981436252594,0.7350080987082501,2.3315296173095703,0.4052981436252594,2.6962103843688965,0.5836513042449951,-1.4487671852111816,0.0092472489923238,-3.083479404449463,0.0018032921943813,0.4052981484607481,0.416145310924068,0.5836513098676502,0.5592490552565949,0.009247249563157372,0.019438242422199315,0.0018032921084442787,0.00516739139713771,1,meningioma,0.5836513098676502,0.735008097290319,1,meningioma,0.5592490552565949,0.7936615879122552
D3B_icdc_glioma,GLIOMA01-i_22C7,1.3.6.1.4.1.14519.5.2.1.152992029036613010740676062066624626963,1.3.6.1.4.1.14519.5.2.1.163314779069570050388187753612734791866,O-Ax T1 SE S,,HEAD,glioma,collection_level_icdc_glioma,data/processed/D3B_icdc_glioma_selected_slices/GLIOMA01-i_22C7/GLIOMA01-i_22C7__612734791866__central04_idx0010.png,data/raw/D3B_icdc_glioma/1.3.6.1.4.1.14519.5.2.1.163314779069570050388187753612734791866/1-11.dcm,4,10,18,1,meningioma,0.8898541331291199,0.1038937866687774,0.3735169499343203,1.4226486682891846,0.1038937866687774,3.5703370571136475,0.8898541331291199,-1.5554174184799194,0.0052872761152684,-3.2565767765045166,0.0009647789411246,0.10389379585285245,0.14677979362634555,0.889854149623784,0.8367758638782647,0.0052872755636269335,0.013135519298627949,0.0009647789597366808,0.00330882319676184,1,meningioma,0.889854149623784,0.3735169447470727,1,meningioma,0.8367758638782647,0.5065629325745279
D3B_icdc_glioma,GLIOMA01-i_22C7,1.3.6.1.4.1.14519.5.2.1.152992029036613010740676062066624626963,1.3.6.1.4.1.14519.5.2.1.163314779069570050388187753612734791866,O-Ax T1 SE S,,HEAD,glioma,collection_level_icdc_glioma,data/processed/D3B_icdc_glioma_selected_slices/GLIOMA01-i_22C7/GLIOMA01-i_22C7__612734791866__central05_idx0011.png,data/raw/D3B_icdc_glioma/1.3.6.1.4.1.14519.5.2.1.163314779069570050388187753612734791866/1-12.dcm,5,11,18,1,meningioma,0.9373623132705688,0.0501859709620475,0.2685655330234112,0.7078695893287659,0.0501859709620475,3.6352038383483887,0.9373623132705688,-0.7587151527404785,0.0115785114467144,-3.343416452407837,0.0008732349378988,0.050185974554214675,0.08287556644764028,0.9373622796342334,0.8887691162892082,0.011578510700451922,0.025247497905207535,0.000873235111099978,0.0031078193579439414,1,meningioma,0.9373622796342334,0.26856557010531495,1,meningioma,0.8887691162892082,0.4220265327735408
D3B_icdc_glioma,GLIOMA01-i_92AC,1.3.6.1.4.1.14519.5.2.1.262037287295999917811561153033002459939,1.3.6.1.4.1.14519.5.2.1.164492230787269288393783520058980668450,O-Sag T1 SE S,"Brain, Head Coil/",HEAD,glioma,collection_level_icdc_glioma,data/processed/D3B_icdc_glioma_selected_slices/GLIOMA01-i_92AC/GLIOMA01-i_92AC__058980668450__central01_idx0008.png,data/raw/D3B_icdc_glioma/1.3.6.1.4.1.14519.5.2.1.164492230787269288393783520058980668450/1-09.dcm,1,8,20,2,notumor,0.5141287446022034,0.4559851586818695,0.8187182743554413,2.1056833267211914,0.4559851586818695,-0.8072332143783569,0.0247677844017744,2.2256968021392822,0.5141287446022034,-2.383962392807007,0.0051182601600885,0.45598517684258666,0.44988620345375885,0.024767783616675636,0.04244386957872429,0.5141287793104556,0.4958439183077342,0.005118260230281944,0.011826008659782705,2,notumor,0.5141287793104556,0.8187182570204616,2,notumor,0.4958439183077342,0.8937648181405423
D3B_icdc_glioma,GLIOMA01-i_92AC,1.3.6.1.4.1.14519.5.2.1.262037287295999917811561153033002459939,1.3.6.1.4.1.14519.5.2.1.164492230787269288393783520058980668450,O-Sag T1 SE S,"Brain, Head Coil/",HEAD,glioma,collection_level_icdc_glioma,data/processed/D3B_icdc_glioma_selected_slices/GLIOMA01-i_92AC/GLIOMA01-i_92AC__058980668450__central02_idx0009.png,data/raw/D3B_icdc_glioma/1.3.6.1.4.1.14519.5.2.1.164492230787269288393783520058980668450/1-10.dcm,2,9,20,2,notumor,0.8944904208183289,0.0909680724143982,0.3891656083977517,0.7982944250106812,0.0909680724143982,-1.9305825233459477,0.0059395390562713,3.0840401649475098,0.8944904208183289,-1.560213565826416,0.0086020482704043,0.09096805356391871,0.13100659968565956,0.00593953850019965,0.01434774617721099,0.8944903592488956,0.8352749206127159,0.008602048686986016,0.01937073352441368,2,notumor,0.8944903592488956,0.38916563603351045,2,notumor,0.8352749206127159,0.5539088648472807
D3B_icdc_glioma,GLIOMA01-i_92AC,1.3.6.1.4.1.14519.5.2.1.262037287295999917811561153033002459939,1.3.6.1.4.1.14519.5.2.1.164492230787269288393783520058980668450,O-Sag T1 SE S,"Brain, Head Coil/",HEAD,glioma,collection_level_icdc_glioma,data/processed/D3B_icdc_glioma_selected_slices/GLIOMA01-i_92AC/GLIOMA01-i_92AC__058980668450__central03_idx0010.png,data/raw/D3B_icdc_glioma/1.3.6.1.4.1.14519.5.2.1.164492230787269288393783520058980668450/1-11.dcm,3,10,20,2,notumor,0.8209777474403381,0.1440469026565551,0.5822415170450096,0.7163928747177124,0.1440469026565551,-1.2635672092437744,0.0198892410844564,2.45674991607666,0.8209777474403381,-1.5399730205535889,0.0150860901921987,0.1440469061612482,0.18316491656209274,0.019889240354516825,0.03680750596023625,0.820977764068293,0.750607274811017,0.015086089415941884,0.029420302666654016,2,notumor,0.820977764068293,0.5822415023741251,2,notumor,0.750607274811017,0.751505475952407
D3B_icdc_glioma,GLIOMA01-i_92AC,1.3.6.1.4.1.14519.5.2.1.262037287295999917811561153033002459939,1.3.6.1.4.1.14519.5.2.1.164492230787269288393783520058980668450,O-Sag T1 SE S,"Brain, Head Coil/",HEAD,glioma,collection_level_icdc_glioma,data/processed/D3B_icdc_glioma_selected_slices/GLIOMA01-i_92AC/GLIOMA01-i_92AC__058980668450__central04_idx0011.png,data/raw/D3B_icdc_glioma/1.3.6.1.4.1.14519.5.2.1.164492230787269288393783520058980668450/1-12.dcm,4,11,20,2,notumor,0.6450172662734985,0.3467151224613189,0.6948081290308918,2.118427038192749,0.3467151224613189,-1.9799329042434688,0.0057554300874471,2.739200592041016,0.6450172662734985,-2.80894136428833,0.0025121404323726,0.346715151009717,0.3692222481794473,0.005755429153457998,0.01332748060473071,0.6450172794088775,0.6106433010147426,0.0025121404279475094,0.00680697020107937,2,notumor,0.6450172794088775,0.6948081194414022,2,notumor,0.6106433010147426,0.7605846569734963
D3B_icdc_glioma,GLIOMA01-i_92AC,1.3.6.1.4.1.14519.5.2.1.262037287295999917811561153033002459939,1.3.6.1.4.1.14519.5.2.1.164492230787269288393783520058980668450,O-Sag T1 SE S,"Brain, Head Coil/",HEAD,glioma,collection_level_icdc_glioma,data/processed/D3B_icdc_glioma_selected_slices/GLIOMA01-i_92AC/GLIOMA01-i_92AC__058980668450__central05_idx0012.png,data/raw/D3B_icdc_glioma/1.3.6.1.4.1.14519.5.2.1.164492230787269288393783520058980668450/1-13.dcm,5,12,20,2,notumor,0.5145490169525146,0.3117332756519317,1.0170515428583122,1.570523977279663,0.3117332756519317,0.978209912776947,0.1724028587341308,2.071666955947876,0.5145490169525146,-3.897902250289917,0.0013148486614227,0.3117332642849686,0.31931701152700603,0.17240284070289635,0.19757840991532208,0.5145490462195093,0.4793075257905274,0.0013148487926258733,0.00379705276714431,2,notumor,0.5145490462195093,1.0170515182286863,2,notumor,0.4793075257905274,1.0585719748083433
D3B_icdc_glioma,GLIOMA01-i_6254,1.3.6.1.4.1.14519.5.2.1.166204587543697092243624330422808718866,1.3.6.1.4.1.14519.5.2.1.165326589964808104838461974404066766568,RAGE FS TRANS+C,MP RAGE FS +C,HEAD,glioma,collection_level_icdc_glioma,data/processed/D3B_icdc_glioma_selected_slices/GLIOMA01-i_6254/GLIOMA01-i_6254__404066766568__central01_idx0013.png,data/raw/D3B_icdc_glioma/1.3.6.1.4.1.14519.5.2.1.165326589964808104838461974404066766568/1-14.dcm,1,13,31,2,notumor,0.908313810825348,0.050967339426279,0.3771407300351985,0.1221107840538024,0.050967339426279,-0.1507073938846588,0.0387979224324226,3.00251579284668,0.908313810825348,-3.156293630599976,0.0019208739977329,0.05096733684888336,0.08199612765842161,0.03879792615798047,0.06573048889360365,0.9083138624780506,0.8465208215493147,0.0019208745150857095,0.005752561898659998,2,notumor,0.9083138624780506,0.37714068935419365,2,notumor,0.8465208215493147,0.5547302321684959
D3B_icdc_glioma,GLIOMA01-i_6254,1.3.6.1.4.1.14519.5.2.1.166204587543697092243624330422808718866,1.3.6.1.4.1.14519.5.2.1.165326589964808104838461974404066766568,RAGE FS TRANS+C,MP RAGE FS +C,HEAD,glioma,collection_level_icdc_glioma,data/processed/D3B_icdc_glioma_selected_slices/GLIOMA01-i_6254/GLIOMA01-i_6254__404066766568__central02_idx0014.png,data/raw/D3B_icdc_glioma/1.3.6.1.4.1.14519.5.2.1.165326589964808104838461974404066766568/1-15.dcm,2,14,31,1,meningioma,0.5853993892669678,0.2403416931629181,0.9793955889645708,0.7926784753799438,0.2403416931629181,1.6829111576080322,0.5853993892669678,0.4483039081096649,0.170321375131607,-3.3188235759735107,0.0039375536143779,0.24034169402581596,0.25976084671157695,0.5853993817501395,0.5344629308030461,0.1703213707508223,0.1964992102042713,0.00393755347322233,0.009277012281105662,1,meningioma,0.5853993817501395,0.9793955888098075,1,meningioma,0.5344629308030461,1.0481349363767685
D3B_icdc_glioma,GLIOMA01-i_6254,1.3.6.1.4.1.14519.5.2.1.166204587543697092243624330422808718866,1.3.6.1.4.1.14519.5.2.1.165326589964808104838461974404066766568,RAGE FS TRANS+C,MP RAGE FS +C,HEAD,glioma,collection_level_icdc_glioma,data/processed/D3B_icdc_glioma_selected_slices/GLIOMA01-i_6254/GLIOMA01-i_6254__404066766568__central03_idx0015.png,data/raw/D3B_icdc_glioma/1.3.6.1.4.1.14519.5.2.1.165326589964808104838461974404066766568/1-16.dcm,3,15,31,1,meningioma,0.8419922590255737,0.1171344220638275,0.5369623798039664,0.7070677280426025,0.1171344220638275,2.679516315460205,0.8419922590255737,-0.4174932539463043,0.0380446799099445,-3.0164811611175537,0.002828576369211,0.11713443479955192,0.15632441375887904,0.8419923073049512,0.7731946052717683,0.03804468190511401,0.06283535734341036,0.002828575990382696,0.007645623625942239,1,meningioma,0.8419923073049512,0.5369623570859718,1,meningioma,0.7731946052717683,0.700137092376488
D3B_icdc_glioma,GLIOMA01-i_6254,1.3.6.1.4.1.14519.5.2.1.166204587543697092243624330422808718866,1.3.6.1.4.1.14519.5.2.1.165326589964808104838461974404066766568,RAGE FS TRANS+C,MP RAGE FS +C,HEAD,glioma,collection_level_icdc_glioma,data/processed/D3B_icdc_glioma_selected_slices/GLIOMA01-i_6254/GLIOMA01-i_6254__404066766568__central04_idx0016.png,data/raw/D3B_icdc_glioma/1.3.6.1.4.1.14519.5.2.1.165326589964808104838461974404066766568/1-17.dcm,4,16,31,1,meningioma,0.9984742999076844,0.0011058911914005,0.0126078997602375,-0.9305739402770996,0.0011058911914005,5.875002861022949,0.9984742999076844,-2.6018238067626958,0.0002079207479255,-2.5828182697296143,0.0002119102427968,0.0011058912714684353,0.003998771400261119,0.9984742777901532,0.9939212058437106,0.00020792075111988087,0.0010320017370329746,0.0002119101872585986,0.0010480210189954063,1,meningioma,0.9984742777901532,0.0126079219185694,1,meningioma,0.9939212058437106,0.04242719290746212
D3B_icdc_glioma,GLIOMA01-i_6254,1.3.6.1.4.1.14519.5.2.1.166204587543697092243624330422808718866,1.3.6.1.4.1.14519.5.2.1.165326589964808104838461974404066766568,RAGE FS TRANS+C,MP RAGE FS +C,HEAD,glioma,collection_level_icdc_glioma,data/processed/D3B_icdc_glioma_selected_slices/GLIOMA01-i_6254/GLIOMA01-i_6254__404066766568__central05_idx0017.png,data/raw/D3B_icdc_glioma/1.3.6.1.4.1.14519.5.2.1.165326589964808104838461974404066766568/1-18.dcm,5,17,31,1,meningioma,0.9602468609809875,0.0244318377226591,0.1965423219853029,0.0842149853706359,0.0244318377226591,3.7555181980133057,0.9602468609809875,-0.4300508499145508,0.0146087631583213,-3.4505624771118164,0.000712560780812,0.02443183913662594,0.046915923160621736,0.9602468405377805,0.9194851901788901,0.01460875971157697,0.030924956273768105,0.0007125606140163229,0.002673930386720039,1,meningioma,0.9602468405377805,0.1965423332721526,1,meningioma,0.9194851901788901,0.3440593013719452
D3B_icdc_glioma,GLIOMA01-i_D7EC,1.3.6.1.4.1.14519.5.2.1.75665287551607237045188839766385260390,1.3.6.1.4.1.14519.5.2.1.169646175066466320566338877863494884795,T1/T/SE  +C,T1/T/SE  +C,HEAD,glioma,collection_level_icdc_glioma,data/processed/D3B_icdc_glioma_selected_slices/GLIOMA01-i_D7EC/GLIOMA01-i_D7EC__863494884795__central01_idx0009.png,data/raw/D3B_icdc_glioma/1.3.6.1.4.1.14519.5.2.1.169646175066466320566338877863494884795/1-10.dcm,1,9,22,2,notumor,0.7255033850669861,0.2733413577079773,0.5957946875446407,2.9131617546081543,0.2733413577079773,-2.8322863578796387,0.0008739547920413,3.88930606842041,0.7255033850669861,-3.965647459030152,0.000281369080767,0.27334134260792636,0.3106383806119473,0.0008739546792266978,0.0029510297634827896,0.7255033335880358,0.6852328388288127,0.0002813691248111979,0.00117775079575724,2,notumor,0.7255033335880358,0.5957947176536791,2,notumor,0.6852328388288127,0.6473254710196543
D3B_icdc_glioma,GLIOMA01-i_D7EC,1.3.6.1.4.1.14519.5.2.1.75665287551607237045188839766385260390,1.3.6.1.4.1.14519.5.2.1.169646175066466320566338877863494884795,T1/T/SE  +C,T1/T/SE  +C,HEAD,glioma,collection_level_icdc_glioma,data/processed/D3B_icdc_glioma_selected_slices/GLIOMA01-i_D7EC/GLIOMA01-i_D7EC__863494884795__central02_idx0010.png,data/raw/D3B_icdc_glioma/1.3.6.1.4.1.14519.5.2.1.169646175066466320566338877863494884795/1-11.dcm,2,10,22,2,notumor,0.7851502299308777,0.21412955224514,0.5254781241176241,3.018174171447754,0.21412955224514,-2.8791656494140625,0.0005881585530005,4.317468166351318,0.7851502299308777,-4.372623920440674,0.0001320972369285,0.2141295212504927,0.25791630321514486,0.000588158535377342,0.0021663791261514413,0.7851502229819932,0.7392715632812492,0.0001320972321366428,0.0006457543774544272,2,notumor,0.7851502229819932,0.5254781124607331,2,notumor,0.7392715632812492,0.590867297781884
D3B_icdc_glioma,GLIOMA01-i_D7EC,1.3.6.1.4.1.14519.5.2.1.75665287551607237045188839766385260390,1.3.6.1.4.1.14519.5.2.1.169646175066466320566338877863494884795,T1/T/SE  +C,T1/T/SE  +C,HEAD,glioma,collection_level_icdc_glioma,data/processed/D3B_icdc_glioma_selected_slices/GLIOMA01-i_D7EC/GLIOMA01-i_D7EC__863494884795__central03_idx0011.png,data/raw/D3B_icdc_glioma/1.3.6.1.4.1.14519.5.2.1.169646175066466320566338877863494884795/1-12.dcm,3,11,22,2,notumor,0.8978505730628967,0.1015722155570983,0.3336207843868068,2.485848903656006,0.1015722155570983,-2.890383005142212,0.0004697934782598,4.6650824546813965,0.8978505730628967,-4.3659844398498535,0.0001074141546268,0.1015722227588399,0.14566194789409345,0.00046979360967376805,0.0018664709083309355,0.8978505694695275,0.8519071131452555,0.0001074141619590306,0.0005644680523201165,2,notumor,0.8978505694695275,0.3336207977968342,2,notumor,0.8519071131452555,0.4331050474596386
D3B_icdc_glioma,GLIOMA01-i_D7EC,1.3.6.1.4.1.14519.5.2.1.75665287551607237045188839766385260390,1.3.6.1.4.1.14519.5.2.1.169646175066466320566338877863494884795,T1/T/SE  +C,T1/T/SE  +C,HEAD,glioma,collection_level_icdc_glioma,data/processed/D3B_icdc_glioma_selected_slices/GLIOMA01-i_D7EC/GLIOMA01-i_D7EC__863494884795__central04_idx0012.png,data/raw/D3B_icdc_glioma/1.3.6.1.4.1.14519.5.2.1.169646175066466320566338877863494884795/1-13.dcm,4,12,22,0,glioma,0.7798899412155151,0.7798899412155151,0.5335619755401342,4.1606950759887695,0.7798899412155151,-2.7544569969177246,0.0007741425652056,2.891383647918701,0.2191686481237411,-4.28662633895874,0.0001672663056524,0.7798899658702461,0.7341037471435896,0.0007741425628913181,0.0027024880505788786,0.21916862534192907,0.26241308820090153,0.00016726622493366483,0.0007806766049299497,0,glioma,0.7798899658702461,0.5335619445801437,0,glioma,0.7341037471435896,0.5995479807871017
D3B_icdc_glioma,GLIOMA01-i_D7EC,1.3.6.1.4.1.14519.5.2.1.75665287551607237045188839766385260390,1.3.6.1.4.1.14519.5.2.1.169646175066466320566338877863494884795,T1/T/SE  +C,T1/T/SE  +C,HEAD,glioma,collection_level_icdc_glioma,data/processed/D3B_icdc_glioma_selected_slices/GLIOMA01-i_D7EC/GLIOMA01-i_D7EC__863494884795__central05_idx0013.png,data/raw/D3B_icdc_glioma/1.3.6.1.4.1.14519.5.2.1.169646175066466320566338877863494884795/1-14.dcm,5,13,22,2,notumor,0.909753918647766,0.0891109630465507,0.3096374894919143,2.1533026695251465,0.0891109630465507,-2.347186803817749,0.0009894490940496,4.4765944480896,0.909753918647766,-4.26237154006958,0.0001457602920709,0.08911095464711417,0.13150290647972507,0.0009894488593059948,0.0034265264409454833,0.9097538362150942,0.8643448826608416,0.0001457602784855507,0.0007256844184877825,2,notumor,0.9097538362150942,0.3096375507229533,2,notumor,0.8643448826608416,0.4174857727667954
D3B_icdc_glioma,GLIOMA01-i_1793,1.3.6.1.4.1.14519.5.2.1.35675667776358759975348824278158416904,1.3.6.1.4.1.14519.5.2.1.188079547706845086920052937856536171828,BRAIN/T1_TRANS,,HEAD,glioma,collection_level_icdc_glioma,data/processed/D3B_icdc_glioma_selected_slices/GLIOMA01-i_1793/GLIOMA01-i_1793__856536171828__central01_idx0008.png,data/raw/D3B_icdc_glioma/1.3.6.1.4.1.14519.5.2.1.188079547706845086920052937856536171828/1-09.dcm,1,8,21,2,notumor,0.5953026413917542,0.3411019444465637,0.8565453264481896,1.928856372833252,0.3411019444465637,0.2312998175621032,0.0624661520123481,2.4857449531555176,0.5953026413917542,-3.781754493713379,0.0011292690178379,0.3411019315037717,0.3530052396886058,0.06246614916836795,0.08918166583357094,0.5953026503677261,0.5543635509150064,0.0011292689601342261,0.0034495435628167912,2,notumor,0.5953026503677261,0.856545315773153,2,notumor,0.5543635509150064,0.9297292697173405
D3B_icdc_glioma,GLIOMA01-i_1793,1.3.6.1.4.1.14519.5.2.1.35675667776358759975348824278158416904,1.3.6.1.4.1.14519.5.2.1.188079547706845086920052937856536171828,BRAIN/T1_TRANS,,HEAD,glioma,collection_level_icdc_glioma,data/processed/D3B_icdc_glioma_selected_slices/GLIOMA01-i_1793/GLIOMA01-i_1793__856536171828__central02_idx0009.png,data/raw/D3B_icdc_glioma/1.3.6.1.4.1.14519.5.2.1.188079547706845086920052937856536171828/1-10.dcm,2,9,21,1,meningioma,0.414593756198883,0.3909679651260376,1.0663717067451606,1.4592775106430054,0.3909679651260376,1.5179510116577148,0.414593756198883,0.7448908686637878,0.1913757920265197,-3.3901069164276123,0.0030625285580754,0.3909679511391226,0.3804005933065501,0.4145937359566114,0.39892666948425654,0.19137578354305457,0.21320212910496453,0.003062529361211374,0.007470608104228755,1,meningioma,0.4145937359566114,1.0663717083181325,1,meningioma,0.39892666948425654,1.1003623517177443
D3B_icdc_glioma,GLIOMA01-i_1793,1.3.6.1.4.1.14519.5.2.1.35675667776358759975348824278158416904,1.3.6.1.4.1.14519.5.2.1.188079547706845086920052937856536171828,BRAIN/T1_TRANS,,HEAD,glioma,collection_level_icdc_glioma,data/processed/D3B_icdc_glioma_selected_slices/GLIOMA01-i_1793/GLIOMA01-i_1793__856536171828__central03_idx0010.png,data/raw/D3B_icdc_glioma/1.3.6.1.4.1.14519.5.2.1.188079547706845086920052937856536171828/1-11.dcm,3,10,21,2,notumor,0.521187424659729,0.3090611398220062,1.014631653164869,1.4975733757019043,0.3090611398220062,0.88626629114151,0.1677092760801315,2.020143985748291,0.521187424659729,-3.5219430923461914,0.0020421897061169,0.30906112538437913,0.3170832656369458,0.16770927754185735,0.1931993199246021,0.5211874073910847,0.48429234808783683,0.002042189682678734,0.0054250663506151,2,notumor,0.5211874073910847,1.0146316576916976,2,notumor,0.48429234808783683,1.0612702306137576
D3B_icdc_glioma,GLIOMA01-i_1793,1.3.6.1.4.1.14519.5.2.1.35675667776358759975348824278158416904,1.3.6.1.4.1.14519.5.2.1.188079547706845086920052937856536171828,BRAIN/T1_TRANS,,HEAD,glioma,collection_level_icdc_glioma,data/processed/D3B_icdc_glioma_selected_slices/GLIOMA01-i_1793/GLIOMA01-i_1793__856536171828__central04_idx0011.png,data/raw/D3B_icdc_glioma/1.3.6.1.4.1.14519.5.2.1.188079547706845086920052937856536171828/1-12.dcm,4,11,21,1,meningioma,0.8755015730857849,0.1128821298480033,0.4166286433735247,1.4914813041687012,0.1128821298480033,3.5399341583251958,0.8755015730857849,-0.8313230872154236,0.0110622644424438,-3.825404405593872,0.000554027268663,0.1128821223473287,0.1556180740675938,0.8755015860569537,0.8186042730056439,0.011062264453683463,0.023685353626990053,0.0005540271420341795,0.0020922992997723664,1,meningioma,0.8755015860569537,0.41662862248211424,1,meningioma,0.8186042730056439,0.5549117850039312
D3B_icdc_glioma,GLIOMA01-i_1793,1.3.6.1.4.1.14519.5.2.1.35675667776358759975348824278158416904,1.3.6.1.4.1.14519.5.2.1.188079547706845086920052937856536171828,BRAIN/T1_TRANS,,HEAD,glioma,collection_level_icdc_glioma,data/processed/D3B_icdc_glioma_selected_slices/GLIOMA01-i_1793/GLIOMA01-i_1793__856536171828__central05_idx0012.png,data/raw/D3B_icdc_glioma/1.3.6.1.4.1.14519.5.2.1.188079547706845086920052937856536171828/1-13.dcm,5,12,21,1,meningioma,0.7821204662322998,0.2042333483695984,0.580571340250723,1.6497795581817627,0.2042333483695984,2.992525100708008,0.7821204662322998,-1.1984766721725464,0.0118343578651547,-3.0751452445983887,0.0018118318403139,0.20423335236241405,0.2444865466148161,0.7821204577788045,0.7258957233267587,0.011834357979511155,0.024306721448288007,0.0018118318792702157,0.005311008610137152,1,meningioma,0.7821204577788045,0.5805713495765468,1,meningioma,0.7258957233267587,0.695089490619579
D3B_icdc_glioma,GLIOMA01-i_B3CE,1.3.6.1.4.1.14519.5.2.1.136928881907597419136287834125434521570,1.3.6.1.4.1.14519.5.2.1.193531197337568117661297527463528002512,RAGE TRANS +C,MP RAGE FS +C,HEAD,glioma,collection_level_icdc_glioma,data/processed/D3B_icdc_glioma_selected_slices/GLIOMA01-i_B3CE/GLIOMA01-i_B3CE__463528002512__central01_idx0018.png,data/raw/D3B_icdc_glioma/1.3.6.1.4.1.14519.5.2.1.193531197337568117661297527463528002512/1-19.dcm,1,18,40,2,notumor,0.932293176651001,0.0352160893380641,0.302522118079146,0.0078838253393769,0.0352160893380641,-0.1419267803430557,0.0303165093064308,3.2840280532836914,0.932293176651001,-2.776923418045044,0.0021742766257375,0.03521608890008681,0.06165954128816659,0.0303165098457965,0.05460972461423453,0.9322931251013588,0.8772770980840814,0.002174276152758016,0.006453636013517687,2,notumor,0.9322931251013588,0.30252216390654646,2,notumor,0.8772770980840814,0.47798185094881657
D3B_icdc_glioma,GLIOMA01-i_B3CE,1.3.6.1.4.1.14519.5.2.1.136928881907597419136287834125434521570,1.3.6.1.4.1.14519.5.2.1.193531197337568117661297527463528002512,RAGE TRANS +C,MP RAGE FS +C,HEAD,glioma,collection_level_icdc_glioma,data/processed/D3B_icdc_glioma_selected_slices/GLIOMA01-i_B3CE/GLIOMA01-i_B3CE__463528002512__central02_idx0019.png,data/raw/D3B_icdc_glioma/1.3.6.1.4.1.14519.5.2.1.193531197337568117661297527463528002512/1-20.dcm,2,19,40,2,notumor,0.8089259266853333,0.1847321391105651,0.5189968830981372,1.844845175743103,0.1847321391105651,-3.0149388313293457,0.001432072604075,3.321645736694336,0.8089259266853333,-1.7828254699707031,0.0049098143354058,0.1847321344450242,0.22819842005456684,0.0014320727163671329,0.004443927452407638,0.808925978107151,0.755294913192715,0.004909814731457652,0.012062739300310533,2,notumor,0.808925978107151,0.5189968416989899,2,notumor,0.755294913192715,0.6265015269799081
D3B_icdc_glioma,GLIOMA01-i_B3CE,1.3.6.1.4.1.14519.5.2.1.136928881907597419136287834125434521570,1.3.6.1.4.1.14519.5.2.1.193531197337568117661297527463528002512,RAGE TRANS +C,MP RAGE FS +C,HEAD,glioma,collection_level_icdc_glioma,data/processed/D3B_icdc_glioma_selected_slices/GLIOMA01-i_B3CE/GLIOMA01-i_B3CE__463528002512__central03_idx0020.png,data/raw/D3B_icdc_glioma/1.3.6.1.4.1.14519.5.2.1.193531197337568117661297527463528002512/1-21.dcm,3,20,40,2,notumor,0.824661135673523,0.1700668781995773,0.4915719680922872,1.8419092893600464,0.1700668781995773,-2.3423008918762207,0.0025908385869115,3.420690059661865,0.824661135673523,-2.308008909225464,0.0026812250725924,0.17006686880318195,0.2144409307033793,0.0025908383857020925,0.007220218370011693,0.82466106854206,0.770915150863174,0.002681224269055816,0.007423700063435054,2,notumor,0.82466106854206,0.49157201008030554,2,notumor,0.770915150863174,0.6027544946170508
D3B_icdc_glioma,GLIOMA01-i_B3CE,1.3.6.1.4.1.14519.5.2.1.136928881907597419136287834125434521570,1.3.6.1.4.1.14519.5.2.1.193531197337568117661297527463528002512,RAGE TRANS +C,MP RAGE FS +C,HEAD,glioma,collection_level_icdc_glioma,data/processed/D3B_icdc_glioma_selected_slices/GLIOMA01-i_B3CE/GLIOMA01-i_B3CE__463528002512__central04_idx0021.png,data/raw/D3B_icdc_glioma/1.3.6.1.4.1.14519.5.2.1.193531197337568117661297527463528002512/1-22.dcm,4,21,40,2,notumor,0.9124450087547302,0.0711946412920951,0.3501718419476167,0.6690855026245117,0.0711946412920951,-1.655946969985962,0.0069614299573004,3.2197957038879395,0.9124450087547302,-1.3557298183441162,0.0093989931046962,0.07119464045867832,0.10812186998853833,0.0069614310825369214,0.016426655371570738,0.9124449386142004,0.8544997628773562,0.009398989844584385,0.02095171176253478,2,notumor,0.9124449386142004,0.35017189680149446,2,notumor,0.8544997628773562,0.52336166546044
D3B_icdc_glioma,GLIOMA01-i_B3CE,1.3.6.1.4.1.14519.5.2.1.136928881907597419136287834125434521570,1.3.6.1.4.1.14519.5.2.1.193531197337568117661297527463528002512,RAGE TRANS +C,MP RAGE FS +C,HEAD,glioma,collection_level_icdc_glioma,data/processed/D3B_icdc_glioma_selected_slices/GLIOMA01-i_B3CE/GLIOMA01-i_B3CE__463528002512__central05_idx0022.png,data/raw/D3B_icdc_glioma/1.3.6.1.4.1.14519.5.2.1.193531197337568117661297527463528002512/1-23.dcm,5,22,40,2,notumor,0.8294512033462524,0.166181743144989,0.4800278514133941,1.8553776741027832,0.166181743144989,-2.6735775470733643,0.0017934237839654,3.463059902191162,0.8294512033462524,-2.3123903274536133,0.0025736216921359,0.16618174795840826,0.21097999895791028,0.0017934243472451682,0.005372057519489047,0.8294512061837301,0.7764489588361467,0.0025736215106165147,0.007198984686454017,2,notumor,0.8294512061837301,0.4800278550295076,2,notumor,0.7764489588361467,0.5883394447818008
D3B_icdc_glioma,GLIOMA01-i_49E6,1.3.6.1.4.1.14519.5.2.1.328143012338632883223057559395393058142,1.3.6.1.4.1.14519.5.2.1.197966799475580302365913177301841443187,MP RAGE TRANS FS + C,MP RAGE FS +C,HEAD,glioma,collection_level_icdc_glioma,data/processed/D3B_icdc_glioma_selected_slices/GLIOMA01-i_49E6/GLIOMA01-i_49E6__301841443187__central01_idx0021.png,data/raw/D3B_icdc_glioma/1.3.6.1.4.1.14519.5.2.1.197966799475580302365913177301841443187/1-22.dcm,1,21,47,1,meningioma,0.6045063138008118,0.0714215636253357,0.8641086177664351,0.1628644317388534,0.0714215636253357,2.2986767292022705,0.6045063138008118,1.6724576950073242,0.3231747150421142,-4.214028835296631,0.0008973640506155,0.07142156574724998,0.09926496309468871,0.6045063427052971,0.560478185005686,0.32317472727813773,0.3373978260248618,0.0008973642693151736,0.0028590258747633545,1,meningioma,0.6045063427052971,0.8641086097900047,1,meningioma,0.560478185005686,0.9371219058177639
D3B_icdc_glioma,GLIOMA01-i_49E6,1.3.6.1.4.1.14519.5.2.1.328143012338632883223057559395393058142,1.3.6.1.4.1.14519.5.2.1.197966799475580302365913177301841443187,MP RAGE TRANS FS + C,MP RAGE FS +C,HEAD,glioma,collection_level_icdc_glioma,data/processed/D3B_icdc_glioma_selected_slices/GLIOMA01-i_49E6/GLIOMA01-i_49E6__301841443187__central02_idx0022.png,data/raw/D3B_icdc_glioma/1.3.6.1.4.1.14519.5.2.1.197966799475580302365913177301841443187/1-23.dcm,2,22,47,0,glioma,0.570484459400177,0.570484459400177,0.9699312313218528,2.193948268890381,0.570484459400177,0.8595907688140869,0.1502241343259811,1.4747471809387207,0.2779065072536468,-3.826883316040039,0.0013849365059286,0.5704844221773622,0.524937550768736,0.1502241276567572,0.17800852037635304,0.2779065136821883,0.29306462878476197,0.001384936483692334,0.003989300070148906,0,glioma,0.5704844221773622,0.9699312433583962,0,glioma,0.524937550768736,1.0272726661737297
D3B_icdc_glioma,GLIOMA01-i_49E6,1.3.6.1.4.1.14519.5.2.1.328143012338632883223057559395393058142,1.3.6.1.4.1.14519.5.2.1.197966799475580302365913177301841443187,MP RAGE TRANS FS + C,MP RAGE FS +C,HEAD,glioma,collection_level_icdc_glioma,data/processed/D3B_icdc_glioma_selected_slices/GLIOMA01-i_49E6/GLIOMA01-i_49E6__301841443187__central03_idx0023.png,data/raw/D3B_icdc_glioma/1.3.6.1.4.1.14519.5.2.1.197966799475580302365913177301841443187/1-24.dcm,3,23,47,1,meningioma,0.9613962173461914,0.02254593744874,0.1948149312703671,0.0136289456859231,0.02254593744874,3.766460657119751,0.9613962173461914,-0.4280831813812256,0.0144955655559897,-2.6558334827423096,0.0015621959464624,0.022545939715353507,0.0439535136775801,0.9613962974073526,0.9202682810583553,0.014495566813805719,0.030726979049858594,0.0015621960634880886,0.005051226214206026,1,meningioma,0.9613962974073526,0.19481486539676346,1,meningioma,0.9202682810583553,0.3475250026462825
D3B_icdc_glioma,GLIOMA01-i_49E6,1.3.6.1.4.1.14519.5.2.1.328143012338632883223057559395393058142,1.3.6.1.4.1.14519.5.2.1.197966799475580302365913177301841443187,MP RAGE TRANS FS + C,MP RAGE FS +C,HEAD,glioma,collection_level_icdc_glioma,data/processed/D3B_icdc_glioma_selected_slices/GLIOMA01-i_49E6/GLIOMA01-i_49E6__301841443187__central04_idx0024.png,data/raw/D3B_icdc_glioma/1.3.6.1.4.1.14519.5.2.1.197966799475580302365913177301841443187/1-25.dcm,4,24,47,0,glioma,0.8487138748168945,0.8487138748168945,0.533588724093497,2.9185667037963867,0.8487138748168945,0.2348131984472274,0.0579724945127964,0.6938748955726624,0.0917465835809707,-3.3759653568267822,0.0015670427819713,0.8487138770653859,0.7785221994390333,0.05797249143647576,0.08843904630881472,0.09174658904156051,0.12829935786039384,0.0015670424565778376,0.004739396391758216,0,glioma,0.8487138770653859,0.5335887223365242,0,glioma,0.7785221994390333,0.6982258440146809
D3B_icdc_glioma,GLIOMA01-i_49E6,1.3.6.1.4.1.14519.5.2.1.328143012338632883223057559395393058142,1.3.6.1.4.1.14519.5.2.1.197966799475580302365913177301841443187,MP RAGE TRANS FS + C,MP RAGE FS +C,HEAD,glioma,collection_level_icdc_glioma,data/processed/D3B_icdc_glioma_selected_slices/GLIOMA01-i_49E6/GLIOMA01-i_49E6__301841443187__central05_idx0025.png,data/raw/D3B_icdc_glioma/1.3.6.1.4.1.14519.5.2.1.197966799475580302365913177301841443187/1-26.dcm,5,25,47,0,glioma,0.6951174139976501,0.6951174139976501,0.7491880480672499,2.892639636993408,0.6951174139976501,0.2058037519454956,0.0473347641527652,1.898427963256836,0.2572038769721985,-4.7187933921813965,0.0003439178981352,0.6951174305303064,0.6401426553093003,0.04733476008102524,0.07253788379532598,0.257203891461226,0.2859791476935554,0.00034391792744216816,0.0013403132018183193,0,glioma,0.6951174305303064,0.7491880345877958,0,glioma,0.6401426553093003,0.8427235661651539
D3B_icdc_glioma,GLIOMA01-i_8BDE,1.3.6.1.4.1.14519.5.2.1.130279406635005519085179271256892778239,1.3.6.1.4.1.14519.5.2.1.210864304936929034141059700214106045446,T1/T/SE  +C,T1/T/SE  +C,HEAD,glioma,collection_level_icdc_glioma,data/processed/D3B_icdc_glioma_selected_slices/GLIOMA01-i_8BDE/GLIOMA01-i_8BDE__214106045446__central01_idx0006.png,data/raw/D3B_icdc_glioma/1.3.6.1.4.1.14519.5.2.1.210864304936929034141059700214106045446/1-07.dcm,1,6,16,1,meningioma,0.893668532371521,0.0625505000352859,0.4166343990194985,0.3286082446575165,0.0625505000352859,2.987968921661377,0.893668532371521,-0.058092925697565,0.0424901880323886,-3.5520968437194824,0.0012908088974654,0.06255050014307582,0.09611119270553309,0.8936685078090869,0.8294976018512508,0.042490183059706574,0.07025269295826664,0.001290808988130865,0.004138512484949607,1,meningioma,0.8936685078090869,0.4166344107906344,1,meningioma,0.8294976018512508,0.589455359251211
D3B_icdc_glioma,GLIOMA01-i_8BDE,1.3.6.1.4.1.14519.5.2.1.130279406635005519085179271256892778239,1.3.6.1.4.1.14519.5.2.1.210864304936929034141059700214106045446,T1/T/SE  +C,T1/T/SE  +C,HEAD,glioma,collection_level_icdc_glioma,data/processed/D3B_icdc_glioma_selected_slices/GLIOMA01-i_8BDE/GLIOMA01-i_8BDE__214106045446__central02_idx0007.png,data/raw/D3B_icdc_glioma/1.3.6.1.4.1.14519.5.2.1.210864304936929034141059700214106045446/1-08.dcm,2,7,16,1,meningioma,0.8643066883087158,0.0724042356014251,0.5029942194862901,0.2804619073867798,0.0724042356014251,2.760124921798706,0.8643066883087158,0.0967824533581733,0.060254979878664,-2.891881227493286,0.0030341201927512,0.07240422416717467,0.10639385587302122,0.864306677774829,0.7937939310465534,0.06025497782810388,0.09167799275926185,0.0030341202298923356,0.00813422032116349,1,meningioma,0.864306677774829,0.5029942063661637,1,meningioma,0.7937939310465534,0.6799001059996219
D3B_icdc_glioma,GLIOMA01-i_8BDE,1.3.6.1.4.1.14519.5.2.1.130279406635005519085179271256892778239,1.3.6.1.4.1.14519.5.2.1.210864304936929034141059700214106045446,T1/T/SE  +C,T1/T/SE  +C,HEAD,glioma,collection_level_icdc_glioma,data/processed/D3B_icdc_glioma_selected_slices/GLIOMA01-i_8BDE/GLIOMA01-i_8BDE__214106045446__central03_idx0008.png,data/raw/D3B_icdc_glioma/1.3.6.1.4.1.14519.5.2.1.210864304936929034141059700214106045446/1-09.dcm,3,8,16,1,meningioma,0.8322718143463135,0.1364902555942535,0.5414375062781364,0.94741690158844,0.1364902555942535,2.7553226947784424,0.8322718143463135,-0.6082108616828918,0.0288072042167186,-3.080635070800781,0.0024307540152221,0.13649025991415578,0.1769838235325974,0.8322717826591727,0.7660900900106802,0.028807203945733058,0.050163065184267074,0.002430753480938479,0.006763021272455348,1,meningioma,0.8322717826591727,0.5414375330587287,1,meningioma,0.7660900900106802,0.6945130361330505
D3B_icdc_glioma,GLIOMA01-i_8BDE,1.3.6.1.4.1.14519.5.2.1.130279406635005519085179271256892778239,1.3.6.1.4.1.14519.5.2.1.210864304936929034141059700214106045446,T1/T/SE  +C,T1/T/SE  +C,HEAD,glioma,collection_level_icdc_glioma,data/processed/D3B_icdc_glioma_selected_slices/GLIOMA01-i_8BDE/GLIOMA01-i_8BDE__214106045446__central04_idx0009.png,data/raw/D3B_icdc_glioma/1.3.6.1.4.1.14519.5.2.1.210864304936929034141059700214106045446/1-10.dcm,4,9,16,1,meningioma,0.8360997438430786,0.0628662258386612,0.5667577053439757,0.0120034525170922,0.0628662258386612,2.59974217414856,0.8360997438430786,0.461841344833374,0.09857789427042,-3.2304537296295166,0.0024560440797358,0.06286623872920147,0.09384365400597801,0.8360998101374895,0.7642520249125974,0.09857790672348637,0.1351259464828107,0.0024560444098227613,0.006778374598613832,1,meningioma,0.8360998101374895,0.5667576917440789,1,meningioma,0.7642520249125974,0.7318332384483132
D3B_icdc_glioma,GLIOMA01-i_8BDE,1.3.6.1.4.1.14519.5.2.1.130279406635005519085179271256892778239,1.3.6.1.4.1.14519.5.2.1.210864304936929034141059700214106045446,T1/T/SE  +C,T1/T/SE  +C,HEAD,glioma,collection_level_icdc_glioma,data/processed/D3B_icdc_glioma_selected_slices/GLIOMA01-i_8BDE/GLIOMA01-i_8BDE__214106045446__central05_idx0010.png,data/raw/D3B_icdc_glioma/1.3.6.1.4.1.14519.5.2.1.210864304936929034141059700214106045446/1-11.dcm,5,10,16,1,meningioma,0.9597226977348328,0.0131908087059855,0.1977704514328727,-0.5715980529785156,0.0131908087059855,3.7155261039733887,0.9597226977348328,0.1193503513932228,0.0263236742466688,-3.421886682510376,0.0007627929444424,0.013190808452605462,0.02846291496397053,0.9597227250271305,0.9188833111815083,0.026323673359941714,0.0498286634161022,0.0007627931603222071,0.0028251104384190004,1,meningioma,0.9597227250271305,0.19777042341454132,1,meningioma,0.9188833111815083,0.34506339467745206
D3B_icdc_glioma,GLIOMA01-i_FC65,1.3.6.1.4.1.14519.5.2.1.212867420508017263017494321035687962668,1.3.6.1.4.1.14519.5.2.1.211142962138955139180007466034760894778,BRAIN/T1_DORSAL+C,,HEAD,glioma,collection_level_icdc_glioma,data/processed/D3B_icdc_glioma_selected_slices/GLIOMA01-i_FC65/GLIOMA01-i_FC65__034760894778__central01_idx0007.png,data/raw/D3B_icdc_glioma/1.3.6.1.4.1.14519.5.2.1.211142962138955139180007466034760894778/1-08.dcm,1,7,19,2,notumor,0.9944053888320924,0.0050867856480181,0.0365951171928877,0.1960868388414383,0.0050867856480181,-2.435250997543335,0.0003661575610749,5.471585750579834,0.9944053888320924,-3.3851444721221924,0.0001416231534676,0.0050867854706641204,0.013680526585383962,0.0003661574878325444,0.0016215304907653955,0.994405433834245,0.983947043398785,0.00014162320725816618,0.000750899525065601,2,notumor,0.994405433834245,0.03659507160057372,2,notumor,0.983947043398785,0.09045673517908283
D3B_icdc_glioma,GLIOMA01-i_FC65,1.3.6.1.4.1.14519.5.2.1.212867420508017263017494321035687962668,1.3.6.1.4.1.14519.5.2.1.211142962138955139180007466034760894778,BRAIN/T1_DORSAL+C,,HEAD,glioma,collection_level_icdc_glioma,data/processed/D3B_icdc_glioma_selected_slices/GLIOMA01-i_FC65/GLIOMA01-i_FC65__034760894778__central02_idx0008.png,data/raw/D3B_icdc_glioma/1.3.6.1.4.1.14519.5.2.1.211142962138955139180007466034760894778/1-09.dcm,2,8,19,2,notumor,0.9868929982185364,0.0110236648470163,0.0762285754438351,0.2815595865249634,0.0110236648470163,-1.4842578172683716,0.0018855642993003,4.776076793670654,0.9868929982185364,-3.7387661933898926,0.0001978430227609,0.011023665203139778,0.02533564376855626,0.0018855639242166752,0.0060561961759047775,0.9868929278615258,0.9676339365861965,0.0001978430111175372,0.0009742234693425801,2,notumor,0.9868929278615258,0.07622864405608896,2,notumor,0.9676339365861965,0.16264094154745276
D3B_icdc_glioma,GLIOMA01-i_FC65,1.3.6.1.4.1.14519.5.2.1.212867420508017263017494321035687962668,1.3.6.1.4.1.14519.5.2.1.211142962138955139180007466034760894778,BRAIN/T1_DORSAL+C,,HEAD,glioma,collection_level_icdc_glioma,data/processed/D3B_icdc_glioma_selected_slices/GLIOMA01-i_FC65/GLIOMA01-i_FC65__034760894778__central03_idx0009.png,data/raw/D3B_icdc_glioma/1.3.6.1.4.1.14519.5.2.1.211142962138955139180007466034760894778/1-10.dcm,3,9,19,2,notumor,0.9912484884262084,0.0078272400423884,0.0535526486091679,0.3504937589168548,0.0078272400423884,-1.9703606367111208,0.0007685538148507,5.191849231719971,0.9912484884262084,-3.5670387744903564,0.000155684625497,0.007827238843607219,0.019311134056787606,0.0007685538968547176,0.002943838459576685,0.9912485225989011,0.9769379493780348,0.00015568466063694961,0.0008070781056008407,2,notumor,0.9912485225989011,0.05355261090037344,2,notumor,0.9769379493780348,0.12192141205318846
D3B_icdc_glioma,GLIOMA01-i_FC65,1.3.6.1.4.1.14519.5.2.1.212867420508017263017494321035687962668,1.3.6.1.4.1.14519.5.2.1.211142962138955139180007466034760894778,BRAIN/T1_DORSAL+C,,HEAD,glioma,collection_level_icdc_glioma,data/processed/D3B_icdc_glioma_selected_slices/GLIOMA01-i_FC65/GLIOMA01-i_FC65__034760894778__central04_idx0010.png,data/raw/D3B_icdc_glioma/1.3.6.1.4.1.14519.5.2.1.211142962138955139180007466034760894778/1-11.dcm,4,10,19,2,notumor,0.9931821227073668,0.0057651433162391,0.0443576455709373,-0.0164707899093627,0.0057651433162391,-2.041266679763794,0.0007611190085299,5.132613182067871,0.9931821227073668,-3.0009758472442627,0.0002915118529926,0.005765144306128421,0.015105273664562659,0.0007611188897323155,0.002927125881196866,0.9931822250271023,0.9806228454021695,0.00029151177703701204,0.001344755052071049,2,notumor,0.9931822250271023,0.04435754678848379,2,notumor,0.9806228454021695,0.10848722627889312
D3B_icdc_glioma,GLIOMA01-i_FC65,1.3.6.1.4.1.14519.5.2.1.212867420508017263017494321035687962668,1.3.6.1.4.1.14519.5.2.1.211142962138955139180007466034760894778,BRAIN/T1_DORSAL+C,,HEAD,glioma,collection_level_icdc_glioma,data/processed/D3B_icdc_glioma_selected_slices/GLIOMA01-i_FC65/GLIOMA01-i_FC65__034760894778__central05_idx0011.png,data/raw/D3B_icdc_glioma/1.3.6.1.4.1.14519.5.2.1.211142962138955139180007466034760894778/1-12.dcm,5,11,19,2,notumor,0.999609649181366,0.0002919631078839,0.0037425695375492,-1.0388678312301636,0.0002919631078839,-2.7499217987060547,5.2750521717825904e-05,7.099624633789063,0.999609649181366,-2.89399790763855,4.567254291032441e-05,0.00029196316016438334,0.001363147396295184,5.275052173469921e-05,0.0003406327736813417,0.9996096137638487,0.997993127773308,4.567255425217431e-05,0.00030309205671575273,2,notumor,0.9996096137638487,0.00374260541661999,2,notumor,0.997993127773308,0.01617419254665673
D3B_icdc_glioma,GLIOMA01-i_D756,1.3.6.1.4.1.14519.5.2.1.80295388185447070987300949703162596698,1.3.6.1.4.1.14519.5.2.1.2137734496733834555089982541298174374,Ax 3DT1 SPGR S,CED Post/,HEAD,glioma,collection_level_icdc_glioma,data/processed/D3B_icdc_glioma_selected_slices/GLIOMA01-i_D756/GLIOMA01-i_D756__541298174374__central01_idx0043.png,data/raw/D3B_icdc_glioma/1.3.6.1.4.1.14519.5.2.1.2137734496733834555089982541298174374/1-44.dcm,1,43,90,2,notumor,0.9921573400497437,0.0066692698746919,0.0495585703269957,0.4171863198280334,0.0066692698746919,-3.499382257461548,0.0001327804930042,5.419557571411133,0.9921573400497437,-1.440532088279724,0.0010405941866338,0.006669270388308719,0.016976495700657387,0.0001327804707438713,0.0007100601307707202,0.9921573547717203,0.9785466772831165,0.0010405943692270154,0.0037667668854552776,2,notumor,0.9921573547717203,0.04955855867565886,2,notumor,0.9785466772831165,0.11658887195162358
D3B_icdc_glioma,GLIOMA01-i_D756,1.3.6.1.4.1.14519.5.2.1.80295388185447070987300949703162596698,1.3.6.1.4.1.14519.5.2.1.2137734496733834555089982541298174374,Ax 3DT1 SPGR S,CED Post/,HEAD,glioma,collection_level_icdc_glioma,data/processed/D3B_icdc_glioma_selected_slices/GLIOMA01-i_D756/GLIOMA01-i_D756__541298174374__central02_idx0044.png,data/raw/D3B_icdc_glioma/1.3.6.1.4.1.14519.5.2.1.2137734496733834555089982541298174374/1-45.dcm,2,44,90,2,notumor,0.9831373691558838,0.0150854066014289,0.0919225353818332,0.8013128042221069,0.0150854066014289,-3.3941805362701416,0.0002272360579809,4.978333950042725,0.9831373691558838,-1.4741426706314087,0.0015500270528718,0.015085404280947923,0.032553102367579405,0.00022723611042262972,0.0010860844338651508,0.9831373328450712,0.9612123444388007,0.001550026763558174,0.005148468759754951,2,notumor,0.9831373328450712,0.09192256246857043,2,notumor,0.9612123444388007,0.18405633707242966
D3B_icdc_glioma,GLIOMA01-i_D756,1.3.6.1.4.1.14519.5.2.1.80295388185447070987300949703162596698,1.3.6.1.4.1.14519.5.2.1.2137734496733834555089982541298174374,Ax 3DT1 SPGR S,CED Post/,HEAD,glioma,collection_level_icdc_glioma,data/processed/D3B_icdc_glioma_selected_slices/GLIOMA01-i_D756/GLIOMA01-i_D756__541298174374__central03_idx0045.png,data/raw/D3B_icdc_glioma/1.3.6.1.4.1.14519.5.2.1.2137734496733834555089982541298174374/1-46.dcm,3,45,90,2,notumor,0.9891546368598938,0.0100158927962183,0.0631305093703411,0.8052617311477661,0.0100158927962183,-3.5834224224090576,0.0001243679580511,5.397939205169678,0.9891546368598938,-1.8483716249465945,0.0007050687563605,0.010015894038228057,0.02352936662412871,0.00012436793134749471,0.0006712467308356255,0.9891546693917188,0.9730604311858627,0.0007050686387055727,0.0027389554591729275,2,notumor,0.9891546693917188,0.06313048071933068,2,notumor,0.9730604311858627,0.1358616027365398
D3B_icdc_glioma,GLIOMA01-i_D756,1.3.6.1.4.1.14519.5.2.1.80295388185447070987300949703162596698,1.3.6.1.4.1.14519.5.2.1.2137734496733834555089982541298174374,Ax 3DT1 SPGR S,CED Post/,HEAD,glioma,collection_level_icdc_glioma,data/processed/D3B_icdc_glioma_selected_slices/GLIOMA01-i_D756/GLIOMA01-i_D756__541298174374__central04_idx0046.png,data/raw/D3B_icdc_glioma/1.3.6.1.4.1.14519.5.2.1.2137734496733834555089982541298174374/1-47.dcm,4,46,90,2,notumor,0.9976785778999328,0.0018274680478498,0.0178085727862483,-0.2689558565616607,0.0018274680478498,-3.4841697216033936,7.336690032389015e-05,6.033544063568115,0.9976785778999328,-1.7380108833312988,0.000420578639023,0.0018274677162261979,0.005998505459313116,7.336688390731387e-05,0.0004429480675314804,0.9976785867507092,0.9917347960601726,0.0004205786491572494,0.0018237504129829886,2,notumor,0.9976785867507092,0.01780856212561554,2,notumor,0.9917347960601726,0.05384338542695341
D3B_icdc_glioma,GLIOMA01-i_D756,1.3.6.1.4.1.14519.5.2.1.80295388185447070987300949703162596698,1.3.6.1.4.1.14519.5.2.1.2137734496733834555089982541298174374,Ax 3DT1 SPGR S,CED Post/,HEAD,glioma,collection_level_icdc_glioma,data/processed/D3B_icdc_glioma_selected_slices/GLIOMA01-i_D756/GLIOMA01-i_D756__541298174374__central05_idx0047.png,data/raw/D3B_icdc_glioma/1.3.6.1.4.1.14519.5.2.1.2137734496733834555089982541298174374/1-48.dcm,5,47,90,2,notumor,0.997003972530365,0.0022025215439498,0.0223834448887772,-0.2608789503574371,0.0022025215439498,-3.618399620056152,7.669507613172755e-05,5.854272842407227,0.997003972530365,-1.3835148811340332,0.000716746551916,0.0022025219081635364,0.006968248754873802,7.669508573085968e-05,0.0004585052173570739,0.9970040363969174,0.9897679512353427,0.0007167466091881885,0.0028052947924264112,2,notumor,0.9970040363969174,0.022383383516739817,2,notumor,0.9897679512353427,0.06479595298377555
D3B_icdc_glioma,GLIOMA01-i_2EC9,1.3.6.1.4.1.14519.5.2.1.51358827044288932449059921854176618970,1.3.6.1.4.1.14519.5.2.1.214049945825638329059258097737917749583,AX FSE T1,BRAIN CARDIAC COIL/4,HEAD,glioma,collection_level_icdc_glioma,data/processed/D3B_icdc_glioma_selected_slices/GLIOMA01-i_2EC9/GLIOMA01-i_2EC9__737917749583__central01_idx0012.png,data/raw/D3B_icdc_glioma/1.3.6.1.4.1.14519.5.2.1.214049945825638329059258097737917749583/1-13.dcm,1,12,29,1,meningioma,0.5512404441833496,0.294076144695282,0.99898320626584,1.220337986946106,0.294076144695282,1.848670244216919,0.5512404441833496,0.5450742244720459,0.1496912837028503,-2.8556389808654785,0.0049921246245503,0.29407616662264613,0.3049425101323121,0.5512404273185088,0.5074324262324732,0.14969128023363898,0.17641633068884202,0.004992125825206044,0.01120873294637276,1,meningioma,0.5512404273185088,0.9989832200393927,1,meningioma,0.5074324262324732,1.0628027648525988
D3B_icdc_glioma,GLIOMA01-i_2EC9,1.3.6.1.4.1.14519.5.2.1.51358827044288932449059921854176618970,1.3.6.1.4.1.14519.5.2.1.214049945825638329059258097737917749583,AX FSE T1,BRAIN CARDIAC COIL/4,HEAD,glioma,collection_level_icdc_glioma,data/processed/D3B_icdc_glioma_selected_slices/GLIOMA01-i_2EC9/GLIOMA01-i_2EC9__737917749583__central02_idx0013.png,data/raw/D3B_icdc_glioma/1.3.6.1.4.1.14519.5.2.1.214049945825638329059258097737917749583/1-14.dcm,2,13,29,1,meningioma,0.6480582356452942,0.1837227642536163,0.9040339225268248,0.9381115436553956,0.1837227642536163,2.1986641883850098,0.6480582356452942,0.8367003202438354,0.1660048067569732,-3.480442762374878,0.0022141616791486,0.18372277351270366,0.21156560624938567,0.6480582604966788,0.5876707847056374,0.16600480477136742,0.19487241505016825,0.0022141612192500197,0.005891193994808767,1,meningioma,0.6480582604966788,0.9040339109527492,1,meningioma,0.5876707847056374,0.989950394014047
D3B_icdc_glioma,GLIOMA01-i_2EC9,1.3.6.1.4.1.14519.5.2.1.51358827044288932449059921854176618970,1.3.6.1.4.1.14519.5.2.1.214049945825638329059258097737917749583,AX FSE T1,BRAIN CARDIAC COIL/4,HEAD,glioma,collection_level_icdc_glioma,data/processed/D3B_icdc_glioma_selected_slices/GLIOMA01-i_2EC9/GLIOMA01-i_2EC9__737917749583__central03_idx0014.png,data/raw/D3B_icdc_glioma/1.3.6.1.4.1.14519.5.2.1.214049945825638329059258097737917749583/1-15.dcm,3,14,29,1,meningioma,0.9237889647483826,0.0291676204651594,0.3243227071338441,-0.0179455205798149,0.0291676204651594,3.437479019165039,0.9237889647483826,0.4421396255493164,0.0462075993418693,-3.57037615776062,0.000835795130115,0.029167618432992645,0.052740147641514634,0.9237889864294098,0.8677225566354237,0.0462075997947135,0.07657411860669575,0.0008357953428842936,0.0029631771163659013,1,meningioma,0.9237889864294098,0.3243226842552109,1,meningioma,0.8677225566354237,0.49230378032488775
D3B_icdc_glioma,GLIOMA01-i_2EC9,1.3.6.1.4.1.14519.5.2.1.51358827044288932449059921854176618970,1.3.6.1.4.1.14519.5.2.1.214049945825638329059258097737917749583,AX FSE T1,BRAIN CARDIAC COIL/4,HEAD,glioma,collection_level_icdc_glioma,data/processed/D3B_icdc_glioma_selected_slices/GLIOMA01-i_2EC9/GLIOMA01-i_2EC9__737917749583__central04_idx0015.png,data/raw/D3B_icdc_glioma/1.3.6.1.4.1.14519.5.2.1.214049945825638329059258097737917749583/1-16.dcm,4,15,29,1,meningioma,0.8544512987136841,0.0822775140404701,0.5196838094503972,0.7194973230361938,0.0822775140404701,3.059858798980713,0.8544512987136841,0.4409276843070984,0.0622730329632759,-3.692401170730591,0.0009982009651139,0.08227752420825121,0.11778174824545838,0.8544512503578703,0.784942597070346,0.062273024333187314,0.09397819902045007,0.0009982011006911637,0.0032974556637456608,1,meningioma,0.8544512503578703,0.5196838509001026,1,meningioma,0.784942597070346,0.6830688396656686
D3B_icdc_glioma,GLIOMA01-i_2EC9,1.3.6.1.4.1.14519.5.2.1.51358827044288932449059921854176618970,1.3.6.1.4.1.14519.5.2.1.214049945825638329059258097737917749583,AX FSE T1,BRAIN CARDIAC COIL/4,HEAD,glioma,collection_level_icdc_glioma,data/processed/D3B_icdc_glioma_selected_slices/GLIOMA01-i_2EC9/GLIOMA01-i_2EC9__737917749583__central05_idx0016.png,data/raw/D3B_icdc_glioma/1.3.6.1.4.1.14519.5.2.1.214049945825638329059258097737917749583/1-17.dcm,5,16,29,1,meningioma,0.562548816204071,0.3802706003189087,0.8600787157254441,2.096017837524414,0.3802706003189087,2.487612724304199,0.562548816204071,0.1831653863191604,0.0561502166092395,-3.8149197101593018,0.0010303986491635,0.3802705692735602,0.38550386875590925,0.5625488138747735,0.5294954350380267,0.05615021850061021,0.08179812877193197,0.0010303983510560697,0.003202567434132028,1,meningioma,0.5625488138747735,0.8600787195462501,1,meningioma,0.5294954350380267,0.9273099255452123
D3B_icdc_glioma,GLIOMA01-i_B70F,1.3.6.1.4.1.14519.5.2.1.135473408767376676403387371231283047350,1.3.6.1.4.1.14519.5.2.1.223936393249969570249961621891124711799,BRAIN/T1_TRANS,,HEAD,glioma,collection_level_icdc_glioma,data/processed/D3B_icdc_glioma_selected_slices/GLIOMA01-i_B70F/GLIOMA01-i_B70F__891124711799__central01_idx0009.png,data/raw/D3B_icdc_glioma/1.3.6.1.4.1.14519.5.2.1.223936393249969570249961621891124711799/1-10.dcm,1,9,23,2,notumor,0.7285510897636414,0.2597278654575348,0.6386951510571868,1.9107606410980225,0.2597278654575348,-1.3985915184020996,0.0094904145225882,2.9421839714050293,0.7285510897636414,-2.846601247787476,0.0022306048776954,0.25972787445999174,0.29441737676995905,0.00949041447620832,0.020143661563739503,0.7285511067146772,0.6792092452148158,0.002230604349122677,0.006229716451485655,2,notumor,0.7285511067146772,0.6386951397401923,2,notumor,0.6792092452148158,0.733032122844488
D3B_icdc_glioma,GLIOMA01-i_B70F,1.3.6.1.4.1.14519.5.2.1.135473408767376676403387371231283047350,1.3.6.1.4.1.14519.5.2.1.223936393249969570249961621891124711799,BRAIN/T1_TRANS,,HEAD,glioma,collection_level_icdc_glioma,data/processed/D3B_icdc_glioma_selected_slices/GLIOMA01-i_B70F/GLIOMA01-i_B70F__891124711799__central02_idx0010.png,data/raw/D3B_icdc_glioma/1.3.6.1.4.1.14519.5.2.1.223936393249969570249961621891124711799/1-11.dcm,2,10,23,0,glioma,0.6978555917739868,0.6978555917739868,0.6892654089831121,2.78692364692688,0.6978555917739868,-0.9582704901695251,0.0164910536259412,1.8861703872680664,0.2835132777690887,-3.000279903411865,0.0021400055848062,0.6978556456571433,0.6497144504105355,0.01649105533319378,0.031224100992479013,0.28351329282372273,0.31309461491294993,0.002140006185940008,0.005966833684035393,0,glioma,0.6978556456571433,0.6892653868006382,0,glioma,0.6497144504105355,0.7825521937731065
D3B_icdc_glioma,GLIOMA01-i_B70F,1.3.6.1.4.1.14519.5.2.1.135473408767376676403387371231283047350,1.3.6.1.4.1.14519.5.2.1.223936393249969570249961621891124711799,BRAIN/T1_TRANS,,HEAD,glioma,collection_level_icdc_glioma,data/processed/D3B_icdc_glioma_selected_slices/GLIOMA01-i_B70F/GLIOMA01-i_B70F__891124711799__central03_idx0011.png,data/raw/D3B_icdc_glioma/1.3.6.1.4.1.14519.5.2.1.223936393249969570249961621891124711799/1-12.dcm,3,11,23,2,notumor,0.7927631139755249,0.2039162516593933,0.5292910626489832,2.2656259536743164,0.2039162516593933,-3.0916194915771484,0.0009612356661818,3.623440980911255,0.7927631139755249,-2.1936745643615723,0.0023594032973051,0.2039162588209004,0.24718823972397025,0.0009612353184626659,0.003216516383296899,0.7927631022126945,0.7429357040788616,0.00235940364794243,0.0066595398138712125,2,notumor,0.7927631022126945,0.5292910756082413,2,notumor,0.7429357040788616,0.6180684597670619
D3B_icdc_glioma,GLIOMA01-i_B70F,1.3.6.1.4.1.14519.5.2.1.135473408767376676403387371231283047350,1.3.6.1.4.1.14519.5.2.1.223936393249969570249961621891124711799,BRAIN/T1_TRANS,,HEAD,glioma,collection_level_icdc_glioma,data/processed/D3B_icdc_glioma_selected_slices/GLIOMA01-i_B70F/GLIOMA01-i_B70F__891124711799__central04_idx0012.png,data/raw/D3B_icdc_glioma/1.3.6.1.4.1.14519.5.2.1.223936393249969570249961621891124711799/1-13.dcm,4,12,23,2,notumor,0.9464986324310304,0.0491733402013778,0.2264618490799152,0.9093151688575744,0.0491733402013778,-2.642220973968506,0.0014103184221312,3.866733074188232,0.9464986324310304,-1.915225386619568,0.0029177446849644,0.04917333888028969,0.0823289222549287,0.0014103183247141519,0.004628961237053216,0.9464985978801723,0.9046981743271706,0.002917744914823844,0.008343942180847292,2,notumor,0.9464985978801723,0.22646187964219933,2,notumor,0.9046981743271706,0.3610056327976373
D3B_icdc_glioma,GLIOMA01-i_B70F,1.3.6.1.4.1.14519.5.2.1.135473408767376676403387371231283047350,1.3.6.1.4.1.14519.5.2.1.223936393249969570249961621891124711799,BRAIN/T1_TRANS,,HEAD,glioma,collection_level_icdc_glioma,data/processed/D3B_icdc_glioma_selected_slices/GLIOMA01-i_B70F/GLIOMA01-i_B70F__891124711799__central05_idx0013.png,data/raw/D3B_icdc_glioma/1.3.6.1.4.1.14519.5.2.1.223936393249969570249961621891124711799/1-14.dcm,5,13,23,2,notumor,0.9886003136634828,0.0111088063567876,0.0638755242116284,1.20426344871521,0.0111088063567876,-3.574807643890381,9.335621871287005e-05,5.69281530380249,0.9886003136634828,-2.82525372505188,0.0001975469203898,0.011108807239521182,0.025596823927156707,9.335621312514728e-05,0.0005321691828788183,0.9886002895842534,0.972894045186244,0.0001975469631003826,0.0009769617037203543,2,notumor,0.9886002895842534,0.06387555137969655,2,notumor,0.972894045186244,0.13133809614958714
D3B_icdc_glioma,GLIOMA01-i_6638,1.3.6.1.4.1.14519.5.2.1.146926127960808346044494435717632958434,1.3.6.1.4.1.14519.5.2.1.230636614906262606293287971990035735457,MP RAGE TRANS + C,MP RAGE FS +C,HEAD,glioma,collection_level_icdc_glioma,data/processed/D3B_icdc_glioma_selected_slices/GLIOMA01-i_6638/GLIOMA01-i_6638__990035735457__central01_idx0019.png,data/raw/D3B_icdc_glioma/1.3.6.1.4.1.14519.5.2.1.230636614906262606293287971990035735457/1-20.dcm,1,19,42,0,glioma,0.6371728181838989,0.6371728181838989,0.7024244054556676,2.691713571548462,0.6371728181838989,-2.250581741333008,0.004548265133053,2.1041221618652344,0.3540540635585785,-2.32434344291687,0.004224850796163,0.6371728463005392,0.6036833384831043,0.0045482641294315625,0.010995657560484215,0.3540540387616033,0.37496341721446963,0.004224850808425896,0.010357586741941883,0,glioma,0.6371728463005392,0.7024243847075915,0,glioma,0.6036833384831043,0.76942172835024
D3B_icdc_glioma,GLIOMA01-i_6638,1.3.6.1.4.1.14519.5.2.1.146926127960808346044494435717632958434,1.3.6.1.4.1.14519.5.2.1.230636614906262606293287971990035735457,MP RAGE TRANS + C,MP RAGE FS +C,HEAD,glioma,collection_level_icdc_glioma,data/processed/D3B_icdc_glioma_selected_slices/GLIOMA01-i_6638/GLIOMA01-i_6638__990035735457__central02_idx0020.png,data/raw/D3B_icdc_glioma/1.3.6.1.4.1.14519.5.2.1.230636614906262606293287971990035735457/1-21.dcm,2,20,42,2,notumor,0.7230234146118164,0.2723824381828308,0.6163630952221869,2.3147177696228027,0.2723824381828308,-2.88900089263916,0.0014970381744205,3.290952205657959,0.7230234146118164,-2.16200590133667,0.0030971535015851,0.2723824398439975,0.30794367983396886,0.0014970379343135893,0.004538032276002934,0.723023368805979,0.6793382538186546,0.0030971534157099487,0.008180034071373713,2,notumor,0.723023368805979,0.6163631249399623,2,notumor,0.6793382538186546,0.689162180561952
D3B_icdc_glioma,GLIOMA01-i_6638,1.3.6.1.4.1.14519.5.2.1.146926127960808346044494435717632958434,1.3.6.1.4.1.14519.5.2.1.230636614906262606293287971990035735457,MP RAGE TRANS + C,MP RAGE FS +C,HEAD,glioma,collection_level_icdc_glioma,data/processed/D3B_icdc_glioma_selected_slices/GLIOMA01-i_6638/GLIOMA01-i_6638__990035735457__central03_idx0021.png,data/raw/D3B_icdc_glioma/1.3.6.1.4.1.14519.5.2.1.230636614906262606293287971990035735457/1-22.dcm,3,21,42,2,notumor,0.8187819719314575,0.1702821254730224,0.5192133404922421,1.6322784423828125,0.1702821254730224,-2.992107391357422,0.0016704129520803,3.202639579772949,0.8187819719314575,-1.2788764238357544,0.0092655383050441,0.17028212803890527,0.21328339130602278,0.0016704128382886891,0.005026512425621364,0.8187819225505685,0.7615394301132307,0.009265536572237675,0.020150666155125257,2,notumor,0.8187819225505685,0.5192133749834205,2,notumor,0.7615394301132307,0.6422889213071318
D3B_icdc_glioma,GLIOMA01-i_6638,1.3.6.1.4.1.14519.5.2.1.146926127960808346044494435717632958434,1.3.6.1.4.1.14519.5.2.1.230636614906262606293287971990035735457,MP RAGE TRANS + C,MP RAGE FS +C,HEAD,glioma,collection_level_icdc_glioma,data/processed/D3B_icdc_glioma_selected_slices/GLIOMA01-i_6638/GLIOMA01-i_6638__990035735457__central04_idx0022.png,data/raw/D3B_icdc_glioma/1.3.6.1.4.1.14519.5.2.1.230636614906262606293287971990035735457/1-23.dcm,4,22,42,2,notumor,0.631992518901825,0.3616648316383362,0.6942979086800787,2.3864011764526367,0.3616648316383362,-2.450385093688965,0.0028689079917967,2.9445607662200928,0.631992518901825,-2.259100437164306,0.0034736872185021,0.36166486605895487,0.3824036287343219,0.0028689087429061757,0.007587017227331928,0.6319925388263611,0.6011500542037832,0.0034736863717779033,0.008859299834562975,2,notumor,0.6319925388263611,0.6942978981827714,2,notumor,0.6011500542037832,0.7524343565729089
D3B_icdc_glioma,GLIOMA01-i_6638,1.3.6.1.4.1.14519.5.2.1.146926127960808346044494435717632958434,1.3.6.1.4.1.14519.5.2.1.230636614906262606293287971990035735457,MP RAGE TRANS + C,MP RAGE FS +C,HEAD,glioma,collection_level_icdc_glioma,data/processed/D3B_icdc_glioma_selected_slices/GLIOMA01-i_6638/GLIOMA01-i_6638__990035735457__central05_idx0023.png,data/raw/D3B_icdc_glioma/1.3.6.1.4.1.14519.5.2.1.230636614906262606293287971990035735457/1-24.dcm,5,23,42,0,glioma,0.7844900488853455,0.7844900488853455,0.6809980152495191,2.444404125213623,0.7844900488853455,0.5688499212265015,0.1202387958765029,0.3085057437419891,0.0926784127950668,-3.2679126262664795,0.0025927457027137,0.7844900563497051,0.7114648973169335,0.12023879129553579,0.15559524974930833,0.09267840739251622,0.12599707103334998,0.002592744962242819,0.0069427819004080306,0,glioma,0.7844900563497051,0.6809979933570111,0,glioma,0.7114648973169335,0.8271964496130756
D3B_icdc_glioma,GLIOMA01-i_5E9A,1.3.6.1.4.1.14519.5.2.1.79654016710037857091733224322009905579,1.3.6.1.4.1.14519.5.2.1.235513932315351294077537876410998274168,BRAIN/T1_TRANS,,HEAD,glioma,collection_level_icdc_glioma,data/processed/D3B_icdc_glioma_selected_slices/GLIOMA01-i_5E9A/GLIOMA01-i_5E9A__410998274168__central01_idx0010.png,data/raw/D3B_icdc_glioma/1.3.6.1.4.1.14519.5.2.1.235513932315351294077537876410998274168/1-11.dcm,1,10,25,1,meningioma,0.914560317993164,0.068917341530323,0.336085602506848,0.933484673500061,0.068917341530323,3.5190200805664062,0.914560317993164,-0.525945782661438,0.0160142295062541,-3.9764926433563232,0.0005081037525087,0.06891735358005294,0.10577008507692431,0.9145603148420807,0.859842722724576,0.016014227667505456,0.032409538931359866,0.0005081039103609592,0.0019776532671399167,1,meningioma,0.9145603148420807,0.33608562083424054,1,meningioma,0.859842722724576,0.4909070801886792
D3B_icdc_glioma,GLIOMA01-i_5E9A,1.3.6.1.4.1.14519.5.2.1.79654016710037857091733224322009905579,1.3.6.1.4.1.14519.5.2.1.235513932315351294077537876410998274168,BRAIN/T1_TRANS,,HEAD,glioma,collection_level_icdc_glioma,data/processed/D3B_icdc_glioma_selected_slices/GLIOMA01-i_5E9A/GLIOMA01-i_5E9A__410998274168__central02_idx0011.png,data/raw/D3B_icdc_glioma/1.3.6.1.4.1.14519.5.2.1.235513932315351294077537876410998274168/1-12.dcm,2,11,25,0,glioma,0.5848314166069031,0.5848314166069031,0.7250494994213839,2.596752166748047,0.5848314166069031,-2.0070176124572754,0.0058565097860991,2.233607292175293,0.4067418575286865,-2.8305678367614746,0.0025702512357383,0.5848313896161357,0.5613878518261113,0.005856509651965895,0.013453310555258089,0.4067418496810282,0.41825713652714674,0.00257025105087018,0.006901701091483815,0,glioma,0.5848313896161357,0.7250495112485587,0,glioma,0.5613878518261113,0.7809978054342432
D3B_icdc_glioma,GLIOMA01-i_5E9A,1.3.6.1.4.1.14519.5.2.1.79654016710037857091733224322009905579,1.3.6.1.4.1.14519.5.2.1.235513932315351294077537876410998274168,BRAIN/T1_TRANS,,HEAD,glioma,collection_level_icdc_glioma,data/processed/D3B_icdc_glioma_selected_slices/GLIOMA01-i_5E9A/GLIOMA01-i_5E9A__410998274168__central03_idx0012.png,data/raw/D3B_icdc_glioma/1.3.6.1.4.1.14519.5.2.1.235513932315351294077537876410998274168/1-13.dcm,3,12,25,0,glioma,0.6856146454811096,0.6856146454811096,0.6668786165011779,3.0397047996521,0.6856146454811096,-1.475751519203186,0.0074996734037995,2.231325626373291,0.305495947599411,-3.161495447158813,0.0013897378230467,0.6856146337863469,0.6444683423061074,0.007499672798293112,0.016590225820457584,0.30549595510326205,0.3347098326181429,0.0013897383120977521,0.004231599255292073,0,glioma,0.6856146337863469,0.6668786255472969,0,glioma,0.6444683423061074,0.7405998001493781
D3B_icdc_glioma,GLIOMA01-i_5E9A,1.3.6.1.4.1.14519.5.2.1.79654016710037857091733224322009905579,1.3.6.1.4.1.14519.5.2.1.235513932315351294077537876410998274168,BRAIN/T1_TRANS,,HEAD,glioma,collection_level_icdc_glioma,data/processed/D3B_icdc_glioma_selected_slices/GLIOMA01-i_5E9A/GLIOMA01-i_5E9A__410998274168__central04_idx0013.png,data/raw/D3B_icdc_glioma/1.3.6.1.4.1.14519.5.2.1.235513932315351294077537876410998274168/1-14.dcm,4,13,25,0,glioma,0.8521683216094971,0.8521683216094971,0.4403331973573548,3.802902221679688,0.8521683216094971,-1.5692747831344604,0.0039574783295392,2.020769596099853,0.143401950597763,-3.695292711257935,0.0004721726290881,0.8521683978805192,0.7993288715175514,0.003957478787090828,0.010276088973820886,0.14340195077642937,0.1885605613405499,0.0004721725559606359,0.0018344781680779282,0,glioma,0.8521683978805192,0.44033313504261545,0,glioma,0.7993288715175514,0.5522206218951701
D3B_icdc_glioma,GLIOMA01-i_5E9A,1.3.6.1.4.1.14519.5.2.1.79654016710037857091733224322009905579,1.3.6.1.4.1.14519.5.2.1.235513932315351294077537876410998274168,BRAIN/T1_TRANS,,HEAD,glioma,collection_level_icdc_glioma,data/processed/D3B_icdc_glioma_selected_slices/GLIOMA01-i_5E9A/GLIOMA01-i_5E9A__410998274168__central05_idx0014.png,data/raw/D3B_icdc_glioma/1.3.6.1.4.1.14519.5.2.1.235513932315351294077537876410998274168/1-15.dcm,5,14,25,2,notumor,0.8947102427482605,0.1044349074363708,0.342099903167481,2.5526556968688965,0.1044349074363708,-2.7956995964050293,0.0004966889973729,4.700591564178467,0.8947102427482605,-3.122789144515991,0.0003581223718356,0.1044349175845358,0.1486945227121401,0.0004966889946140042,0.0019488664887986119,0.8947102711321042,0.8478615695236946,0.00035812228874602795,0.0014950412753666589,2,notumor,0.8947102711321042,0.3420998901255459,2,notumor,0.8478615695236946,0.4452084818213198
D3B_icdc_glioma,GLIOMA01-i_BD58,1.3.6.1.4.1.14519.5.2.1.286629041372342735261556993637546599739,1.3.6.1.4.1.14519.5.2.1.23630376391353921122928249927997167196,T1+C Axial,LG. CANINE BRAIN/,HEAD,glioma,collection_level_icdc_glioma,data/processed/D3B_icdc_glioma_selected_slices/GLIOMA01-i_BD58/GLIOMA01-i_BD58__927997167196__central01_idx0005.png,data/raw/D3B_icdc_glioma/1.3.6.1.4.1.14519.5.2.1.23630376391353921122928249927997167196/1-06.dcm,1,5,15,2,notumor,0.6253207921981812,0.3138675689697265,0.8347558084301092,1.6740200519561768,0.3138675689697265,0.0071023143827915,0.0592670403420925,2.363313674926758,0.6253207921981812,-3.640220880508423,0.0015445469180122,0.31386758816977595,0.33104172745783866,0.05926704782714859,0.0857356435883576,0.6253208176096106,0.5787621918353424,0.0015445463934649624,0.004460437118461397,2,notumor,0.6253208176096106,0.8347558087923873,2,notumor,0.5787621918353424,0.9172248167548945
D3B_icdc_glioma,GLIOMA01-i_BD58,1.3.6.1.4.1.14519.5.2.1.286629041372342735261556993637546599739,1.3.6.1.4.1.14519.5.2.1.23630376391353921122928249927997167196,T1+C Axial,LG. CANINE BRAIN/,HEAD,glioma,collection_level_icdc_glioma,data/processed/D3B_icdc_glioma_selected_slices/GLIOMA01-i_BD58/GLIOMA01-i_BD58__927997167196__central02_idx0006.png,data/raw/D3B_icdc_glioma/1.3.6.1.4.1.14519.5.2.1.23630376391353921122928249927997167196/1-07.dcm,2,6,15,2,notumor,0.9337048530578612,0.0641092658042907,0.2547169239390477,1.6077215671539309,0.0641092658042907,-3.269583940505981,0.0004883531946688,4.286293029785156,0.9337048530578612,-2.023752927780152,0.0016974280588328,0.06410927319141999,0.101647421257167,0.0004883531403276179,0.0019515670578407456,0.9337049450540081,0.891044392208846,0.0016974286142441986,0.005356619476146119,2,notumor,0.9337049450540081,0.2547168537872814,2,notumor,0.891044392208846,0.37537080926958705
D3B_icdc_glioma,GLIOMA01-i_BD58,1.3.6.1.4.1.14519.5.2.1.286629041372342735261556993637546599739,1.3.6.1.4.1.14519.5.2.1.23630376391353921122928249927997167196,T1+C Axial,LG. CANINE BRAIN/,HEAD,glioma,collection_level_icdc_glioma,data/processed/D3B_icdc_glioma_selected_slices/GLIOMA01-i_BD58/GLIOMA01-i_BD58__927997167196__central03_idx0007.png,data/raw/D3B_icdc_glioma/1.3.6.1.4.1.14519.5.2.1.23630376391353921122928249927997167196/1-08.dcm,3,7,15,0,glioma,0.8485909104347229,0.8485909104347229,0.4350783596923123,4.088730812072754,0.8485909104347229,-2.577133655548096,0.0010808121878653,2.354452610015869,0.1497996896505355,-3.29243803024292,0.0005285638617351,0.8485909281505232,0.7985584935190627,0.0010808121775012342,0.0035979677764098627,0.14979969578636654,0.19582849440696404,0.0005285638856090343,0.002015044297563355,0,glioma,0.8485909281505232,0.43507835049367266,0,glioma,0.7985584935190627,0.5316896484111355
D3B_icdc_glioma,GLIOMA01-i_BD58,1.3.6.1.4.1.14519.5.2.1.286629041372342735261556993637546599739,1.3.6.1.4.1.14519.5.2.1.23630376391353921122928249927997167196,T1+C Axial,LG. CANINE BRAIN/,HEAD,glioma,collection_level_icdc_glioma,data/processed/D3B_icdc_glioma_selected_slices/GLIOMA01-i_BD58/GLIOMA01-i_BD58__927997167196__central04_idx0008.png,data/raw/D3B_icdc_glioma/1.3.6.1.4.1.14519.5.2.1.23630376391353921122928249927997167196/1-09.dcm,4,8,15,2,notumor,0.881598949432373,0.1174422428011894,0.3699185483067866,2.3322856426239014,0.1174422428011894,-2.901120185852051,0.0006265922565944,4.348076343536377,0.881598949432373,-3.535559892654419,0.0003322394913993,0.11744222792551912,0.16270986808783336,0.000626592234863627,0.00234078160666078,0.8815989402782326,0.8335495987716469,0.00033223956138469086,0.0013997515338589374,2,notumor,0.8815989402782326,0.36991853967420496,2,notumor,0.8335495987716469,0.47058132661076996
D3B_icdc_glioma,GLIOMA01-i_BD58,1.3.6.1.4.1.14519.5.2.1.286629041372342735261556993637546599739,1.3.6.1.4.1.14519.5.2.1.23630376391353921122928249927997167196,T1+C Axial,LG. CANINE BRAIN/,HEAD,glioma,collection_level_icdc_glioma,data/processed/D3B_icdc_glioma_selected_slices/GLIOMA01-i_BD58/GLIOMA01-i_BD58__927997167196__central05_idx0009.png,data/raw/D3B_icdc_glioma/1.3.6.1.4.1.14519.5.2.1.23630376391353921122928249927997167196/1-10.dcm,5,9,15,2,notumor,0.6977823376655579,0.3008042871952057,0.6225484649066149,2.9369325637817383,0.3008042871952057,-2.7380707263946533,0.0010319562861695,3.778379917144776,0.6977823376655579,-3.733535528182984,0.0003813613438978,0.30080430843938644,0.33419090600403467,0.0010319566135748252,0.0033613075926052635,0.6977823736918424,0.6609476706171974,0.0003813612551963315,0.0015001157861627144,2,notumor,0.6977823736918424,0.6225484474350689,2,notumor,0.6609476706171974,0.6688713237251425
D3B_icdc_glioma,GLIOMA01-i_E271,1.3.6.1.4.1.14519.5.2.1.61836843430643358219125670239042490797,1.3.6.1.4.1.14519.5.2.1.238285012137156161013026717114199153605,AX FSE T1,BRAIN CARDIAC COIL/4,HEAD,glioma,collection_level_icdc_glioma,data/processed/D3B_icdc_glioma_selected_slices/GLIOMA01-i_E271/GLIOMA01-i_E271__114199153605__central01_idx0010.png,data/raw/D3B_icdc_glioma/1.3.6.1.4.1.14519.5.2.1.238285012137156161013026717114199153605/1-11.dcm,1,10,25,1,meningioma,0.97844398021698,0.0112545313313603,0.1200764450001568,0.0306562259793281,0.0112545313313603,4.495849132537842,0.97844398021698,-0.0809128805994987,0.0100663816556334,-3.837651252746582,0.0002351488947169,0.011254528559611017,0.025475994474102495,0.9784439394347735,0.9501424740993538,0.010066383233530181,0.023273466631632746,0.0002351487720853548,0.0011080647949108602,1,meningioma,0.9784439394347735,0.12007648000475493,1,meningioma,0.9501424740993538,0.23714987034571264
D3B_icdc_glioma,GLIOMA01-i_E271,1.3.6.1.4.1.14519.5.2.1.61836843430643358219125670239042490797,1.3.6.1.4.1.14519.5.2.1.238285012137156161013026717114199153605,AX FSE T1,BRAIN CARDIAC COIL/4,HEAD,glioma,collection_level_icdc_glioma,data/processed/D3B_icdc_glioma_selected_slices/GLIOMA01-i_E271/GLIOMA01-i_E271__114199153605__central02_idx0011.png,data/raw/D3B_icdc_glioma/1.3.6.1.4.1.14519.5.2.1.238285012137156161013026717114199153605/1-12.dcm,2,11,25,1,meningioma,0.99292653799057,0.003338461741805,0.047820691145009,-0.6434239149093628,0.003338461741805,5.051722526550293,0.99292653799057,-0.5940834879875183,0.0035073151811957,-3.3291175365448,0.0002275958977406,0.0033384623589215257,0.009688651810143164,0.9929266267823688,0.9791285216470605,0.003507314890721975,0.010083938325803633,0.00022759596798773723,0.0010988882169928494,1,meningioma,0.9929266267823688,0.04782060505277067,1,meningioma,0.9791285216470605,0.11941766774169428
D3B_icdc_glioma,GLIOMA01-i_E271,1.3.6.1.4.1.14519.5.2.1.61836843430643358219125670239042490797,1.3.6.1.4.1.14519.5.2.1.238285012137156161013026717114199153605,AX FSE T1,BRAIN CARDIAC COIL/4,HEAD,glioma,collection_level_icdc_glioma,data/processed/D3B_icdc_glioma_selected_slices/GLIOMA01-i_E271/GLIOMA01-i_E271__114199153605__central03_idx0012.png,data/raw/D3B_icdc_glioma/1.3.6.1.4.1.14519.5.2.1.238285012137156161013026717114199153605/1-13.dcm,3,12,25,1,meningioma,0.9964398741722108,0.0017572725191712,0.0266525327970256,-0.9207864999771118,0.0017572725191712,5.419639587402344,0.9964398741722108,-0.993246853351593,0.0016344431787729,-3.265927791595459,0.0001684057642705,0.001757272195467428,0.005794295155551736,0.9964398785017816,0.987875808619978,0.0016344434754466258,0.005463815617893326,0.00016840582730434382,0.0008660806065768822,1,meningioma,0.9964398785017816,0.026652528844619605,1,meningioma,0.987875808619978,0.07646765452251869
D3B_icdc_glioma,GLIOMA01-i_E271,1.3.6.1.4.1.14519.5.2.1.61836843430643358219125670239042490797,1.3.6.1.4.1.14519.5.2.1.238285012137156161013026717114199153605,AX FSE T1,BRAIN CARDIAC COIL/4,HEAD,glioma,collection_level_icdc_glioma,data/processed/D3B_icdc_glioma_selected_slices/GLIOMA01-i_E271/GLIOMA01-i_E271__114199153605__central04_idx0013.png,data/raw/D3B_icdc_glioma/1.3.6.1.4.1.14519.5.2.1.238285012137156161013026717114199153605/1-14.dcm,4,13,25,1,meningioma,0.9831897020339966,0.0153781399130821,0.0909244128768381,0.7868831157684326,0.0153781399130821,4.944737911224365,0.9831897020339966,-1.7865240573883057,0.0011729710968211,-3.296481132507324,0.0002591323282103,0.015378144900446797,0.03307626787152683,0.9831897515211816,0.9616062746605876,0.001172971374830614,0.0041089345842348825,0.00025913220354107985,0.00120852288365055,1,meningioma,0.9831897515211816,0.09092438075573055,1,meningioma,0.9616062746605876,0.18109826025124945
D3B_icdc_glioma,GLIOMA01-i_E271,1.3.6.1.4.1.14519.5.2.1.61836843430643358219125670239042490797,1.3.6.1.4.1.14519.5.2.1.238285012137156161013026717114199153605,AX FSE T1,BRAIN CARDIAC COIL/4,HEAD,glioma,collection_level_icdc_glioma,data/processed/D3B_icdc_glioma_selected_slices/GLIOMA01-i_E271/GLIOMA01-i_E271__114199153605__central05_idx0014.png,data/raw/D3B_icdc_glioma/1.3.6.1.4.1.14519.5.2.1.238285012137156161013026717114199153605/1-15.dcm,5,14,25,1,meningioma,0.9808238744735718,0.0178912635892629,0.1001840379220673,0.8569827079772949,0.0178912635892629,4.861063003540039,0.9808238744735718,-2.0084805488586426,0.00101902813185,-3.352222681045532,0.0002658315061125,0.017891265126570507,0.03731779808725107,0.9808238752869127,0.9577921759314169,0.001019028125717985,0.0036587345641043447,0.0002658314607986164,0.0012312914172277066,1,meningioma,0.9808238752869127,0.10018404140858458,1,meningioma,0.9577921759314169,0.19279293031942873
D3B_icdc_glioma,GLIOMA01-i_99AF,1.3.6.1.4.1.14519.5.2.1.35078207812171724664948712001604452335,1.3.6.1.4.1.14519.5.2.1.241410583737689895774361929616886549474,,TE 20 T1  TRANS +C,HEAD,glioma,collection_level_icdc_glioma,data/processed/D3B_icdc_glioma_selected_slices/GLIOMA01-i_99AF/GLIOMA01-i_99AF__616886549474__central01_idx0009.png,data/raw/D3B_icdc_glioma/1.3.6.1.4.1.14519.5.2.1.241410583737689895774361929616886549474/1-10.dcm,1,9,22,2,notumor,0.9898648858070374,0.0098543046042323,0.058085361445047,1.1506657600402832,0.0098543046042323,-2.820884227752685,0.000185696495464,5.760325908660889,0.9898648858070374,-3.4896492958068848,9.513991244602948e-05,0.00985430366510422,0.023260381328439234,0.00018569649084312898,0.0009304896914728892,0.9898648599380311,0.975267976330582,9.513990602152438e-05,0.0005411526495059634,2,notumor,0.9898648599380311,0.05808538356288313,2,notumor,0.975267976330582,0.12247109381861494
D3B_icdc_glioma,GLIOMA01-i_99AF,1.3.6.1.4.1.14519.5.2.1.35078207812171724664948712001604452335,1.3.6.1.4.1.14519.5.2.1.241410583737689895774361929616886549474,,TE 20 T1  TRANS +C,HEAD,glioma,collection_level_icdc_glioma,data/processed/D3B_icdc_glioma_selected_slices/GLIOMA01-i_99AF/GLIOMA01-i_99AF__616886549474__central02_idx0010.png,data/raw/D3B_icdc_glioma/1.3.6.1.4.1.14519.5.2.1.241410583737689895774361929616886549474/1-11.dcm,2,10,22,2,notumor,0.9927296042442322,0.0070661725476384,0.04409841186192,1.0846816301345823,0.0070661725476384,-2.810320377349853,0.0001437495229765,6.029820919036865,0.9927296042442322,-3.6751863956451416,6.053405741113238e-05,0.007066172599058229,0.017827743399509762,0.00014374950652985347,0.0007588124557912103,0.9927295438315845,0.9810369839121725,6.053406282743464e-05,0.00037646023252646603,2,notumor,0.9927295438315845,0.044098471955094865,2,notumor,0.9810369839121725,0.09899378172796638
D3B_icdc_glioma,GLIOMA01-i_99AF,1.3.6.1.4.1.14519.5.2.1.35078207812171724664948712001604452335,1.3.6.1.4.1.14519.5.2.1.241410583737689895774361929616886549474,,TE 20 T1  TRANS +C,HEAD,glioma,collection_level_icdc_glioma,data/processed/D3B_icdc_glioma_selected_slices/GLIOMA01-i_99AF/GLIOMA01-i_99AF__616886549474__central03_idx0011.png,data/raw/D3B_icdc_glioma/1.3.6.1.4.1.14519.5.2.1.241410583737689895774361929616886549474/1-12.dcm,3,11,22,2,notumor,0.9985779523849488,0.0012893420644104,0.0112742174835969,-0.0110996654257178,0.0012893420644104,-2.789189577102661,8.014177728909999e-05,6.6411004066467285,0.9985779523849488,-3.209725379943848,5.26286821695976e-05,0.0012893420921133232,0.004531391111386482,8.014179068897965e-05,0.0004768700983229917,0.9985778874146555,0.9946525980258536,5.262870254233122e-05,0.00033914076443681694,2,notumor,0.9985778874146555,0.011274282811381523,2,notumor,0.9946525980258536,0.036144414099489555
D3B_icdc_glioma,GLIOMA01-i_99AF,1.3.6.1.4.1.14519.5.2.1.35078207812171724664948712001604452335,1.3.6.1.4.1.14519.5.2.1.241410583737689895774361929616886549474,,TE 20 T1  TRANS +C,HEAD,glioma,collection_level_icdc_glioma,data/processed/D3B_icdc_glioma_selected_slices/GLIOMA01-i_99AF/GLIOMA01-i_99AF__616886549474__central04_idx0012.png,data/raw/D3B_icdc_glioma/1.3.6.1.4.1.14519.5.2.1.241410583737689895774361929616886549474/1-13.dcm,4,12,22,2,notumor,0.987687647342682,0.0118974763900041,0.0684106578580541,1.1787066459655762,0.0118974763900041,-2.4312338829040527,0.0003218679921701,5.597746849060059,0.987687647342682,-3.6727449893951416,9.30028545553796e-05,0.011897476323572395,0.02702735236998857,0.00032186784887693065,0.0014493639504088612,0.9876876529952441,0.9709933876599414,9.300283230655686e-05,0.0005298960196613072,2,notumor,0.9876876529952441,0.06841065085429958,2,notumor,0.9709933876599414,0.13964589039672853
D3B_icdc_glioma,GLIOMA01-i_99AF,1.3.6.1.4.1.14519.5.2.1.35078207812171724664948712001604452335,1.3.6.1.4.1.14519.5.2.1.241410583737689895774361929616886549474,,TE 20 T1  TRANS +C,HEAD,glioma,collection_level_icdc_glioma,data/processed/D3B_icdc_glioma_selected_slices/GLIOMA01-i_99AF/GLIOMA01-i_99AF__616886549474__central05_idx0013.png,data/raw/D3B_icdc_glioma/1.3.6.1.4.1.14519.5.2.1.241410583737689895774361929616886549474/1-14.dcm,5,13,22,2,notumor,0.9318421483039856,0.066244326531887,0.2581446939082379,1.9695852994918823,0.066244326531887,-1.6679301261901855,0.0017433947650715,4.613399028778076,0.9318421483039856,-3.9950954914093018,0.0001701063738437,0.06624432058964419,0.10435219322502907,0.0017433949074757043,0.0054722978395285475,0.9318421780860899,0.8893455538524841,0.0001701064167900507,0.0008299550829583157,2,notumor,0.9318421780860899,0.2581446571330172,2,notumor,0.8893455538524841,0.3745151390032553
D3B_icdc_glioma,GLIOMA01-i_6D5C,1.3.6.1.4.1.14519.5.2.1.182892265424180320806494238772816589687,1.3.6.1.4.1.14519.5.2.1.252265203227746269351628087789359818697,BRAIN/T1_SAG,,HEAD,glioma,collection_level_icdc_glioma,data/processed/D3B_icdc_glioma_selected_slices/GLIOMA01-i_6D5C/GLIOMA01-i_6D5C__789359818697__central01_idx0007.png,data/raw/D3B_icdc_glioma/1.3.6.1.4.1.14519.5.2.1.252265203227746269351628087789359818697/1-08.dcm,1,7,19,0,glioma,0.5485730767250061,0.5485730767250061,0.9985785094289668,1.9313563108444212,0.5485730767250061,1.2954778671264648,0.2904530465602875,0.6845803260803223,0.1576763540506363,-3.1828086376190186,0.0032974705100059,0.5485730878828733,0.5057700992153525,0.2904530884153817,0.3020903136830509,0.15767635348715117,0.18412519600826865,0.0032974702145939123,0.008014391093327694,0,glioma,0.5485730878828733,0.9985785129914452,0,glioma,0.5057700992153525,1.0566278734771144
D3B_icdc_glioma,GLIOMA01-i_6D5C,1.3.6.1.4.1.14519.5.2.1.182892265424180320806494238772816589687,1.3.6.1.4.1.14519.5.2.1.252265203227746269351628087789359818697,BRAIN/T1_SAG,,HEAD,glioma,collection_level_icdc_glioma,data/processed/D3B_icdc_glioma_selected_slices/GLIOMA01-i_6D5C/GLIOMA01-i_6D5C__789359818697__central02_idx0008.png,data/raw/D3B_icdc_glioma/1.3.6.1.4.1.14519.5.2.1.252265203227746269351628087789359818697/1-09.dcm,2,8,19,2,notumor,0.5660550594329834,0.4218857586383819,0.7454049951794942,2.323410987854004,0.4218857586383819,-1.4455639123916626,0.0097353132441639,2.617367744445801,0.5660550594329834,-2.8780689239501958,0.0023239182773977,0.421885745950891,0.4290152694352932,0.009735311467703314,0.02022412864088049,0.5660550244256851,0.5444269086170793,0.002323918155720477,0.006333693306746958,2,notumor,0.5660550244256851,0.7454050049349921,2,notumor,0.5444269086170793,0.805035179116082
D3B_icdc_glioma,GLIOMA01-i_6D5C,1.3.6.1.4.1.14519.5.2.1.182892265424180320806494238772816589687,1.3.6.1.4.1.14519.5.2.1.252265203227746269351628087789359818697,BRAIN/T1_SAG,,HEAD,glioma,collection_level_icdc_glioma,data/processed/D3B_icdc_glioma_selected_slices/GLIOMA01-i_6D5C/GLIOMA01-i_6D5C__789359818697__central03_idx0009.png,data/raw/D3B_icdc_glioma/1.3.6.1.4.1.14519.5.2.1.252265203227746269351628087789359818697/1-10.dcm,3,9,19,0,glioma,0.8855559825897217,0.8855559825897217,0.4384280448497017,3.0825860500335693,0.8855559825897217,0.0845654904842376,0.0441765934228897,0.5302963852882385,0.0689875409007072,-3.4568355083465576,0.0012799156829714,0.8855559471746303,0.8200633693942618,0.044176592931628594,0.07221124230134172,0.06898754437048485,0.10363180817359173,0.0012799155232563707,0.004093580130804755,0,glioma,0.8855559471746303,0.43842807982287335,0,glioma,0.8200633693942618,0.609893597487578
D3B_icdc_glioma,GLIOMA01-i_6D5C,1.3.6.1.4.1.14519.5.2.1.182892265424180320806494238772816589687,1.3.6.1.4.1.14519.5.2.1.252265203227746269351628087789359818697,BRAIN/T1_SAG,,HEAD,glioma,collection_level_icdc_glioma,data/processed/D3B_icdc_glioma_selected_slices/GLIOMA01-i_6D5C/GLIOMA01-i_6D5C__789359818697__central04_idx0010.png,data/raw/D3B_icdc_glioma/1.3.6.1.4.1.14519.5.2.1.252265203227746269351628087789359818697/1-11.dcm,4,10,19,0,glioma,0.9131675362586976,0.9131675362586976,0.3440332106401843,3.339039087295532,0.9131675362586976,-0.6712496280670166,0.0165540464222431,0.7555121183395386,0.0689507275819778,-3.1944029331207275,0.001327738747932,0.9131674751833742,0.8569023196798394,0.016554046647301833,0.03321932517362448,0.06895073945917132,0.10558010310955207,0.0013277387101528078,0.004298252036983938,0,glioma,0.9131674751833742,0.3440332865398609,0,glioma,0.8569023196798394,0.5062295977498835
D3B_icdc_glioma,GLIOMA01-i_6D5C,1.3.6.1.4.1.14519.5.2.1.182892265424180320806494238772816589687,1.3.6.1.4.1.14519.5.2.1.252265203227746269351628087789359818697,BRAIN/T1_SAG,,HEAD,glioma,collection_level_icdc_glioma,data/processed/D3B_icdc_glioma_selected_slices/GLIOMA01-i_6D5C/GLIOMA01-i_6D5C__789359818697__central05_idx0011.png,data/raw/D3B_icdc_glioma/1.3.6.1.4.1.14519.5.2.1.252265203227746269351628087789359818697/1-12.dcm,5,11,19,0,glioma,0.7239741683006287,0.7239741683006287,0.7516095035831613,2.4639692306518555,0.7239741683006287,1.2168941497802734,0.2080296576023101,0.0716830566525459,0.0661860480904579,-3.52736234664917,0.0018101761816069,0.7239741425111765,0.659799374393094,0.20802964552602066,0.24014121036427188,0.06618603592376852,0.09492389589843626,0.0018101760390342846,0.005135519344197832,0,glioma,0.7239741425111765,0.7516094925312179,0,glioma,0.659799374393094,0.867513274579879
D3B_icdc_glioma,GLIOMA01-i_157E,1.3.6.1.4.1.14519.5.2.1.74202149500891993119266014374660885022,1.3.6.1.4.1.14519.5.2.1.259996636277341485826359784627683529170,O-Ax T1-POST GAD,2864128/6,HEAD,glioma,collection_level_icdc_glioma,data/processed/D3B_icdc_glioma_selected_slices/GLIOMA01-i_157E/GLIOMA01-i_157E__627683529170__central01_idx0011.png,data/raw/D3B_icdc_glioma/1.3.6.1.4.1.14519.5.2.1.259996636277341485826359784627683529170/1-12.dcm,1,11,26,1,meningioma,0.6303268671035767,0.2569512128829956,0.9084400897363468,1.0624732971191406,0.2569512128829956,1.9598255157470703,0.6303268671035767,0.187404528260231,0.1071058437228202,-2.7607944011688232,0.0056159924715757,0.25695124736316505,0.2772718099226529,0.6303269081021162,0.5737933990117255,0.10710585013435876,0.13642664857944617,0.005615994400359997,0.012508142486175329,1,meningioma,0.6303269081021162,0.908440096011061,1,meningioma,0.5737933990117255,1.000966894898466
D3B_icdc_glioma,GLIOMA01-i_157E,1.3.6.1.4.1.14519.5.2.1.74202149500891993119266014374660885022,1.3.6.1.4.1.14519.5.2.1.259996636277341485826359784627683529170,O-Ax T1-POST GAD,2864128/6,HEAD,glioma,collection_level_icdc_glioma,data/processed/D3B_icdc_glioma_selected_slices/GLIOMA01-i_157E/GLIOMA01-i_157E__627683529170__central02_idx0012.png,data/raw/D3B_icdc_glioma/1.3.6.1.4.1.14519.5.2.1.259996636277341485826359784627683529170/1-13.dcm,2,12,26,0,glioma,0.6333093047142029,0.6333093047142029,0.8076129499727962,2.433753490447998,0.6333093047142029,-0.1898506134748459,0.0459408573806285,1.7472431659698486,0.3187632262706756,-3.3307888507843018,0.0019865836948156,0.6333093186647624,0.5875780219701117,0.04594085709614921,0.07008256125837523,0.3187632401679045,0.3368432077988721,0.001986584071183943,0.005496208972641045,0,glioma,0.6333093186647624,0.807612945759682,0,glioma,0.5875780219701117,0.8938599506509415
D3B_icdc_glioma,GLIOMA01-i_157E,1.3.6.1.4.1.14519.5.2.1.74202149500891993119266014374660885022,1.3.6.1.4.1.14519.5.2.1.259996636277341485826359784627683529170,O-Ax T1-POST GAD,2864128/6,HEAD,glioma,collection_level_icdc_glioma,data/processed/D3B_icdc_glioma_selected_slices/GLIOMA01-i_157E/GLIOMA01-i_157E__627683529170__central03_idx0013.png,data/raw/D3B_icdc_glioma/1.3.6.1.4.1.14519.5.2.1.259996636277341485826359784627683529170/1-14.dcm,3,13,26,2,notumor,0.7837953567504883,0.1943357586860656,0.5990715036271386,1.4101827144622805,0.1943357586860656,-0.8594390153884888,0.0200848504900932,2.8047432899475098,0.7837953567504883,-3.280493974685669,0.0017840934451669,0.19433574899656855,0.23377373730937875,0.02008484595782327,0.037147943649855,0.7837953111961525,0.7238570941164733,0.0017840938494556083,0.005221224924292968,2,notumor,0.7837953111961525,0.5990715208760815,2,notumor,0.7238570941164733,0.7234498561460591
D3B_icdc_glioma,GLIOMA01-i_157E,1.3.6.1.4.1.14519.5.2.1.74202149500891993119266014374660885022,1.3.6.1.4.1.14519.5.2.1.259996636277341485826359784627683529170,O-Ax T1-POST GAD,2864128/6,HEAD,glioma,collection_level_icdc_glioma,data/processed/D3B_icdc_glioma_selected_slices/GLIOMA01-i_157E/GLIOMA01-i_157E__627683529170__central04_idx0014.png,data/raw/D3B_icdc_glioma/1.3.6.1.4.1.14519.5.2.1.259996636277341485826359784627683529170/1-15.dcm,4,14,26,1,meningioma,0.4963566362857818,0.2916950583457947,1.0630881297200978,0.9891724586486816,0.2916950583457947,1.5207582712173462,0.4963566362857818,0.641217052936554,0.2059747278690338,-2.89917254447937,0.0059736836701631,0.29169501612998644,0.29979623550366324,0.49635659189884557,0.46124707908438073,0.20597470817734825,0.22612725478559006,0.00597368379381977,0.012829430626365894,1,meningioma,0.49635659189884557,1.0630881223080055,1,meningioma,0.46124707908438073,1.1101319988983864
D3B_icdc_glioma,GLIOMA01-i_157E,1.3.6.1.4.1.14519.5.2.1.74202149500891993119266014374660885022,1.3.6.1.4.1.14519.5.2.1.259996636277341485826359784627683529170,O-Ax T1-POST GAD,2864128/6,HEAD,glioma,collection_level_icdc_glioma,data/processed/D3B_icdc_glioma_selected_slices/GLIOMA01-i_157E/GLIOMA01-i_157E__627683529170__central05_idx0015.png,data/raw/D3B_icdc_glioma/1.3.6.1.4.1.14519.5.2.1.259996636277341485826359784627683529170/1-16.dcm,5,15,26,1,meningioma,0.9231688380241394,0.0444783307611942,0.3289664145577466,0.2376371920108795,0.0444783307611942,3.270447254180908,0.9231688380241394,-0.1243341639637947,0.0309703648090362,-3.233515501022339,0.0013824393972754,0.04447833023258948,0.0741456413382783,0.9231688664533418,0.8661107400364016,0.030970364195186822,0.055294130129081596,0.0013824391188818268,0.004449488496238504,1,meningioma,0.9231688664533418,0.32896638421082014,1,meningioma,0.8661107400364016,0.5015786509767763
D3B_icdc_glioma,GLIOMA01-i_4990,1.3.6.1.4.1.14519.5.2.1.322834917946698574054866040181461385664,1.3.6.1.4.1.14519.5.2.1.261816588200105413007978141462632206860,,TE 20 T1  TRANS +C,HEAD,glioma,collection_level_icdc_glioma,data/processed/D3B_icdc_glioma_selected_slices/GLIOMA01-i_4990/GLIOMA01-i_4990__462632206860__central01_idx0008.png,data/raw/D3B_icdc_glioma/1.3.6.1.4.1.14519.5.2.1.261816588200105413007978141462632206860/1-09.dcm,1,8,20,0,glioma,0.6614646911621094,0.6614646911621094,0.7049636541440099,3.1791775226593018,0.6614646911621094,-0.6005937457084656,0.0150998570024967,2.462432622909546,0.3230191767215729,-4.191576480865479,0.0004163214180152,0.6614646569767244,0.6216307323628362,0.01509985717479457,0.029048883387301116,0.3230191643357153,0.34773849470995044,0.0004163215127656867,0.0015818895399121653,0,glioma,0.6614646569767244,0.7049636737828691,0,glioma,0.6216307323628362,0.7758459071354673
D3B_icdc_glioma,GLIOMA01-i_4990,1.3.6.1.4.1.14519.5.2.1.322834917946698574054866040181461385664,1.3.6.1.4.1.14519.5.2.1.261816588200105413007978141462632206860,,TE 20 T1  TRANS +C,HEAD,glioma,collection_level_icdc_glioma,data/processed/D3B_icdc_glioma_selected_slices/GLIOMA01-i_4990/GLIOMA01-i_4990__462632206860__central02_idx0009.png,data/raw/D3B_icdc_glioma/1.3.6.1.4.1.14519.5.2.1.261816588200105413007978141462632206860/1-10.dcm,2,9,20,2,notumor,0.5782016515731812,0.4080774486064911,0.7438507935849044,2.5344603061676025,0.4080774486064911,-0.9033578038215636,0.0131134567782282,2.8829259872436523,0.5782016515731812,-3.9755351543426514,0.0006074176635593,0.40807746482261653,0.4178680995125561,0.013113456426954532,0.025763020501683744,0.5782016609612425,0.5542326279385138,0.0006074177891865291,0.002136252047246449,2,notumor,0.5782016609612425,0.7438507872919061,2,notumor,0.5542326279385138,0.799116500544632
D3B_icdc_glioma,GLIOMA01-i_4990,1.3.6.1.4.1.14519.5.2.1.322834917946698574054866040181461385664,1.3.6.1.4.1.14519.5.2.1.261816588200105413007978141462632206860,,TE 20 T1  TRANS +C,HEAD,glioma,collection_level_icdc_glioma,data/processed/D3B_icdc_glioma_selected_slices/GLIOMA01-i_4990/GLIOMA01-i_4990__462632206860__central03_idx0010.png,data/raw/D3B_icdc_glioma/1.3.6.1.4.1.14519.5.2.1.261816588200105413007978141462632206860/1-11.dcm,3,10,20,2,notumor,0.5592736601829529,0.4217228889465332,0.7704416696532247,2.192971706390381,0.4217228889465332,-1.0076286792755127,0.017180036753416,2.47526216506958,0.5592736601829529,-3.250664710998535,0.0018234166782349,0.4217228904376849,0.4266341859480864,0.01718003673756723,0.03187932037891791,0.5592736561714615,0.536310356936108,0.0018234166532861795,0.005176136736887722,2,notumor,0.5592736561714615,0.7704416709489265,2,notumor,0.536310356936108,0.8346584101451561
D3B_icdc_glioma,GLIOMA01-i_4990,1.3.6.1.4.1.14519.5.2.1.322834917946698574054866040181461385664,1.3.6.1.4.1.14519.5.2.1.261816588200105413007978141462632206860,,TE 20 T1  TRANS +C,HEAD,glioma,collection_level_icdc_glioma,data/processed/D3B_icdc_glioma_selected_slices/GLIOMA01-i_4990/GLIOMA01-i_4990__462632206860__central04_idx0011.png,data/raw/D3B_icdc_glioma/1.3.6.1.4.1.14519.5.2.1.261816588200105413007978141462632206860/1-12.dcm,4,11,20,2,notumor,0.9676811099052428,0.0299124922603368,0.1526516649313181,0.8768683671951294,0.0299124922603368,-1.9416199922561648,0.0017856600461527,4.353494644165039,0.9676811099052428,-2.998258590698242,0.0006207352271303,0.029912496106338542,0.05591888340835195,0.001785659765764214,0.005695181866910607,0.9676811088893017,0.9359671780385445,0.0006207352385956323,0.0024187566861928675,2,notumor,0.9676811088893017,0.1526516741446437,2,notumor,0.9359671780385445,0.26720462461164507
D3B_icdc_glioma,GLIOMA01-i_4990,1.3.6.1.4.1.14519.5.2.1.322834917946698574054866040181461385664,1.3.6.1.4.1.14519.5.2.1.261816588200105413007978141462632206860,,TE 20 T1  TRANS +C,HEAD,glioma,collection_level_icdc_glioma,data/processed/D3B_icdc_glioma_selected_slices/GLIOMA01-i_4990/GLIOMA01-i_4990__462632206860__central05_idx0012.png,data/raw/D3B_icdc_glioma/1.3.6.1.4.1.14519.5.2.1.261816588200105413007978141462632206860/1-13.dcm,5,12,20,2,notumor,0.9702655076980592,0.0265239253640174,0.1447490241826617,1.0755678415298462,0.0265239253640174,-1.1009516716003418,0.0030087593477219,4.675090312957764,0.9702655076980592,-3.802667379379273,0.0002018586237682,0.026523926914926655,0.050809162212887116,0.003008759040782853,0.008706652059096227,0.9702654554778279,0.9395094162837405,0.0002018585664626541,0.0009747694442760294,2,notumor,0.9702654554778279,0.14474907699956885,2,notumor,0.9395094162837405,0.25807779710307177
D3B_icdc_glioma,GLIOMA01-i_56B5,1.3.6.1.4.1.14519.5.2.1.257123111669720300381972688887376360399,1.3.6.1.4.1.14519.5.2.1.265372530672259962233653648149633492244,MP RAGE FS +C,MP RAGE FS +C,HEAD,glioma,collection_level_icdc_glioma,data/processed/D3B_icdc_glioma_selected_slices/GLIOMA01-i_56B5/GLIOMA01-i_56B5__149633492244__central01_idx0126.png,data/raw/D3B_icdc_glioma/1.3.6.1.4.1.14519.5.2.1.265372530672259962233653648149633492244/1-127.dcm,1,126,256,2,notumor,0.9531617760658264,0.0456342920660972,0.1955260731300189,1.3991172313690186,0.0456342920660972,-3.001386880874634,0.0005599851720035,4.438242435455322,0.9531617760658264,-2.8616161346435547,0.0006439887802116,0.045634289561628606,0.07811859006097092,0.0005599853175620583,0.0022073233459416423,0.9531617363360534,0.9172020070985397,0.0006439887847558853,0.0024720794945477294,2,notumor,0.9531617363360534,0.19552610670003415,2,notumor,0.9172020070985397,0.3067760590540952
D3B_icdc_glioma,GLIOMA01-i_56B5,1.3.6.1.4.1.14519.5.2.1.257123111669720300381972688887376360399,1.3.6.1.4.1.14519.5.2.1.265372530672259962233653648149633492244,MP RAGE FS +C,MP RAGE FS +C,HEAD,glioma,collection_level_icdc_glioma,data/processed/D3B_icdc_glioma_selected_slices/GLIOMA01-i_56B5/GLIOMA01-i_56B5__149633492244__central02_idx0127.png,data/raw/D3B_icdc_glioma/1.3.6.1.4.1.14519.5.2.1.265372530672259962233653648149633492244/1-128.dcm,2,127,256,2,notumor,0.9517448544502258,0.0471683554351329,0.199295324018655,1.5378705263137815,0.0471683554351329,-2.937686920166016,0.000536958745215,4.542444229125977,0.9517448544502258,-2.91401743888855,0.0005498197278939,0.04716835841008904,0.08018849025182459,0.0005369586703744364,0.00213209396927186,0.9517448631081414,0.9155060265000373,0.0005498198113950819,0.0021733892788660426,2,notumor,0.9517448631081414,0.19929532195417327,2,notumor,0.9155060265000373,0.30960483061244115
D3B_icdc_glioma,GLIOMA01-i_56B5,1.3.6.1.4.1.14519.5.2.1.257123111669720300381972688887376360399,1.3.6.1.4.1.14519.5.2.1.265372530672259962233653648149633492244,MP RAGE FS +C,MP RAGE FS +C,HEAD,glioma,collection_level_icdc_glioma,data/processed/D3B_icdc_glioma_selected_slices/GLIOMA01-i_56B5/GLIOMA01-i_56B5__149633492244__central03_idx0128.png,data/raw/D3B_icdc_glioma/1.3.6.1.4.1.14519.5.2.1.265372530672259962233653648149633492244/1-129.dcm,3,128,256,2,notumor,0.939507007598877,0.0587521083652973,0.2373062348137105,1.444307565689087,0.0587521083652973,-2.460660457611084,0.0011833615135401,4.216335773468018,0.939507007598877,-3.213200807571411,0.0005575619870796,0.058752107727148256,0.09504840464463707,0.0011833613673860176,0.004013054635256141,0.9395069687792358,0.8987578398809821,0.0005575621262298227,0.002180700839124696,2,notumor,0.9395069687792358,0.237306270104884,2,notumor,0.8987578398809821,0.35512728124225945
D3B_icdc_glioma,GLIOMA01-i_56B5,1.3.6.1.4.1.14519.5.2.1.257123111669720300381972688887376360399,1.3.6.1.4.1.14519.5.2.1.265372530672259962233653648149633492244,MP RAGE FS +C,MP RAGE FS +C,HEAD,glioma,collection_level_icdc_glioma,data/processed/D3B_icdc_glioma_selected_slices/GLIOMA01-i_56B5/GLIOMA01-i_56B5__149633492244__central04_idx0129.png,data/raw/D3B_icdc_glioma/1.3.6.1.4.1.14519.5.2.1.265372530672259962233653648149633492244/1-130.dcm,4,129,256,2,notumor,0.908254325389862,0.0884938612580299,0.3217022167550915,1.6897907257080078,0.0884938612580299,-1.7244055271148682,0.0029116999357938,4.0183820724487305,0.908254325389862,-3.871378183364868,0.0003401952562853,0.08849384613373719,0.13029338704615662,0.002911699005689632,0.008188311411956216,0.9082542597239248,0.8600811472295232,0.00034019513664840326,0.0014371543123639589,2,notumor,0.9082542597239248,0.3217022492159357,2,notumor,0.8600811472295232,0.4439238678520221
D3B_icdc_glioma,GLIOMA01-i_56B5,1.3.6.1.4.1.14519.5.2.1.257123111669720300381972688887376360399,1.3.6.1.4.1.14519.5.2.1.265372530672259962233653648149633492244,MP RAGE FS +C,MP RAGE FS +C,HEAD,glioma,collection_level_icdc_glioma,data/processed/D3B_icdc_glioma_selected_slices/GLIOMA01-i_56B5/GLIOMA01-i_56B5__149633492244__central05_idx0130.png,data/raw/D3B_icdc_glioma/1.3.6.1.4.1.14519.5.2.1.265372530672259962233653648149633492244/1-131.dcm,5,130,256,2,notumor,0.9875031113624572,0.0113767953589558,0.071608947028359,0.4516621828079223,0.0113767953589558,-2.1843361854553223,0.0008151178481057,4.915266036987305,0.9875031113624572,-3.1675446033477783,0.0003049429215025,0.011376795810917724,0.026028852749628545,0.0008151178765470556,0.0030735261930849916,0.9875031434818415,0.9695122457498412,0.00030494283069378106,0.0013853753074452321,2,notumor,0.9875031434818415,0.07160891641351179,2,notumor,0.9695122457498412,0.1518841419589225
D3B_icdc_glioma,GLIOMA01-i_03A6,1.3.6.1.4.1.14519.5.2.1.314316487728501506587013300243937537423,1.3.6.1.4.1.14519.5.2.1.294585940264655347012941094237670679311,BRAIN/T1_TRANS,,HEAD,glioma,collection_level_icdc_glioma,data/processed/D3B_icdc_glioma_selected_slices/GLIOMA01-i_03A6/GLIOMA01-i_03A6__237670679311__central01_idx0007.png,data/raw/D3B_icdc_glioma/1.3.6.1.4.1.14519.5.2.1.294585940264655347012941094237670679311/1-08.dcm,1,7,19,1,meningioma,0.6315830945968628,0.3469233512878418,0.7470103580234937,1.8449349403381348,0.3469233512878418,2.4440605640411377,0.6315830945968628,-1.0414981842041016,0.01934958063066,-3.2414982318878174,0.0021439944393932,0.34692334981211326,0.3652705751767078,0.6315830752128323,0.5936012265722594,0.019349580450397908,0.03520858826786193,0.0021439945246565315,0.005919609983170731,1,meningioma,0.6315830752128323,0.7470103683213083,1,meningioma,0.5936012265722594,0.8256502824812262
D3B_icdc_glioma,GLIOMA01-i_03A6,1.3.6.1.4.1.14519.5.2.1.314316487728501506587013300243937537423,1.3.6.1.4.1.14519.5.2.1.294585940264655347012941094237670679311,BRAIN/T1_TRANS,,HEAD,glioma,collection_level_icdc_glioma,data/processed/D3B_icdc_glioma_selected_slices/GLIOMA01-i_03A6/GLIOMA01-i_03A6__237670679311__central02_idx0008.png,data/raw/D3B_icdc_glioma/1.3.6.1.4.1.14519.5.2.1.294585940264655347012941094237670679311/1-09.dcm,2,8,19,1,meningioma,0.9071372151374816,0.0884576961398124,0.3290704703123519,1.4092624187469482,0.0884576961398124,3.7370316982269287,0.9071372151374816,-1.819376230239868,0.0035039321519434,-3.177412271499634,0.0009010899229906,0.08845770331485543,0.12997043621587687,0.9071372743964654,0.8573778898670812,0.0035039323281219597,0.009493559507986579,0.0009010899605570111,0.00315811440905539,1,meningioma,0.9071372743964654,0.32907042810068854,1,meningioma,0.8573778898670812,0.4595248509957176
D3B_icdc_glioma,GLIOMA01-i_03A6,1.3.6.1.4.1.14519.5.2.1.314316487728501506587013300243937537423,1.3.6.1.4.1.14519.5.2.1.294585940264655347012941094237670679311,BRAIN/T1_TRANS,,HEAD,glioma,collection_level_icdc_glioma,data/processed/D3B_icdc_glioma_selected_slices/GLIOMA01-i_03A6/GLIOMA01-i_03A6__237670679311__central03_idx0009.png,data/raw/D3B_icdc_glioma/1.3.6.1.4.1.14519.5.2.1.294585940264655347012941094237670679311/1-10.dcm,3,9,19,1,meningioma,0.950874924659729,0.0436746254563331,0.2148122689773804,0.8773617744445801,0.0436746254563331,3.957977056503296,0.950874924659729,-1.308082103729248,0.0049102436751127,-3.515177965164185,0.000540223380085,0.043674623566299385,0.07495557332312215,0.9508749103800086,0.9101609508307743,0.004910242643605071,0.012751811659286804,0.0005402234100869717,0.002131664186816831,1,meningioma,0.9508749103800086,0.21481227425343843,1,meningioma,0.9101609508307743,0.3486123053270322
D3B_icdc_glioma,GLIOMA01-i_03A6,1.3.6.1.4.1.14519.5.2.1.314316487728501506587013300243937537423,1.3.6.1.4.1.14519.5.2.1.294585940264655347012941094237670679311,BRAIN/T1_TRANS,,HEAD,glioma,collection_level_icdc_glioma,data/processed/D3B_icdc_glioma_selected_slices/GLIOMA01-i_03A6/GLIOMA01-i_03A6__237670679311__central04_idx0010.png,data/raw/D3B_icdc_glioma/1.3.6.1.4.1.14519.5.2.1.294585940264655347012941094237670679311/1-11.dcm,4,10,19,1,meningioma,0.9108465313911438,0.0807611271739006,0.3340843259024871,0.8286763429641724,0.0807611271739006,3.2515549659729004,0.9108465313911438,-1.9709556102752688,0.0049128988757729,-2.3159730434417725,0.0034793538507074,0.0807611380785901,0.12038151573505844,0.91084661071942,0.8577566141524755,0.004912897707623332,0.012449330231525316,0.0034793534943666294,0.009412539880940915,1,meningioma,0.91084661071942,0.3340842638138101,1,meningioma,0.8577566141524755,0.48498827326512944
D3B_icdc_glioma,GLIOMA01-i_03A6,1.3.6.1.4.1.14519.5.2.1.314316487728501506587013300243937537423,1.3.6.1.4.1.14519.5.2.1.294585940264655347012941094237670679311,BRAIN/T1_TRANS,,HEAD,glioma,collection_level_icdc_glioma,data/processed/D3B_icdc_glioma_selected_slices/GLIOMA01-i_03A6/GLIOMA01-i_03A6__237670679311__central05_idx0011.png,data/raw/D3B_icdc_glioma/1.3.6.1.4.1.14519.5.2.1.294585940264655347012941094237670679311/1-12.dcm,5,11,19,0,glioma,0.7389602065086365,0.7389602065086365,0.7558367323202952,2.651500940322876,0.7389602065086365,0.6564201712608337,0.1005005612969398,1.116446018218994,0.1592044234275818,-3.6649575233459473,0.0013348051579669,0.7389601988975478,0.669934080934242,0.10050055927218637,0.13298540955500576,0.1592044363176918,0.1930739974531459,0.0013348055125740866,0.004006512057606254,0,glioma,0.7389601988975478,0.7558367477904877,0,glioma,0.669934080934242,0.8763202229405895
D3B_icdc_glioma,GLIOMA01-i_502F,1.3.6.1.4.1.14519.5.2.1.212328576300822964287697094625288806431,1.3.6.1.4.1.14519.5.2.1.300091175080975745865361767253344587917,T1/SAG/SE +C,T1/SAG/SE +C,HEAD,glioma,collection_level_icdc_glioma,data/processed/D3B_icdc_glioma_selected_slices/GLIOMA01-i_502F/GLIOMA01-i_502F__253344587917__central01_idx0008.png,data/raw/D3B_icdc_glioma/1.3.6.1.4.1.14519.5.2.1.300091175080975745865361767253344587917/1-09.dcm,1,8,21,2,notumor,0.783707857131958,0.1968280225992202,0.590312105014522,1.8332226276397705,0.1968280225992202,-0.5122676491737366,0.0188561677932739,3.21492862701416,0.783707857131958,-3.9467437267303462,0.0006079660379327,0.19682801280054163,0.2367998387261174,0.01885616731959784,0.03538476099306707,0.7837078537088903,0.7256278897343659,0.0006079661709703131,0.0021875105464496105,2,notumor,0.7837078537088903,0.5903121009198913,2,notumor,0.7256278897343659,0.7054772808357122
D3B_icdc_glioma,GLIOMA01-i_502F,1.3.6.1.4.1.14519.5.2.1.212328576300822964287697094625288806431,1.3.6.1.4.1.14519.5.2.1.300091175080975745865361767253344587917,T1/SAG/SE +C,T1/SAG/SE +C,HEAD,glioma,collection_level_icdc_glioma,data/processed/D3B_icdc_glioma_selected_slices/GLIOMA01-i_502F/GLIOMA01-i_502F__253344587917__central02_idx0009.png,data/raw/D3B_icdc_glioma/1.3.6.1.4.1.14519.5.2.1.300091175080975745865361767253344587917/1-10.dcm,2,9,21,2,notumor,0.8825837969779968,0.0992812365293502,0.4144352048994884,1.4230833053588867,0.0992812365293502,-0.3029750883579254,0.017670527100563,3.607980489730835,0.8825837969779968,-3.94201922416687,0.0004643364227376,0.0992812429404797,0.14014973277419396,0.0176705297601088,0.03459828979487667,0.8825838908435615,0.8234398668247787,0.0004643364558500028,0.0018121106061508643,2,notumor,0.8825838908435615,0.41443513945018323,2,notumor,0.8234398668247787,0.5631930047085478
D3B_icdc_glioma,GLIOMA01-i_502F,1.3.6.1.4.1.14519.5.2.1.212328576300822964287697094625288806431,1.3.6.1.4.1.14519.5.2.1.300091175080975745865361767253344587917,T1/SAG/SE +C,T1/SAG/SE +C,HEAD,glioma,collection_level_icdc_glioma,data/processed/D3B_icdc_glioma_selected_slices/GLIOMA01-i_502F/GLIOMA01-i_502F__253344587917__central03_idx0010.png,data/raw/D3B_icdc_glioma/1.3.6.1.4.1.14519.5.2.1.300091175080975745865361767253344587917/1-11.dcm,3,10,21,2,notumor,0.9555487632751464,0.0273105520755052,0.2133661515480412,0.5048403739929199,0.0273105520755052,0.0155796371400356,0.0167435407638549,4.059853076934815,0.9555487632751464,-3.725964307785034,0.00039711422869,0.027310551474555113,0.05117478758594784,0.016743537979496913,0.03442279777352082,0.9555487964139062,0.9127432160268691,0.00039711413204179894,0.001659198613662189,2,notumor,0.9555487964139062,0.2133661090901409,2,notumor,0.9127432160268691,0.36204444721710244
D3B_icdc_glioma,GLIOMA01-i_502F,1.3.6.1.4.1.14519.5.2.1.212328576300822964287697094625288806431,1.3.6.1.4.1.14519.5.2.1.300091175080975745865361767253344587917,T1/SAG/SE +C,T1/SAG/SE +C,HEAD,glioma,collection_level_icdc_glioma,data/processed/D3B_icdc_glioma_selected_slices/GLIOMA01-i_502F/GLIOMA01-i_502F__253344587917__central04_idx0011.png,data/raw/D3B_icdc_glioma/1.3.6.1.4.1.14519.5.2.1.300091175080975745865361767253344587917/1-12.dcm,4,11,21,2,notumor,0.9865114688873292,0.0104596745222806,0.0792711911843393,0.4283818304538727,0.0104596745222806,-0.8632425665855408,0.0028745692688971,4.975029468536377,0.9865114688873292,-3.788205623626709,0.0001542685931781,0.010459674420196364,0.024257332611891568,0.0028745695317059904,0.008515641716438946,0.9865114874607641,0.9664314352474752,0.00015426858733352355,0.000795590424194193,2,notumor,0.9865114874607641,0.07927117372935112,2,notumor,0.9664314352474752,0.16947457777849578
D3B_icdc_glioma,GLIOMA01-i_502F,1.3.6.1.4.1.14519.5.2.1.212328576300822964287697094625288806431,1.3.6.1.4.1.14519.5.2.1.300091175080975745865361767253344587917,T1/SAG/SE +C,T1/SAG/SE +C,HEAD,glioma,collection_level_icdc_glioma,data/processed/D3B_icdc_glioma_selected_slices/GLIOMA01-i_502F/GLIOMA01-i_502F__253344587917__central05_idx0012.png,data/raw/D3B_icdc_glioma/1.3.6.1.4.1.14519.5.2.1.300091175080975745865361767253344587917/1-13.dcm,5,12,21,2,notumor,0.9059861302375792,0.0768889412283897,0.3576602056513356,1.3305240869522097,0.0768889412283897,-0.1860854029655456,0.0168736334890127,3.797186136245728,0.9059861302375792,-4.393245220184326,0.0002512246719561,0.07688893848145921,0.11514229013309382,0.016873638184992403,0.033683638579383085,0.9059861985739249,0.8500608440074771,0.00025122475962348725,0.0011132272800460682,2,notumor,0.9059861985739249,0.3576601548739404,2,notumor,0.8500608440074771,0.5087632218214252
D3B_icdc_glioma,GLIOMA01-i_3F8C,1.3.6.1.4.1.14519.5.2.1.237207137877983610409321185946069216444,1.3.6.1.4.1.14519.5.2.1.306487070196134498715471133536062558120,O-Ax T1 SE S,"Brain, Head Coil/",HEAD,glioma,collection_level_icdc_glioma,data/processed/D3B_icdc_glioma_selected_slices/GLIOMA01-i_3F8C/GLIOMA01-i_3F8C__536062558120__central01_idx0008.png,data/raw/D3B_icdc_glioma/1.3.6.1.4.1.14519.5.2.1.306487070196134498715471133536062558120/1-09.dcm,1,8,20,2,notumor,0.7071303725242615,0.289617657661438,0.6248180097883491,2.4929304122924805,0.289617657661438,-2.630358934402466,0.0017250784439966,3.385583877563477,0.7071303725242615,-2.75244665145874,0.0015268159331753,0.2896176703373357,0.32346376123500603,0.0017250781060250994,0.005087816152102644,0.7071304354192426,0.666839928863772,0.0015268161373966252,0.0046084937491194106,2,notumor,0.7071304354192426,0.6248179710286996,2,notumor,0.666839928863772,0.6869516041163265
D3B_icdc_glioma,GLIOMA01-i_3F8C,1.3.6.1.4.1.14519.5.2.1.237207137877983610409321185946069216444,1.3.6.1.4.1.14519.5.2.1.306487070196134498715471133536062558120,O-Ax T1 SE S,"Brain, Head Coil/",HEAD,glioma,collection_level_icdc_glioma,data/processed/D3B_icdc_glioma_selected_slices/GLIOMA01-i_3F8C/GLIOMA01-i_3F8C__536062558120__central02_idx0009.png,data/raw/D3B_icdc_glioma/1.3.6.1.4.1.14519.5.2.1.306487070196134498715471133536062558120/1-10.dcm,2,9,20,2,notumor,0.9671933054924012,0.0321709960699081,0.1479411038967893,1.7156411409378052,0.0321709960699081,-3.001516103744507,0.0002876267535611,5.118974208831787,0.9671933054924012,-2.81085467338562,0.0003480426385067,0.032170997208311576,0.05945298302234306,0.00028762667536218065,0.0012996598801107834,0.9671933335450621,0.9377305209152039,0.0003480425712642186,0.001516836182342344,2,notumor,0.9671933335450621,0.14794107852616808,2,notumor,0.9377305209152039,0.24658243401898924
D3B_icdc_glioma,GLIOMA01-i_3F8C,1.3.6.1.4.1.14519.5.2.1.237207137877983610409321185946069216444,1.3.6.1.4.1.14519.5.2.1.306487070196134498715471133536062558120,O-Ax T1 SE S,"Brain, Head Coil/",HEAD,glioma,collection_level_icdc_glioma,data/processed/D3B_icdc_glioma_selected_slices/GLIOMA01-i_3F8C/GLIOMA01-i_3F8C__536062558120__central03_idx0010.png,data/raw/D3B_icdc_glioma/1.3.6.1.4.1.14519.5.2.1.306487070196134498715471133536062558120/1-11.dcm,3,10,20,0,glioma,0.5690774917602539,0.5690774917602539,0.891612079635933,2.152057647705078,0.5690774917602539,0.0924359112977981,0.0725586265325546,1.6838154792785645,0.3563005030155182,-3.467644691467285,0.0020633155945688,0.5690775353637151,0.5310347586423011,0.07255863215863743,0.10004093839816255,0.356300516571857,0.36333829701488907,0.0020633159057905728,0.0055860059446472396,0,glioma,0.5690775353637151,0.8916120717933286,0,glioma,0.5310347586423011,0.9632471398222453
D3B_icdc_glioma,GLIOMA01-i_3F8C,1.3.6.1.4.1.14519.5.2.1.237207137877983610409321185946069216444,1.3.6.1.4.1.14519.5.2.1.306487070196134498715471133536062558120,O-Ax T1 SE S,"Brain, Head Coil/",HEAD,glioma,collection_level_icdc_glioma,data/processed/D3B_icdc_glioma_selected_slices/GLIOMA01-i_3F8C/GLIOMA01-i_3F8C__536062558120__central04_idx0011.png,data/raw/D3B_icdc_glioma/1.3.6.1.4.1.14519.5.2.1.306487070196134498715471133536062558120/1-12.dcm,4,11,20,0,glioma,0.8124964237213135,0.8124964237213135,0.5394199311668947,3.232717037200928,0.8124964237213135,-0.7594159841537476,0.0149989211931824,1.6789462566375732,0.171801671385765,-3.819761276245117,0.0007030222332105,0.8124963906911455,0.7538664206036197,0.014998923781272936,0.029658168168982754,0.17180166335060945,0.2139924800520743,0.0007030221769720911,0.0024829311753231166,0,glioma,0.8124963906911455,0.5394199591497217,0,glioma,0.7538664206036197,0.6621655380279454
D3B_icdc_glioma,GLIOMA01-i_3F8C,1.3.6.1.4.1.14519.5.2.1.237207137877983610409321185946069216444,1.3.6.1.4.1.14519.5.2.1.306487070196134498715471133536062558120,O-Ax T1 SE S,"Brain, Head Coil/",HEAD,glioma,collection_level_icdc_glioma,data/processed/D3B_icdc_glioma_selected_slices/GLIOMA01-i_3F8C/GLIOMA01-i_3F8C__536062558120__central05_idx0012.png,data/raw/D3B_icdc_glioma/1.3.6.1.4.1.14519.5.2.1.306487070196134498715471133536062558120/1-13.dcm,5,12,20,0,glioma,0.9718573093414308,0.9718573093414308,0.1521944342258245,3.863238096237183,0.9718573093414308,-0.4350389242172241,0.0132094463333487,-0.4066010117530823,0.0135904820635914,-2.721278429031372,0.0013427133671939,0.9718573574037233,0.9372756407017284,0.01320944391113361,0.02877138437712982,0.013590485251786855,0.0294422047836168,0.001342713433356436,0.004510770137524872,0,glioma,0.9718573574037233,0.1521943903645208,0,glioma,0.9372756407017284,0.29096368669093187
D3B_icdc_glioma,GLIOMA01-i_607E,1.3.6.1.4.1.14519.5.2.1.225257061635076869524524609393333127594,1.3.6.1.4.1.14519.5.2.1.306624957209322479359954530111792131781,AX FSE T1,BRAIN ARRAY COIL/4,HEAD,glioma,collection_level_icdc_glioma,data/processed/D3B_icdc_glioma_selected_slices/GLIOMA01-i_607E/GLIOMA01-i_607E__111792131781__central01_idx0011.png,data/raw/D3B_icdc_glioma/1.3.6.1.4.1.14519.5.2.1.306624957209322479359954530111792131781/1-12.dcm,1,11,26,0,glioma,0.6863462328910828,0.6863462328910828,0.8734806969221189,1.9039981365203855,0.6863462328910828,0.4977593719959259,0.1681982576847076,0.2854942679405212,0.1360304057598114,-2.384004592895508,0.0094251278787851,0.6863462164232681,0.6172007572764541,0.16819826368267374,0.19745077777205208,0.13603039052253751,0.1662439409325808,0.009425129371520657,0.01910452401891301,0,glioma,0.6863462164232681,0.8734807021967033,0,glioma,0.6172007572764541,0.992058451388802
D3B_icdc_glioma,GLIOMA01-i_607E,1.3.6.1.4.1.14519.5.2.1.225257061635076869524524609393333127594,1.3.6.1.4.1.14519.5.2.1.306624957209322479359954530111792131781,AX FSE T1,BRAIN ARRAY COIL/4,HEAD,glioma,collection_level_icdc_glioma,data/processed/D3B_icdc_glioma_selected_slices/GLIOMA01-i_607E/GLIOMA01-i_607E__111792131781__central02_idx0012.png,data/raw/D3B_icdc_glioma/1.3.6.1.4.1.14519.5.2.1.306624957209322479359954530111792131781/1-13.dcm,2,12,26,0,glioma,0.9502442479133606,0.9502442479133606,0.2247915065337936,3.793478965759277,0.9502442479133606,-0.9354591369628906,0.0083962138742208,0.6365637183189392,0.0404393710196018,-3.1463394165039062,0.0009202597429975,0.9502441606463756,0.9068839955125538,0.00839621374892019,0.019636368636008563,0.04043936595377151,0.07020716311452593,0.0009202596509326621,0.003272472736911467,0,glioma,0.9502441606463756,0.22479157713670864,0,glioma,0.9068839955125538,0.3710351486684378
D3B_icdc_glioma,GLIOMA01-i_607E,1.3.6.1.4.1.14519.5.2.1.225257061635076869524524609393333127594,1.3.6.1.4.1.14519.5.2.1.306624957209322479359954530111792131781,AX FSE T1,BRAIN ARRAY COIL/4,HEAD,glioma,collection_level_icdc_glioma,data/processed/D3B_icdc_glioma_selected_slices/GLIOMA01-i_607E/GLIOMA01-i_607E__111792131781__central03_idx0013.png,data/raw/D3B_icdc_glioma/1.3.6.1.4.1.14519.5.2.1.306624957209322479359954530111792131781/1-14.dcm,3,13,26,0,glioma,0.9551663398742676,0.9551663398742676,0.2032072580790471,3.9272267818450928,0.9551663398742676,-1.3852753639221191,0.0047085667029023,0.7288992404937744,0.038999855518341,-2.8166003227233887,0.0011253100819885,0.9551662712949195,0.9152620579925586,0.004708565446998368,0.01234957916745962,0.03899985351288373,0.06851708159009205,0.0011253097451983868,0.0038712812498897554,0,glioma,0.9551662712949195,0.20320731158842184,0,glioma,0.9152620579925586,0.3404810298883921
D3B_icdc_glioma,GLIOMA01-i_607E,1.3.6.1.4.1.14519.5.2.1.225257061635076869524524609393333127594,1.3.6.1.4.1.14519.5.2.1.306624957209322479359954530111792131781,AX FSE T1,BRAIN ARRAY COIL/4,HEAD,glioma,collection_level_icdc_glioma,data/processed/D3B_icdc_glioma_selected_slices/GLIOMA01-i_607E/GLIOMA01-i_607E__111792131781__central04_idx0014.png,data/raw/D3B_icdc_glioma/1.3.6.1.4.1.14519.5.2.1.306624957209322479359954530111792131781/1-15.dcm,4,14,26,0,glioma,0.874760091304779,0.874760091304779,0.4835471959937543,2.748490333557129,0.874760091304779,0.1433717757463455,0.0646398514509201,-0.0254069007933139,0.0546010173857212,-2.2338521480560303,0.0059990845620632,0.8747600549512073,0.8036635231334774,0.06463984834278644,0.0973027730924545,0.05460101058641589,0.08486303065705904,0.005999086119590283,0.014170673117009138,0,glioma,0.8747600549512073,0.48354721551816293,0,glioma,0.8036635231334774,0.67202054011707
D3B_icdc_glioma,GLIOMA01-i_607E,1.3.6.1.4.1.14519.5.2.1.225257061635076869524524609393333127594,1.3.6.1.4.1.14519.5.2.1.306624957209322479359954530111792131781,AX FSE T1,BRAIN ARRAY COIL/4,HEAD,glioma,collection_level_icdc_glioma,data/processed/D3B_icdc_glioma_selected_slices/GLIOMA01-i_607E/GLIOMA01-i_607E__111792131781__central05_idx0015.png,data/raw/D3B_icdc_glioma/1.3.6.1.4.1.14519.5.2.1.306624957209322479359954530111792131781/1-16.dcm,5,15,26,0,glioma,0.9465280771255492,0.9465280771255492,0.246735897096334,3.549065351486206,0.9465280771255492,-0.5475359559059143,0.0157399047166109,0.2912011742591858,0.0364133827388286,-3.0271832942962646,0.0013185755815356,0.9465281286041302,0.8990164006500644,0.01573990773825785,0.03249726525941505,0.03641338808408874,0.06413060252287534,0.0013185755735233586,0.004355731567645196,0,glioma,0.9465281286041302,0.24673587028712757,0,glioma,0.8990164006500644,0.40689399641134394
D3B_icdc_glioma,GLIOMA01-i_B023,1.3.6.1.4.1.14519.5.2.1.15975872366833990003685019916291150527,1.3.6.1.4.1.14519.5.2.1.317090003371004067547517013110583858701,FSPGR 3D,BRAIN KNEE COIL/8,HEAD,glioma,collection_level_icdc_glioma,data/processed/D3B_icdc_glioma_selected_slices/GLIOMA01-i_B023/GLIOMA01-i_B023__110583858701__central01_idx0064.png,data/raw/D3B_icdc_glioma/1.3.6.1.4.1.14519.5.2.1.317090003371004067547517013110583858701/1-065.dcm,1,64,132,2,notumor,0.8346009850502014,0.1544117182493209,0.4947605720386215,1.522718906402588,0.1544117182493209,-1.3731571435928345,0.0085313422605395,3.210050106048584,0.8346009850502014,-2.618384838104248,0.0024559628218412,0.1544117196924865,0.1977798696010464,0.008531340406762187,0.0189187435750074,0.8346009772693361,0.7764053856100778,0.0024559626314151622,0.006896001213868444,2,notumor,0.8346009772693361,0.4947605717340303,2,notumor,0.7764053856100778,0.6263973984349788
D3B_icdc_glioma,GLIOMA01-i_B023,1.3.6.1.4.1.14519.5.2.1.15975872366833990003685019916291150527,1.3.6.1.4.1.14519.5.2.1.317090003371004067547517013110583858701,FSPGR 3D,BRAIN KNEE COIL/8,HEAD,glioma,collection_level_icdc_glioma,data/processed/D3B_icdc_glioma_selected_slices/GLIOMA01-i_B023/GLIOMA01-i_B023__110583858701__central02_idx0065.png,data/raw/D3B_icdc_glioma/1.3.6.1.4.1.14519.5.2.1.317090003371004067547517013110583858701/1-066.dcm,2,65,132,2,notumor,0.8028076887130737,0.1865973025560379,0.5431085249406563,1.7010740041732788,0.1865973025560379,-1.3939430713653564,0.008448053151369,3.160236358642578,0.8028076887130737,-2.7638251781463623,0.0021469611674547,0.1865973029203153,0.22877763388984457,0.008448050958515075,0.018622164367689775,0.802807684480655,0.7464645689162192,0.002146961640514722,0.006135632826246458,2,notumor,0.802807684480655,0.5431085226485832,2,notumor,0.7464645689162192,0.6611519610716761
D3B_icdc_glioma,GLIOMA01-i_B023,1.3.6.1.4.1.14519.5.2.1.15975872366833990003685019916291150527,1.3.6.1.4.1.14519.5.2.1.317090003371004067547517013110583858701,FSPGR 3D,BRAIN KNEE COIL/8,HEAD,glioma,collection_level_icdc_glioma,data/processed/D3B_icdc_glioma_selected_slices/GLIOMA01-i_B023/GLIOMA01-i_B023__110583858701__central03_idx0066.png,data/raw/D3B_icdc_glioma/1.3.6.1.4.1.14519.5.2.1.317090003371004067547517013110583858701/1-067.dcm,3,66,132,2,notumor,0.82857346534729,0.1413825303316116,0.5469216958408712,1.149524450302124,0.1413825303316116,-0.4956217408180237,0.0272846166044473,2.9177608489990234,0.82857346534729,-2.7869436740875244,0.002759366761893,0.14138252285287833,0.1819376113164069,0.02728461401022122,0.047958357990313914,0.8285734969231066,0.7626160394006938,0.002759366213793829,0.0074879912925853165,2,notumor,0.8285734969231066,0.5469216536206524,2,notumor,0.7626160394006938,0.6990271455480138
D3B_icdc_glioma,GLIOMA01-i_B023,1.3.6.1.4.1.14519.5.2.1.15975872366833990003685019916291150527,1.3.6.1.4.1.14519.5.2.1.317090003371004067547517013110583858701,FSPGR 3D,BRAIN KNEE COIL/8,HEAD,glioma,collection_level_icdc_glioma,data/processed/D3B_icdc_glioma_selected_slices/GLIOMA01-i_B023/GLIOMA01-i_B023__110583858701__central04_idx0067.png,data/raw/D3B_icdc_glioma/1.3.6.1.4.1.14519.5.2.1.317090003371004067547517013110583858701/1-068.dcm,4,67,132,2,notumor,0.8525141477584839,0.1270289421081543,0.4852338132772459,1.228239893913269,0.1270289421081543,-0.7264107465744019,0.0179890673607587,3.132014751434326,0.8525141477584839,-2.712815046310425,0.0024678818881511,0.12702893653784014,0.1687921812529821,0.017989068480509626,0.034622213988424154,0.8525141137858592,0.7896644158794361,0.0024678811957909792,0.006921188879157589,2,notumor,0.8525141137858592,0.48523383582042623,2,notumor,0.7896644158794361,0.637636762893582
D3B_icdc_glioma,GLIOMA01-i_B023,1.3.6.1.4.1.14519.5.2.1.15975872366833990003685019916291150527,1.3.6.1.4.1.14519.5.2.1.317090003371004067547517013110583858701,FSPGR 3D,BRAIN KNEE COIL/8,HEAD,glioma,collection_level_icdc_glioma,data/processed/D3B_icdc_glioma_selected_slices/GLIOMA01-i_B023/GLIOMA01-i_B023__110583858701__central05_idx0068.png,data/raw/D3B_icdc_glioma/1.3.6.1.4.1.14519.5.2.1.317090003371004067547517013110583858701/1-069.dcm,5,68,132,2,notumor,0.885812520980835,0.1031234487891197,0.3971895619781523,1.2088645696640017,0.1031234487891197,-1.2579412460327148,0.0087505877017974,3.359443187713623,0.885812520980835,-2.5883350372314453,0.002313420176506,0.1031234423620483,0.14501637291339686,0.008750588230703446,0.019640443344376615,0.8858125489812284,0.8286615974454551,0.002313420426019845,0.006681586296771404,2,notumor,0.8858125489812284,0.3971895324408507,2,notumor,0.8286615974454551,0.5464090812858178
D3B_icdc_glioma,GLIOMA01-i_63FE,1.3.6.1.4.1.14519.5.2.1.268122105092414152433318447645908388078,1.3.6.1.4.1.14519.5.2.1.321083631867174200131833288604644381133,MP RAGE FS +C,MP RAGE FS +C,HEAD,glioma,collection_level_icdc_glioma,data/processed/D3B_icdc_glioma_selected_slices/GLIOMA01-i_63FE/GLIOMA01-i_63FE__604644381133__central01_idx0126.png,data/raw/D3B_icdc_glioma/1.3.6.1.4.1.14519.5.2.1.321083631867174200131833288604644381133/1-127.dcm,1,126,256,0,glioma,0.91913640499115,0.91913640499115,0.3146993366517836,3.5986714363098145,0.91913640499115,-0.9076932072639464,0.0101458998396992,1.02592933177948,0.0701539739966392,-3.7980263233184814,0.0005636828718706,0.9191364392589461,0.8675150771608445,0.010145902533272699,0.022497166683494527,0.07015397517460309,0.10782608796799524,0.0005636830331781427,0.002161668187665854,0,glioma,0.9191364392589461,0.3146993179426444,0,glioma,0.8675150771608445,0.46207579025008216
D3B_icdc_glioma,GLIOMA01-i_63FE,1.3.6.1.4.1.14519.5.2.1.268122105092414152433318447645908388078,1.3.6.1.4.1.14519.5.2.1.321083631867174200131833288604644381133,MP RAGE FS +C,MP RAGE FS +C,HEAD,glioma,collection_level_icdc_glioma,data/processed/D3B_icdc_glioma_selected_slices/GLIOMA01-i_63FE/GLIOMA01-i_63FE__604644381133__central02_idx0127.png,data/raw/D3B_icdc_glioma/1.3.6.1.4.1.14519.5.2.1.321083631867174200131833288604644381133/1-128.dcm,2,127,256,0,glioma,0.9006888270378113,0.9006888270378113,0.3678727119864144,3.55102014541626,0.9006888270378113,-0.5723363757133484,0.0145822279155254,1.1818338632583618,0.0842655748128891,-4.021410465240479,0.0004633508506231,0.9006888369730168,0.8445091259238727,0.014582225038091206,0.02987213433995982,0.08426558715241389,0.12379374364846674,0.00046335083647809525,0.0018249960877008617,0,glioma,0.9006888369730168,0.3678727118934873,0,glioma,0.8445091259238727,0.51772880071362
D3B_icdc_glioma,GLIOMA01-i_63FE,1.3.6.1.4.1.14519.5.2.1.268122105092414152433318447645908388078,1.3.6.1.4.1.14519.5.2.1.321083631867174200131833288604644381133,MP RAGE FS +C,MP RAGE FS +C,HEAD,glioma,collection_level_icdc_glioma,data/processed/D3B_icdc_glioma_selected_slices/GLIOMA01-i_63FE/GLIOMA01-i_63FE__604644381133__central03_idx0128.png,data/raw/D3B_icdc_glioma/1.3.6.1.4.1.14519.5.2.1.321083631867174200131833288604644381133/1-129.dcm,3,128,256,0,glioma,0.9706692099571228,0.9706692099571228,0.1454150368129327,4.459099292755127,0.9706692099571228,-1.0243875980377195,0.0040329522453248,0.803097665309906,0.0250778310000896,-3.933011293411255,0.0002200005837948,0.970669218062705,0.9393906609435082,0.004032952985413607,0.01103493465826434,0.025077828314847013,0.04852970088028218,0.00022000063703447813,0.0010447035179454527,0,glioma,0.970669218062705,0.14541502547205107,0,glioma,0.9393906609435082,0.26246666381884626
D3B_icdc_glioma,GLIOMA01-i_63FE,1.3.6.1.4.1.14519.5.2.1.268122105092414152433318447645908388078,1.3.6.1.4.1.14519.5.2.1.321083631867174200131833288604644381133,MP RAGE FS +C,MP RAGE FS +C,HEAD,glioma,collection_level_icdc_glioma,data/processed/D3B_icdc_glioma_selected_slices/GLIOMA01-i_63FE/GLIOMA01-i_63FE__604644381133__central04_idx0129.png,data/raw/D3B_icdc_glioma/1.3.6.1.4.1.14519.5.2.1.321083631867174200131833288604644381133/1-130.dcm,4,129,256,0,glioma,0.9748774766921996,0.9748774766921996,0.1355475234633109,4.424263954162598,0.9748774766921996,-0.0273944698274135,0.0113663077354431,0.1514078378677368,0.0135916490107774,-4.262162208557129,0.0001646201853873,0.9748774244005208,0.9440013936500878,0.011366305495658343,0.02559050833218369,0.013591649927142376,0.029581058380291684,0.000164620176678337,0.000827039637436658,0,glioma,0.9748774244005208,0.13554756959182984,0,glioma,0.9440013936500878,0.25821718254996395
D3B_icdc_glioma,GLIOMA01-i_63FE,1.3.6.1.4.1.14519.5.2.1.268122105092414152433318447645908388078,1.3.6.1.4.1.14519.5.2.1.321083631867174200131833288604644381133,MP RAGE FS +C,MP RAGE FS +C,HEAD,glioma,collection_level_icdc_glioma,data/processed/D3B_icdc_glioma_selected_slices/GLIOMA01-i_63FE/GLIOMA01-i_63FE__604644381133__central05_idx0130.png,data/raw/D3B_icdc_glioma/1.3.6.1.4.1.14519.5.2.1.321083631867174200131833288604644381133/1-131.dcm,5,130,256,0,glioma,0.983112633228302,0.983112633228302,0.0949794798616412,4.670909881591797,0.983112633228302,0.3768360316753387,0.0134187052026391,-1.032642126083374,0.0032777965534478,-3.8755929470062256,0.0001909431739477,0.9831125528123963,0.9600514221087493,0.013418706796145747,0.029571091514393855,0.0032777971796849594,0.009435383418261858,0.0001909432117728743,0.0009421029585949142,0,glioma,0.9831125528123963,0.09497956742649853,0,glioma,0.9600514221087493,0.19382228163260784
D3B_icdc_glioma,GLIOMA01-i_6B06,1.3.6.1.4.1.14519.5.2.1.241559876656285616590145262926108179030,1.3.6.1.4.1.14519.5.2.1.32113195686616053137284503358780862941,O-Ax T1-POST,BRAIN NVARRAY/,HEAD,glioma,collection_level_icdc_glioma,data/processed/D3B_icdc_glioma_selected_slices/GLIOMA01-i_6B06/GLIOMA01-i_6B06__358780862941__central01_idx0011.png,data/raw/D3B_icdc_glioma/1.3.6.1.4.1.14519.5.2.1.32113195686616053137284503358780862941/1-12.dcm,1,11,26,0,glioma,0.91420978307724,0.91420978307724,0.3076282402044514,4.361196517944336,0.91420978307724,-1.3584731817245483,0.0029993338976055,1.9559311866760252,0.0824997127056121,-3.690874099731445,0.0002911226765718,0.9142098319297269,0.866905833629692,0.002999334470385158,0.008409378138727896,0.08249971091326772,0.12341478175615053,0.000291122686620203,0.0012700064754294273,0,glioma,0.9142098319297269,0.30762819588078255,0,glioma,0.866905833629692,0.43067747616975727
D3B_icdc_glioma,GLIOMA01-i_6B06,1.3.6.1.4.1.14519.5.2.1.241559876656285616590145262926108179030,1.3.6.1.4.1.14519.5.2.1.32113195686616053137284503358780862941,O-Ax T1-POST,BRAIN NVARRAY/,HEAD,glioma,collection_level_icdc_glioma,data/processed/D3B_icdc_glioma_selected_slices/GLIOMA01-i_6B06/GLIOMA01-i_6B06__358780862941__central02_idx0012.png,data/raw/D3B_icdc_glioma/1.3.6.1.4.1.14519.5.2.1.32113195686616053137284503358780862941/1-13.dcm,2,12,26,0,glioma,0.9693627953529358,0.9693627953529358,0.1587004086365397,4.577025413513184,0.9693627953529358,0.3407414853572845,0.0140181817114353,0.5047399401664734,0.0165163911879062,-4.575982570648193,0.0001026563259074,0.9693627709896327,0.9348015387744426,0.014018179042705985,0.03017401918943726,0.01651639369864949,0.0344633349622537,0.00010265626901166941,0.0005611070738663299,0,glioma,0.9693627709896327,0.15870043084814228,0,glioma,0.9348015387744426,0.28892558988511613
D3B_icdc_glioma,GLIOMA01-i_6B06,1.3.6.1.4.1.14519.5.2.1.241559876656285616590145262926108179030,1.3.6.1.4.1.14519.5.2.1.32113195686616053137284503358780862941,O-Ax T1-POST,BRAIN NVARRAY/,HEAD,glioma,collection_level_icdc_glioma,data/processed/D3B_icdc_glioma_selected_slices/GLIOMA01-i_6B06/GLIOMA01-i_6B06__358780862941__central03_idx0013.png,data/raw/D3B_icdc_glioma/1.3.6.1.4.1.14519.5.2.1.32113195686616053137284503358780862941/1-14.dcm,3,13,26,0,glioma,0.5397881269454956,0.5397881269454956,0.7673981482678992,2.9202144145965576,0.5397881269454956,2.720942974090576,0.4422632455825805,-0.5013288259506226,0.0176305584609508,-4.516421794891357,0.0003180777712259,0.5397881286338984,0.5219890042565729,0.4422632387925355,0.4441419941849225,0.017630554846490523,0.03260974034181825,0.00031807772707572867,0.001259261216686248,0,glioma,0.5397881286338984,0.7673981375783449,0,glioma,0.5219890042565729,0.8198563549436461
D3B_icdc_glioma,GLIOMA01-i_6B06,1.3.6.1.4.1.14519.5.2.1.241559876656285616590145262926108179030,1.3.6.1.4.1.14519.5.2.1.32113195686616053137284503358780862941,O-Ax T1-POST,BRAIN NVARRAY/,HEAD,glioma,collection_level_icdc_glioma,data/processed/D3B_icdc_glioma_selected_slices/GLIOMA01-i_6B06/GLIOMA01-i_6B06__358780862941__central04_idx0014.png,data/raw/D3B_icdc_glioma/1.3.6.1.4.1.14519.5.2.1.32113195686616053137284503358780862941/1-15.dcm,4,14,26,0,glioma,0.927265465259552,0.927265465259552,0.2982597061056084,4.002180576324463,0.927265465259552,1.2324730157852173,0.0581213012337684,-0.1628707647323608,0.0143994269892573,-4.37252950668335,0.0002138521958841,0.9272654152574614,0.8762098219787646,0.058121304325944,0.09283827835207493,0.014399428234835,0.02996362068267314,0.0002138521817596506,0.0009882789864873631,0,glioma,0.9272654152574614,0.29825976196867143,0,glioma,0.8762098219787646,0.4484017841389379
D3B_icdc_glioma,GLIOMA01-i_6B06,1.3.6.1.4.1.14519.5.2.1.241559876656285616590145262926108179030,1.3.6.1.4.1.14519.5.2.1.32113195686616053137284503358780862941,O-Ax T1-POST,BRAIN NVARRAY/,HEAD,glioma,collection_level_icdc_glioma,data/processed/D3B_icdc_glioma_selected_slices/GLIOMA01-i_6B06/GLIOMA01-i_6B06__358780862941__central05_idx0015.png,data/raw/D3B_icdc_glioma/1.3.6.1.4.1.14519.5.2.1.32113195686616053137284503358780862941/1-16.dcm,5,15,26,0,glioma,0.5438830256462097,0.5438830256462097,0.7426092150418668,3.194570541381836,0.5438830256462097,-0.7468475699424744,0.0105625633150339,2.99428939819336,0.4451685845851898,-4.056488513946533,0.0003858429554384,0.5438830156277452,0.5279929274091448,0.010562564166547462,0.02164355778777445,0.4451685772629633,0.44888303671813096,0.0003858429427440705,0.001480478084949691,0,glioma,0.5438830156277452,0.7426092232913702,0,glioma,0.5279929274091448,0.7893733164922128
D3B_icdc_glioma,GLIOMA01-i_95FC,1.3.6.1.4.1.14519.5.2.1.32607098121563258959209747383281107696,1.3.6.1.4.1.14519.5.2.1.328926962979706136389170255320442389748,T1 FS TRANS +C,T1 FS TRANS +C,HEAD,glioma,collection_level_icdc_glioma,data/processed/D3B_icdc_glioma_selected_slices/GLIOMA01-i_95FC/GLIOMA01-i_95FC__320442389748__central01_idx0020.png,data/raw/D3B_icdc_glioma/1.3.6.1.4.1.14519.5.2.1.328926962979706136389170255320442389748/1-21.dcm,1,20,45,2,notumor,0.9900572896003724,0.0085075013339519,0.0603179646509312,0.5510011911392212,0.0085075013339519,-1.3372180461883545,0.0012875342508777,5.3078155517578125,0.9900572896003724,-3.5026113986968994,0.0001476864563301,0.008507502623742908,0.020621497874940917,0.0012875345632894892,0.004463805148579741,0.9900572764102822,0.9741428511368551,0.00014768640268525467,0.000771845839624375,2,notumor,0.9900572764102822,0.06031798391478418,2,notumor,0.9741428511368551,0.13524927333990197
D3B_icdc_glioma,GLIOMA01-i_95FC,1.3.6.1.4.1.14519.5.2.1.32607098121563258959209747383281107696,1.3.6.1.4.1.14519.5.2.1.328926962979706136389170255320442389748,T1 FS TRANS +C,T1 FS TRANS +C,HEAD,glioma,collection_level_icdc_glioma,data/processed/D3B_icdc_glioma_selected_slices/GLIOMA01-i_95FC/GLIOMA01-i_95FC__320442389748__central02_idx0021.png,data/raw/D3B_icdc_glioma/1.3.6.1.4.1.14519.5.2.1.328926962979706136389170255320442389748/1-22.dcm,2,21,45,2,notumor,0.9957250356674194,0.0039600348100066,0.0289026424206534,0.4532947540283203,0.0039600348100066,-2.439446926116944,0.0002194811531808,5.980513095855713,0.9957250356674194,-3.272933006286621,9.537149890093131e-05,0.003960035088151793,0.011192593484859112,0.00021948117916333583,0.0010733569429491143,0.9957251121742361,0.9871878216102274,9.537155844893452e-05,0.0005462279619642326,2,notumor,0.9957251121742361,0.028902568186646257,2,notumor,0.9871878216102274,0.07445453607988392
D3B_icdc_glioma,GLIOMA01-i_95FC,1.3.6.1.4.1.14519.5.2.1.32607098121563258959209747383281107696,1.3.6.1.4.1.14519.5.2.1.328926962979706136389170255320442389748,T1 FS TRANS +C,T1 FS TRANS +C,HEAD,glioma,collection_level_icdc_glioma,data/processed/D3B_icdc_glioma_selected_slices/GLIOMA01-i_95FC/GLIOMA01-i_95FC__320442389748__central03_idx0022.png,data/raw/D3B_icdc_glioma/1.3.6.1.4.1.14519.5.2.1.328926962979706136389170255320442389748/1-23.dcm,3,22,45,2,notumor,0.9979021549224854,0.0019153542816638,0.0157784126936436,0.1512665152549743,0.0019153542816638,-2.814990997314453,9.863250306807458e-05,6.407019138336182,0.9979021549224854,-2.977487802505493,8.383941894862801e-05,0.0019153543145385657,0.006236234304817551,9.863245765468874e-05,0.0005634557008399555,0.9979021737839312,0.992706381377568,8.383944387553929e-05,0.0004939286167747178,2,notumor,0.9979021737839312,0.015778393880225325,2,notumor,0.992706381377568,0.04690646625363909
D3B_icdc_glioma,GLIOMA01-i_95FC,1.3.6.1.4.1.14519.5.2.1.32607098121563258959209747383281107696,1.3.6.1.4.1.14519.5.2.1.328926962979706136389170255320442389748,T1 FS TRANS +C,T1 FS TRANS +C,HEAD,glioma,collection_level_icdc_glioma,data/processed/D3B_icdc_glioma_selected_slices/GLIOMA01-i_95FC/GLIOMA01-i_95FC__320442389748__central04_idx0023.png,data/raw/D3B_icdc_glioma/1.3.6.1.4.1.14519.5.2.1.328926962979706136389170255320442389748/1-24.dcm,4,23,45,2,notumor,0.9915435314178468,0.0073544741608202,0.0527166220133889,0.166862204670906,0.0073544741608202,-2.071529626846313,0.0007842067279852,5.070816040039063,0.9915435314178468,-2.9746789932250977,0.0003178320184815,0.00735447499543655,0.018360909480793115,0.0007842065312198942,0.002992440612739694,0.9915434864381708,0.9772074032438148,0.0003178320351728776,0.0014392466626523693,2,notumor,0.9915434864381708,0.05271666878393686,2,notumor,0.9772074032438148,0.1227381314338033
D3B_icdc_glioma,GLIOMA01-i_95FC,1.3.6.1.4.1.14519.5.2.1.32607098121563258959209747383281107696,1.3.6.1.4.1.14519.5.2.1.328926962979706136389170255320442389748,T1 FS TRANS +C,T1 FS TRANS +C,HEAD,glioma,collection_level_icdc_glioma,data/processed/D3B_icdc_glioma_selected_slices/GLIOMA01-i_95FC/GLIOMA01-i_95FC__320442389748__central05_idx0024.png,data/raw/D3B_icdc_glioma/1.3.6.1.4.1.14519.5.2.1.328926962979706136389170255320442389748/1-25.dcm,5,24,45,2,notumor,0.9981290698051452,0.0014233635738492,0.0149397027717814,-0.6088067293167114,0.0014233635738492,-2.193638563156128,0.0002917643287219,5.9440531730651855,0.9981290698051452,-2.820984125137329,0.0001558042567921,0.0014233634423804905,0.004902773487535845,0.00029176425706862135,0.0013571038402032656,0.9981290680250332,0.9929239160186333,0.0001558042755177232,0.0008162066536276463,2,notumor,0.9981290680250332,0.014939703452152737,2,notumor,0.9929239160186333,0.04788777715602018
D3B_icdc_glioma,GLIOMA01-i_D732,1.3.6.1.4.1.14519.5.2.1.335715158217205186181304599894479668501,1.3.6.1.4.1.14519.5.2.1.337844480109732035358856530488685359157,BRAIN/T1_TRANS,,HEAD,glioma,collection_level_icdc_glioma,data/processed/D3B_icdc_glioma_selected_slices/GLIOMA01-i_D732/GLIOMA01-i_D732__488685359157__central01_idx0010.png,data/raw/D3B_icdc_glioma/1.3.6.1.4.1.14519.5.2.1.337844480109732035358856530488685359157/1-11.dcm,1,10,24,0,glioma,0.9349417686462402,0.9349417686462402,0.2952542733517992,3.014489889144897,0.9349417686462402,-1.310154676437378,0.0123769976198673,-0.0329995788633823,0.0443891435861587,-1.710690975189209,0.0082921031862497,0.9349417649166613,0.8800016350431229,0.012376997112412023,0.026442107440131937,0.04438913693287339,0.07444385030762515,0.008292101038053112,0.019112407209119935,0,glioma,0.9349417649166613,0.2952542528922034,0,glioma,0.8800016350431229,0.4775700839409762
D3B_icdc_glioma,GLIOMA01-i_D732,1.3.6.1.4.1.14519.5.2.1.335715158217205186181304599894479668501,1.3.6.1.4.1.14519.5.2.1.337844480109732035358856530488685359157,BRAIN/T1_TRANS,,HEAD,glioma,collection_level_icdc_glioma,data/processed/D3B_icdc_glioma_selected_slices/GLIOMA01-i_D732/GLIOMA01-i_D732__488685359157__central02_idx0011.png,data/raw/D3B_icdc_glioma/1.3.6.1.4.1.14519.5.2.1.337844480109732035358856530488685359157/1-12.dcm,2,11,24,0,glioma,0.9861822128295898,0.9861822128295898,0.0818161657717262,4.359932899475098,0.9861822128295898,-2.232416868209839,0.0013518732739612,-0.135561391711235,0.0110049685463309,-2.154883623123169,0.0014608594356104,0.9861822979339967,0.9652166120047809,0.0013518735649123601,0.004615842817463506,0.011004969380735353,0.02525234572723206,0.0014608591203554909,0.004915199450523696,0,glioma,0.9861822979339967,0.0818160846679252,0,glioma,0.9652166120047809,0.17802212211432994
D3B_icdc_glioma,GLIOMA01-i_D732,1.3.6.1.4.1.14519.5.2.1.335715158217205186181304599894479668501,1.3.6.1.4.1.14519.5.2.1.337844480109732035358856530488685359157,BRAIN/T1_TRANS,,HEAD,glioma,collection_level_icdc_glioma,data/processed/D3B_icdc_glioma_selected_slices/GLIOMA01-i_D732/GLIOMA01-i_D732__488685359157__central03_idx0012.png,data/raw/D3B_icdc_glioma/1.3.6.1.4.1.14519.5.2.1.337844480109732035358856530488685359157/1-13.dcm,3,12,24,2,notumor,0.5877223610877991,0.4034128487110138,0.726102452074121,2.273737668991089,0.4034128487110138,-1.9440336227416992,0.0059428513050079,2.650031805038452,0.5877223610877991,-2.653969049453736,0.0029219577554613,0.4034128525431126,0.4153194305574284,0.005942852243633386,0.01360855669736428,0.5877223377169927,0.5634172954392931,0.0029219574962613304,0.007654717305914238,2,notumor,0.5877223377169927,0.7261024652889888,2,notumor,0.5634172954392931,0.7839701364174659
D3B_icdc_glioma,GLIOMA01-i_D732,1.3.6.1.4.1.14519.5.2.1.335715158217205186181304599894479668501,1.3.6.1.4.1.14519.5.2.1.337844480109732035358856530488685359157,BRAIN/T1_TRANS,,HEAD,glioma,collection_level_icdc_glioma,data/processed/D3B_icdc_glioma_selected_slices/GLIOMA01-i_D732/GLIOMA01-i_D732__488685359157__central04_idx0013.png,data/raw/D3B_icdc_glioma/1.3.6.1.4.1.14519.5.2.1.337844480109732035358856530488685359157/1-14.dcm,4,13,24,0,glioma,0.6523458361625671,0.6523458361625671,0.6559976076720848,3.739175319671631,0.6523458361625671,-2.639754295349121,0.0011069907341152,3.1056997776031494,0.3462286591529846,-3.885555505752564,0.0003184925881214,0.6523458769022347,0.6225841143064742,0.001106990743933244,0.0035395156404376756,0.34622863971560036,0.37258679385648646,0.00031849263823173593,0.0012895761966018303,0,glioma,0.6523458769022347,0.6559975835669908,0,glioma,0.6225841143064742,0.6914337709042736
D3B_icdc_glioma,GLIOMA01-i_D732,1.3.6.1.4.1.14519.5.2.1.335715158217205186181304599894479668501,1.3.6.1.4.1.14519.5.2.1.337844480109732035358856530488685359157,BRAIN/T1_TRANS,,HEAD,glioma,collection_level_icdc_glioma,data/processed/D3B_icdc_glioma_selected_slices/GLIOMA01-i_D732/GLIOMA01-i_D732__488685359157__central05_idx0014.png,data/raw/D3B_icdc_glioma/1.3.6.1.4.1.14519.5.2.1.337844480109732035358856530488685359157/1-15.dcm,5,14,24,0,glioma,0.7223673462867737,0.7223673462867737,0.6025237261644704,3.6875863075256343,0.7223673462867737,-2.7886691093444824,0.0011121314018964,2.7249915599823,0.2758725881576538,-3.3288934230804443,0.0006479474832303,0.7223673507649275,0.6816709907119715,0.0011121314382441464,0.003581491290851971,0.2758725705045617,0.3124359010594888,0.000647947292266625,0.002311616937687685,0,glioma,0.7223673507649275,0.6025237170616976,0,glioma,0.6816709907119715,0.6588979909928877
D3B_icdc_glioma,GLIOMA01-i_5CE5,1.3.6.1.4.1.14519.5.2.1.324883944824750333580564872603998887234,1.3.6.1.4.1.14519.5.2.1.34731033828785369140030954328661790126,Ax 3DT1 SPGR S,CED Post/,HEAD,glioma,collection_level_icdc_glioma,data/processed/D3B_icdc_glioma_selected_slices/GLIOMA01-i_5CE5/GLIOMA01-i_5CE5__328661790126__central01_idx0035.png,data/raw/D3B_icdc_glioma/1.3.6.1.4.1.14519.5.2.1.34731033828785369140030954328661790126/1-36.dcm,1,35,74,0,glioma,0.6832429766654968,0.6832429766654968,0.835744056938464,2.6450300216674805,0.6832429766654968,0.8460365533828735,0.1130530461668968,1.4311704635620115,0.2029563784599304,-4.172669887542725,0.0007476282771676,0.6832429732625457,0.6208971579545748,0.11305303808571283,0.14448087359658565,0.2029563603660136,0.23214838136862792,0.0007476282857278121,0.002473587080211602,0,glioma,0.6832429732625457,0.8357440388016868,0,glioma,0.6208971579545748,0.9292983337202391
D3B_icdc_glioma,GLIOMA01-i_5CE5,1.3.6.1.4.1.14519.5.2.1.324883944824750333580564872603998887234,1.3.6.1.4.1.14519.5.2.1.34731033828785369140030954328661790126,Ax 3DT1 SPGR S,CED Post/,HEAD,glioma,collection_level_icdc_glioma,data/processed/D3B_icdc_glioma_selected_slices/GLIOMA01-i_5CE5/GLIOMA01-i_5CE5__328661790126__central02_idx0036.png,data/raw/D3B_icdc_glioma/1.3.6.1.4.1.14519.5.2.1.34731033828785369140030954328661790126/1-37.dcm,2,36,74,0,glioma,0.6624155640602112,0.6624155640602112,0.8639433508953678,2.550593376159668,0.6624155640602112,1.4470994472503662,0.2197299152612686,0.8149477243423462,0.1167748123407363,-3.8686137199401855,0.001079702982679,0.6624155586239175,0.6026509663234295,0.21972992138885397,0.24640999187363985,0.11677481699625547,0.14762288697440396,0.0010797029909730372,0.003316154828526685,0,glioma,0.6624155586239175,0.8639433626411541,0,glioma,0.6026509663234295,0.9517018977471999
D3B_icdc_glioma,GLIOMA01-i_5CE5,1.3.6.1.4.1.14519.5.2.1.324883944824750333580564872603998887234,1.3.6.1.4.1.14519.5.2.1.34731033828785369140030954328661790126,Ax 3DT1 SPGR S,CED Post/,HEAD,glioma,collection_level_icdc_glioma,data/processed/D3B_icdc_glioma_selected_slices/GLIOMA01-i_5CE5/GLIOMA01-i_5CE5__328661790126__central03_idx0037.png,data/raw/D3B_icdc_glioma/1.3.6.1.4.1.14519.5.2.1.34731033828785369140030954328661790126/1-38.dcm,3,37,74,0,glioma,0.8226619958877563,0.8226619958877563,0.557325615429431,3.237034320831299,0.8226619958877563,0.03112768009305,0.0333360284566879,1.4896239042282104,0.1433278918266296,-3.869858980178833,0.0006741193355992,0.8226619601902407,0.757469587062631,0.03333602801831589,0.056357394648396834,0.14332789231947815,0.1837858529072977,0.0006741194719650255,0.0023871653816744686,0,glioma,0.8226619601902407,0.5573256444298168,0,glioma,0.757469587062631,0.6982331516482935
D3B_icdc_glioma,GLIOMA01-i_5CE5,1.3.6.1.4.1.14519.5.2.1.324883944824750333580564872603998887234,1.3.6.1.4.1.14519.5.2.1.34731033828785369140030954328661790126,Ax 3DT1 SPGR S,CED Post/,HEAD,glioma,collection_level_icdc_glioma,data/processed/D3B_icdc_glioma_selected_slices/GLIOMA01-i_5CE5/GLIOMA01-i_5CE5__328661790126__central04_idx0038.png,data/raw/D3B_icdc_glioma/1.3.6.1.4.1.14519.5.2.1.34731033828785369140030954328661790126/1-39.dcm,4,38,74,0,glioma,0.8535500764846802,0.8535500764846802,0.5179350781945117,3.1432385444641118,0.8535500764846802,0.3855144083499908,0.0541457831859588,0.909389078617096,0.0914282649755477,-3.738664388656616,0.0008759042248129,0.8535500474191071,0.7847135730281415,0.0541457801910758,0.0839552865925985,0.09142826836498234,0.1283634367301194,0.0008759040248348151,0.002967703649140565,0,glioma,0.8535500474191071,0.5179351004299524,0,glioma,0.7847135730281415,0.6790279083381391
D3B_icdc_glioma,GLIOMA01-i_5CE5,1.3.6.1.4.1.14519.5.2.1.324883944824750333580564872603998887234,1.3.6.1.4.1.14519.5.2.1.34731033828785369140030954328661790126,Ax 3DT1 SPGR S,CED Post/,HEAD,glioma,collection_level_icdc_glioma,data/processed/D3B_icdc_glioma_selected_slices/GLIOMA01-i_5CE5/GLIOMA01-i_5CE5__328661790126__central05_idx0039.png,data/raw/D3B_icdc_glioma/1.3.6.1.4.1.14519.5.2.1.34731033828785369140030954328661790126/1-40.dcm,5,39,74,0,glioma,0.58477783203125,0.58477783203125,0.9795369888404633,2.0183377265930176,0.58477783203125,1.1082693338394165,0.2353711575269699,0.8203110098838806,0.176479622721672,-3.13756799697876,0.0033713940065354,0.5847778496303913,0.5340994022231131,0.2353711519228383,0.25544442300641745,0.17647960445138575,0.20227439916195641,0.003371393995384703,0.00818177560851303,0,glioma,0.5847778496303913,0.9795369647081513,0,glioma,0.5340994022231131,1.046171931206069
D3B_icdc_glioma,GLIOMA01-i_4AAB,1.3.6.1.4.1.14519.5.2.1.308860575078322289211430912146810693215,1.3.6.1.4.1.14519.5.2.1.41256014704240471733645258105139906766,BRAIN/T1_SAG,,HEAD,glioma,collection_level_icdc_glioma,data/processed/D3B_icdc_glioma_selected_slices/GLIOMA01-i_4AAB/GLIOMA01-i_4AAB__105139906766__central01_idx0007.png,data/raw/D3B_icdc_glioma/1.3.6.1.4.1.14519.5.2.1.41256014704240471733645258105139906766/1-08.dcm,1,7,19,0,glioma,0.9090736508369446,0.9090736508369446,0.3394225770699325,3.7424283027648926,0.9090736508369446,-0.8179156184196472,0.0095075126737356,1.320287585258484,0.0806634426116943,-3.350573778152466,0.0007553483592346,0.9090736981526523,0.8558430246568544,0.009507512216781203,0.02124444041504358,0.08066344103019735,0.12018480824937117,0.00075534860036914,0.002727726678731107,0,glioma,0.9090736981526523,0.33942253168666087,0,glioma,0.8558430246568544,0.48579778931474416
D3B_icdc_glioma,GLIOMA01-i_4AAB,1.3.6.1.4.1.14519.5.2.1.308860575078322289211430912146810693215,1.3.6.1.4.1.14519.5.2.1.41256014704240471733645258105139906766,BRAIN/T1_SAG,,HEAD,glioma,collection_level_icdc_glioma,data/processed/D3B_icdc_glioma_selected_slices/GLIOMA01-i_4AAB/GLIOMA01-i_4AAB__105139906766__central02_idx0008.png,data/raw/D3B_icdc_glioma/1.3.6.1.4.1.14519.5.2.1.41256014704240471733645258105139906766/1-09.dcm,2,8,19,2,notumor,0.560763955116272,0.4293614029884338,0.739513147203231,2.3592700958251958,0.4293614029884338,-2.3947463035583496,0.0036998139694333,2.626271247863769,0.560763955116272,-1.882549524307251,0.0061748190782964,0.429361386080375,0.43574062358529875,0.003699814031859346,0.009245074950164887,0.5607639823349275,0.5410121960609101,0.006174817552838276,0.014002105403626302,2,notumor,0.5607639823349275,0.7395131323945409,2,notumor,0.5410121960609101,0.7973938240168704
D3B_icdc_glioma,GLIOMA01-i_4AAB,1.3.6.1.4.1.14519.5.2.1.308860575078322289211430912146810693215,1.3.6.1.4.1.14519.5.2.1.41256014704240471733645258105139906766,BRAIN/T1_SAG,,HEAD,glioma,collection_level_icdc_glioma,data/processed/D3B_icdc_glioma_selected_slices/GLIOMA01-i_4AAB/GLIOMA01-i_4AAB__105139906766__central03_idx0009.png,data/raw/D3B_icdc_glioma/1.3.6.1.4.1.14519.5.2.1.41256014704240471733645258105139906766/1-10.dcm,3,9,19,2,notumor,0.4597921967506408,0.1305426061153412,1.0737846059312703,-0.1162231415510177,0.1305426061153412,0.9727409482002258,0.3878674805164337,1.1428518295288086,0.4597921967506408,-1.9061179161071775,0.0217977091670036,0.13054260732347567,0.1556199554589562,0.3878674882366422,0.3761478813955172,0.45979219501940055,0.43175185233801666,0.02179770942048165,0.036480310807509964,2,notumor,0.45979219501940055,1.0737846078769169,2,notumor,0.43175185233801666,1.1407088914124697
D3B_icdc_glioma,GLIOMA01-i_4AAB,1.3.6.1.4.1.14519.5.2.1.308860575078322289211430912146810693215,1.3.6.1.4.1.14519.5.2.1.41256014704240471733645258105139906766,BRAIN/T1_SAG,,HEAD,glioma,collection_level_icdc_glioma,data/processed/D3B_icdc_glioma_selected_slices/GLIOMA01-i_4AAB/GLIOMA01-i_4AAB__105139906766__central04_idx0010.png,data/raw/D3B_icdc_glioma/1.3.6.1.4.1.14519.5.2.1.41256014704240471733645258105139906766/1-11.dcm,4,10,19,2,notumor,0.6658250093460083,0.3213509023189544,0.7001910447308995,2.012138843536377,0.3213509023189544,-1.747839093208313,0.0074824173934757,2.7406320571899414,0.6658250093460083,-2.084859609603882,0.0053416518494486,0.3213509070888681,0.3462169050287151,0.007482416174532089,0.016440388957953793,0.6658250232783697,0.6248318310629065,0.005341653458229993,0.012510874950424631,2,notumor,0.6658250232783697,0.7001910391709082,2,notumor,0.6248318310629065,0.783419576188849
D3B_icdc_glioma,GLIOMA01-i_4AAB,1.3.6.1.4.1.14519.5.2.1.308860575078322289211430912146810693215,1.3.6.1.4.1.14519.5.2.1.41256014704240471733645258105139906766,BRAIN/T1_SAG,,HEAD,glioma,collection_level_icdc_glioma,data/processed/D3B_icdc_glioma_selected_slices/GLIOMA01-i_4AAB/GLIOMA01-i_4AAB__105139906766__central05_idx0011.png,data/raw/D3B_icdc_glioma/1.3.6.1.4.1.14519.5.2.1.41256014704240471733645258105139906766/1-12.dcm,5,11,19,2,notumor,0.9035595655441284,0.0893328338861465,0.3471919543055821,1.172682285308838,0.0893328338861465,-2.3915669918060303,0.002529747551307,3.486655235290528,0.9035595655441284,-1.7984533309936523,0.0045778681524097,0.08933283118165468,0.130394940625844,0.0025297482544312804,0.0072563310602195815,0.9035595522578347,0.8506137821797956,0.0045778683060793204,0.011734946134140858,2,notumor,0.9035595522578347,0.3471919665919462,2,notumor,0.8506137821797956,0.49117358956771434
D3B_icdc_glioma,GLIOMA01-i_1166,1.3.6.1.4.1.14519.5.2.1.301043018215445696675284359835713259960,1.3.6.1.4.1.14519.5.2.1.48524611659073752048977841008163432015,FSPGR 3D,BRAIN CARDIAC COIL/8,HEAD,glioma,collection_level_icdc_glioma,data/processed/D3B_icdc_glioma_selected_slices/GLIOMA01-i_1166/GLIOMA01-i_1166__008163432015__central01_idx0080.png,data/raw/D3B_icdc_glioma/1.3.6.1.4.1.14519.5.2.1.48524611659073752048977841008163432015/1-081.dcm,1,80,164,2,notumor,0.9355958700180054,0.0453749522566795,0.2865895709058097,0.0319178402423858,0.0453749522566795,-2.627542734146118,0.0031756090465933,3.058141231536865,0.9355958700180054,-1.019644856452942,0.0158536173403263,0.04537494964942947,0.07598017257810809,0.003175609582935652,0.008802863056969232,0.9355958267789867,0.8828149898476698,0.015853613988648242,0.03240197451725307,2,notumor,0.9355958267789867,0.2865895978198555,2,notumor,0.8828149898476698,0.4586409796272984
D3B_icdc_glioma,GLIOMA01-i_1166,1.3.6.1.4.1.14519.5.2.1.301043018215445696675284359835713259960,1.3.6.1.4.1.14519.5.2.1.48524611659073752048977841008163432015,FSPGR 3D,BRAIN CARDIAC COIL/8,HEAD,glioma,collection_level_icdc_glioma,data/processed/D3B_icdc_glioma_selected_slices/GLIOMA01-i_1166/GLIOMA01-i_1166__008163432015__central02_idx0081.png,data/raw/D3B_icdc_glioma/1.3.6.1.4.1.14519.5.2.1.48524611659073752048977841008163432015/1-082.dcm,2,81,164,2,notumor,0.9381182193756104,0.03655706346035,0.282891444679404,-0.2202304452657699,0.03655706346035,-2.7717294692993164,0.0028501604683697,3.024771213531494,0.9381182193756104,-0.7067235708236694,0.0224744938313961,0.03655706189877612,0.06380090363065326,0.002850160634013597,0.008067719346382745,0.9381182792469547,0.8851192331535408,0.02247449822025564,0.043012143869423224,2,notumor,0.9381182792469547,0.282891398100706,2,notumor,0.8851192331535408,0.4578064105061764
D3B_icdc_glioma,GLIOMA01-i_1166,1.3.6.1.4.1.14519.5.2.1.301043018215445696675284359835713259960,1.3.6.1.4.1.14519.5.2.1.48524611659073752048977841008163432015,FSPGR 3D,BRAIN CARDIAC COIL/8,HEAD,glioma,collection_level_icdc_glioma,data/processed/D3B_icdc_glioma_selected_slices/GLIOMA01-i_1166/GLIOMA01-i_1166__008163432015__central03_idx0082.png,data/raw/D3B_icdc_glioma/1.3.6.1.4.1.14519.5.2.1.48524611659073752048977841008163432015/1-083.dcm,3,82,164,2,notumor,0.9758561849594116,0.0173222161829471,0.1305481489550774,-0.0917278826236724,0.0173222161829471,-3.195775270462036,0.0007771997479721,3.939597606658936,0.9758561849594116,-1.1445789337158203,0.0060444385744631,0.01732221352556211,0.03604165056968625,0.0007771998992093332,0.002912344700501591,0.9758561477578127,0.9456919742795485,0.006044438817415878,0.015354030450263586,2,notumor,0.9758561477578127,0.1305481790569132,2,notumor,0.9456919742795485,0.25370400239507157
D3B_icdc_glioma,GLIOMA01-i_1166,1.3.6.1.4.1.14519.5.2.1.301043018215445696675284359835713259960,1.3.6.1.4.1.14519.5.2.1.48524611659073752048977841008163432015,FSPGR 3D,BRAIN CARDIAC COIL/8,HEAD,glioma,collection_level_icdc_glioma,data/processed/D3B_icdc_glioma_selected_slices/GLIOMA01-i_1166/GLIOMA01-i_1166__008163432015__central04_idx0083.png,data/raw/D3B_icdc_glioma/1.3.6.1.4.1.14519.5.2.1.48524611659073752048977841008163432015/1-084.dcm,4,83,164,2,notumor,0.9797295331954956,0.0132378963753581,0.1145329797263301,-0.2692395746707916,0.0132378963753581,-3.158563137054444,0.0007362097967416,4.034953594207764,0.9797295331954956,-1.012343406677246,0.0062964097596704,0.013237892127887561,0.029089238623081173,0.0007362097389933526,0.0027973634873191865,0.9797294889435976,0.9521848994995747,0.006296409189521363,0.015928498390024862,2,notumor,0.9797294889435976,0.11453300627247277,2,notumor,0.9521848994995747,0.231937437581699
D3B_icdc_glioma,GLIOMA01-i_1166,1.3.6.1.4.1.14519.5.2.1.301043018215445696675284359835713259960,1.3.6.1.4.1.14519.5.2.1.48524611659073752048977841008163432015,FSPGR 3D,BRAIN CARDIAC COIL/8,HEAD,glioma,collection_level_icdc_glioma,data/processed/D3B_icdc_glioma_selected_slices/GLIOMA01-i_1166/GLIOMA01-i_1166__008163432015__central05_idx0084.png,data/raw/D3B_icdc_glioma/1.3.6.1.4.1.14519.5.2.1.48524611659073752048977841008163432015/1-085.dcm,5,84,164,2,notumor,0.9578065872192384,0.027027241885662,0.2075611228482204,-0.1222167015075683,0.027027241885662,-2.9372873306274414,0.0016189449233934,3.4455838203430176,0.9578065872192384,-0.8128801584243774,0.0135472286492586,0.02702724257244523,0.05077407965577958,0.0016189450159233934,0.005185541787041713,0.9578065853082104,0.9150307282920326,0.013547227103421095,0.029009650265146215,2,notumor,0.9578065853082104,0.20756112186836395,2,notumor,0.9150307282920326,0.3625616115609048
D3B_icdc_glioma,GLIOMA01-i_C561,1.3.6.1.4.1.14519.5.2.1.338926131208003786731409141472142449490,1.3.6.1.4.1.14519.5.2.1.54142935137696016152030943683568150861,MP RAGE FS TRANS+C,MP RAGE FS +C,HEAD,glioma,collection_level_icdc_glioma,data/processed/D3B_icdc_glioma_selected_slices/GLIOMA01-i_C561/GLIOMA01-i_C561__683568150861__central01_idx0018.png,data/raw/D3B_icdc_glioma/1.3.6.1.4.1.14519.5.2.1.54142935137696016152030943683568150861/1-19.dcm,1,18,40,2,notumor,0.7872654795646667,0.2085217088460922,0.5402991140488785,2.21610164642334,0.2085217088460922,-3.346348762512207,0.000800588983111,3.544624090194702,0.7872654795646667,-1.8965668678283687,0.0034122599754482,0.20852168862687168,0.25114699589588824,0.0008005891771686764,0.0027673109024903323,0.7872654631670856,0.7371247885418651,0.003412259028874164,0.00896090465975614,2,notumor,0.7872654631670856,0.540299111804906,2,notumor,0.7371247885418651,0.6303844413036376
D3B_icdc_glioma,GLIOMA01-i_C561,1.3.6.1.4.1.14519.5.2.1.338926131208003786731409141472142449490,1.3.6.1.4.1.14519.5.2.1.54142935137696016152030943683568150861,MP RAGE FS TRANS+C,MP RAGE FS +C,HEAD,glioma,collection_level_icdc_glioma,data/processed/D3B_icdc_glioma_selected_slices/GLIOMA01-i_C561/GLIOMA01-i_C561__683568150861__central02_idx0019.png,data/raw/D3B_icdc_glioma/1.3.6.1.4.1.14519.5.2.1.54142935137696016152030943683568150861/1-20.dcm,2,19,40,2,notumor,0.820320725440979,0.1733190715312957,0.5027209634546269,1.849251747131348,0.1733190715312957,-1.993278980255127,0.0037158355116844,3.403812885284424,0.820320725440979,-2.333462715148926,0.0026443356182426,0.1733190791570768,0.21723806333760237,0.0037158355169646853,0.00964812293030711,0.8203207497820632,0.7657905439322095,0.0026443355438952472,0.007323269799881056,2,notumor,0.8203207497820632,0.5027209493311924,2,notumor,0.7657905439322095,0.6168024655918365
D3B_icdc_glioma,GLIOMA01-i_C561,1.3.6.1.4.1.14519.5.2.1.338926131208003786731409141472142449490,1.3.6.1.4.1.14519.5.2.1.54142935137696016152030943683568150861,MP RAGE FS TRANS+C,MP RAGE FS +C,HEAD,glioma,collection_level_icdc_glioma,data/processed/D3B_icdc_glioma_selected_slices/GLIOMA01-i_C561/GLIOMA01-i_C561__683568150861__central03_idx0020.png,data/raw/D3B_icdc_glioma/1.3.6.1.4.1.14519.5.2.1.54142935137696016152030943683568150861/1-21.dcm,3,20,40,0,glioma,0.7937893867492676,0.7937893867492676,0.5978364953458802,2.722217082977295,0.7937893867492676,-0.7231122255325317,0.0253173261880874,1.2307374477386477,0.178633913397789,-3.139497756958008,0.0022594090551137,0.7937893612322896,0.7307359794130647,0.02531732209954884,0.04477898678661214,0.1786339076154383,0.21816738570601038,0.0022594090527233127,0.006317648094312836,0,glioma,0.7937893612322896,0.5978364998385812,0,glioma,0.7307359794130647,0.7324717751482801
D3B_icdc_glioma,GLIOMA01-i_C561,1.3.6.1.4.1.14519.5.2.1.338926131208003786731409141472142449490,1.3.6.1.4.1.14519.5.2.1.54142935137696016152030943683568150861,MP RAGE FS TRANS+C,MP RAGE FS +C,HEAD,glioma,collection_level_icdc_glioma,data/processed/D3B_icdc_glioma_selected_slices/GLIOMA01-i_C561/GLIOMA01-i_C561__683568150861__central04_idx0021.png,data/raw/D3B_icdc_glioma/1.3.6.1.4.1.14519.5.2.1.54142935137696016152030943683568150861/1-22.dcm,4,21,40,1,meningioma,0.865472137928009,0.0995244532823562,0.476510806710037,0.9062042236328124,0.0995244532823562,3.0690760612487797,0.865472137928009,-0.1672922819852829,0.0340185798704624,-3.709538459777832,0.0009847776964306,0.09952445561147437,0.13861644283947366,0.8654721850114226,0.8000219242166424,0.034018581613925854,0.058071854225709416,0.0009847777631770787,0.0032897787181745152,1,meningioma,0.8654721850114226,0.4765107740204825,1,meningioma,0.8000219242166424,0.6364943324304475
D3B_icdc_glioma,GLIOMA01-i_C561,1.3.6.1.4.1.14519.5.2.1.338926131208003786731409141472142449490,1.3.6.1.4.1.14519.5.2.1.54142935137696016152030943683568150861,MP RAGE FS TRANS+C,MP RAGE FS +C,HEAD,glioma,collection_level_icdc_glioma,data/processed/D3B_icdc_glioma_selected_slices/GLIOMA01-i_C561/GLIOMA01-i_C561__683568150861__central05_idx0022.png,data/raw/D3B_icdc_glioma/1.3.6.1.4.1.14519.5.2.1.54142935137696016152030943683568150861/1-23.dcm,5,22,40,2,notumor,0.6531410217285156,0.3370876312255859,0.696404350158909,2.093644142150879,0.3370876312255859,-2.4549734592437744,0.0035670013166964,2.755094289779663,0.6531410217285156,-1.9014346599578855,0.0062044328078627,0.33708759896409696,0.36054191047912654,0.0035670011642046323,0.009035129128332929,0.653140966899716,0.6162725568643606,0.006204432971982506,0.014150403528180049,2,notumor,0.653140966899716,0.6964043787757164,2,notumor,0.6162725568643606,0.7688999812397483
D3B_icdc_glioma,GLIOMA01-i_750B,1.3.6.1.4.1.14519.5.2.1.324035417769663580990183580766753392159,1.3.6.1.4.1.14519.5.2.1.58630146911723509869060343989181468732,BRAIN/T1_TRANS,,HEAD,glioma,collection_level_icdc_glioma,data/processed/D3B_icdc_glioma_selected_slices/GLIOMA01-i_750B/GLIOMA01-i_750B__989181468732__central01_idx0007.png,data/raw/D3B_icdc_glioma/1.3.6.1.4.1.14519.5.2.1.58630146911723509869060343989181468732/1-08.dcm,1,7,19,0,glioma,0.7517077922821045,0.7517077922821045,0.73312048704569,2.623875617980957,0.7517077922821045,1.0427409410476685,0.1546574980020523,0.5235724449157715,0.0920235440135002,-3.5215189456939697,0.0016111583681777,0.7517077932886638,0.6817643812360688,0.1546575006476694,0.18928093941814006,0.09202354816534472,0.1242710801496863,0.0016111578983221315,0.004683599196104895,0,glioma,0.7517077932886638,0.7331204918205128,0,glioma,0.6817643812360688,0.8604893391023769
D3B_icdc_glioma,GLIOMA01-i_750B,1.3.6.1.4.1.14519.5.2.1.324035417769663580990183580766753392159,1.3.6.1.4.1.14519.5.2.1.58630146911723509869060343989181468732,BRAIN/T1_TRANS,,HEAD,glioma,collection_level_icdc_glioma,data/processed/D3B_icdc_glioma_selected_slices/GLIOMA01-i_750B/GLIOMA01-i_750B__989181468732__central02_idx0008.png,data/raw/D3B_icdc_glioma/1.3.6.1.4.1.14519.5.2.1.58630146911723509869060343989181468732/1-09.dcm,2,8,19,2,notumor,0.8879870772361755,0.0819212347269058,0.4261599542963242,0.5173186659812927,0.0819212347269058,-2.713452100753784,0.0032381021883338,2.900517702102661,0.8879870772361755,-0.5980424284934998,0.026853522285819,0.08192123382795852,0.11936446783773148,0.003238102324242013,0.008703804033414766,0.8879871380200269,0.8235935229222211,0.02685352582777244,0.048338205206632644,2,notumor,0.8879871380200269,0.4261599092970424,2,notumor,0.8235935229222211,0.6012924903571755
D3B_icdc_glioma,GLIOMA01-i_750B,1.3.6.1.4.1.14519.5.2.1.324035417769663580990183580766753392159,1.3.6.1.4.1.14519.5.2.1.58630146911723509869060343989181468732,BRAIN/T1_TRANS,,HEAD,glioma,collection_level_icdc_glioma,data/processed/D3B_icdc_glioma_selected_slices/GLIOMA01-i_750B/GLIOMA01-i_750B__989181468732__central03_idx0009.png,data/raw/D3B_icdc_glioma/1.3.6.1.4.1.14519.5.2.1.58630146911723509869060343989181468732/1-10.dcm,3,9,19,2,notumor,0.9017564058303832,0.0886800065636634,0.3588532601678011,0.9104811549186708,0.0886800065636634,-2.318981885910034,0.0035098441876471,3.2297911643981934,0.9017564058303832,-1.773887038230896,0.0060536786913871,0.08868000872939212,0.12922935296806265,0.0035098434746140984,0.00943312308196956,0.9017564681686111,0.8466645596134271,0.006053679627382773,0.01467296433654082,2,notumor,0.9017564681686111,0.3588532078843046,2,notumor,0.8466645596134271,0.5112898826645795
D3B_icdc_glioma,GLIOMA01-i_750B,1.3.6.1.4.1.14519.5.2.1.324035417769663580990183580766753392159,1.3.6.1.4.1.14519.5.2.1.58630146911723509869060343989181468732,BRAIN/T1_TRANS,,HEAD,glioma,collection_level_icdc_glioma,data/processed/D3B_icdc_glioma_selected_slices/GLIOMA01-i_750B/GLIOMA01-i_750B__989181468732__central04_idx0010.png,data/raw/D3B_icdc_glioma/1.3.6.1.4.1.14519.5.2.1.58630146911723509869060343989181468732/1-11.dcm,4,10,19,2,notumor,0.8897144794464111,0.1068282201886177,0.364475528339824,1.7091277837753296,0.1068282201886177,-2.026009559631348,0.0025499777402728,3.828806400299072,0.8897144794464111,-3.0593624114990234,0.0009073126711882,0.1068282078500922,0.1505489860620792,0.0025499778342787166,0.007294323828985108,0.8897145016699277,0.8389997544020653,0.0009073126457013798,0.003156935706870354,2,notumor,0.8897145016699277,0.3644754937705491,2,notumor,0.8389997544020653,0.48641259838688566
D3B_icdc_glioma,GLIOMA01-i_750B,1.3.6.1.4.1.14519.5.2.1.324035417769663580990183580766753392159,1.3.6.1.4.1.14519.5.2.1.58630146911723509869060343989181468732,BRAIN/T1_TRANS,,HEAD,glioma,collection_level_icdc_glioma,data/processed/D3B_icdc_glioma_selected_slices/GLIOMA01-i_750B/GLIOMA01-i_750B__989181468732__central05_idx0011.png,data/raw/D3B_icdc_glioma/1.3.6.1.4.1.14519.5.2.1.58630146911723509869060343989181468732/1-12.dcm,5,11,19,2,notumor,0.8974258303642273,0.1010474041104316,0.3395598428098444,2.1562678813934326,0.1010474041104316,-2.377986192703247,0.0010847348021343,4.340208530426025,0.8974258303642273,-3.275840759277344,0.0004419675678946,0.10104741712747195,0.14474972427698354,0.0010847350993127617,0.0036698813577395917,0.8974258801974048,0.8498077346403331,0.00044196757581074184,0.0017726597249437565,2,notumor,0.8974258801974048,0.3395598169747377,2,notumor,0.8498077346403331,0.44987647874690256
D3B_icdc_glioma,GLIOMA01-i_F5BE,1.3.6.1.4.1.14519.5.2.1.266241108102756309499677510319986834116,1.3.6.1.4.1.14519.5.2.1.86659809258805330797698804820787776503,T1 FLAIR FS TRANS +C,T1 FLAIR FS TRANS +C,HEAD,glioma,collection_level_icdc_glioma,data/processed/D3B_icdc_glioma_selected_slices/GLIOMA01-i_F5BE/GLIOMA01-i_F5BE__820787776503__central01_idx0013.png,data/raw/D3B_icdc_glioma/1.3.6.1.4.1.14519.5.2.1.86659809258805330797698804820787776503/1-14.dcm,1,13,31,0,glioma,0.8219560980796814,0.8219560980796814,0.5828147724999969,2.9684927463531494,0.8219560980796814,1.0609114170074463,0.1220103353261947,0.2712211310863495,0.0553909093141555,-4.185320854187012,0.0006426684558391,0.8219561046242363,0.7527353731640692,0.12201032393660462,0.1604029242526412,0.05539090317554756,0.08457797321788413,0.0006426682636114262,0.0022837293654053427,0,glioma,0.8219561046242363,0.5828147418254109,0,glioma,0.7527353731640692,0.7301601082790145
D3B_icdc_glioma,GLIOMA01-i_F5BE,1.3.6.1.4.1.14519.5.2.1.266241108102756309499677510319986834116,1.3.6.1.4.1.14519.5.2.1.86659809258805330797698804820787776503,T1 FLAIR FS TRANS +C,T1 FLAIR FS TRANS +C,HEAD,glioma,collection_level_icdc_glioma,data/processed/D3B_icdc_glioma_selected_slices/GLIOMA01-i_F5BE/GLIOMA01-i_F5BE__820787776503__central02_idx0014.png,data/raw/D3B_icdc_glioma/1.3.6.1.4.1.14519.5.2.1.86659809258805330797698804820787776503/1-15.dcm,2,14,31,2,notumor,0.6714878082275391,0.3100590705871582,0.7083193818123809,1.935574531555176,0.3100590705871582,-0.946861445903778,0.0173627473413944,2.7083075046539307,0.6714878082275391,-3.71468997001648,0.0010903496295213,0.31005909054890135,0.3358422538040467,0.017362746695948037,0.03247702009515496,0.671487813140262,0.6282343988211325,0.0010903496148885854,0.0034463272796658576,2,notumor,0.671487813140262,0.7083193802134972,2,notumor,0.6282343988211325,0.7893199699410298
D3B_icdc_glioma,GLIOMA01-i_F5BE,1.3.6.1.4.1.14519.5.2.1.266241108102756309499677510319986834116,1.3.6.1.4.1.14519.5.2.1.86659809258805330797698804820787776503,T1 FLAIR FS TRANS +C,T1 FLAIR FS TRANS +C,HEAD,glioma,collection_level_icdc_glioma,data/processed/D3B_icdc_glioma_selected_slices/GLIOMA01-i_F5BE/GLIOMA01-i_F5BE__820787776503__central03_idx0015.png,data/raw/D3B_icdc_glioma/1.3.6.1.4.1.14519.5.2.1.86659809258805330797698804820787776503/1-16.dcm,3,15,31,2,notumor,0.8848338723182678,0.1111444979906082,0.377073150598027,1.5764561891555786,0.1111444979906082,-2.096304178237915,0.0028237649239599,3.65102481842041,0.8848338723182678,-2.9538280963897705,0.0011978726834058,0.11114451149515218,0.15505637617982568,0.0028237644117128625,0.007902277355964655,0.8848338517036575,0.8330974891480343,0.0011978723894774295,0.003943857316175333,2,notumor,0.8848338517036575,0.37707318067637174,2,notumor,0.8330974891480343,0.5012307330119949
D3B_icdc_glioma,GLIOMA01-i_F5BE,1.3.6.1.4.1.14519.5.2.1.266241108102756309499677510319986834116,1.3.6.1.4.1.14519.5.2.1.86659809258805330797698804820787776503,T1 FLAIR FS TRANS +C,T1 FLAIR FS TRANS +C,HEAD,glioma,collection_level_icdc_glioma,data/processed/D3B_icdc_glioma_selected_slices/GLIOMA01-i_F5BE/GLIOMA01-i_F5BE__820787776503__central04_idx0016.png,data/raw/D3B_icdc_glioma/1.3.6.1.4.1.14519.5.2.1.86659809258805330797698804820787776503/1-17.dcm,4,16,31,2,notumor,0.9418281316757202,0.0546253472566604,0.2375420091361806,1.068414568901062,0.0546253472566604,-2.084263324737549,0.002334551885724,3.915739297866821,0.9418281316757202,-2.7398717403411865,0.0012119272723793,0.05462535303721469,0.08949229304951083,0.002334552497078281,0.006951952338464096,0.9418281672811712,0.8994693074811074,0.0012119271845357751,0.004086447130917612,2,notumor,0.9418281672811712,0.23754198928099401,2,notumor,0.8994693074811074,0.36831610910400986
D3B_icdc_glioma,GLIOMA01-i_F5BE,1.3.6.1.4.1.14519.5.2.1.266241108102756309499677510319986834116,1.3.6.1.4.1.14519.5.2.1.86659809258805330797698804820787776503,T1 FLAIR FS TRANS +C,T1 FLAIR FS TRANS +C,HEAD,glioma,collection_level_icdc_glioma,data/processed/D3B_icdc_glioma_selected_slices/GLIOMA01-i_F5BE/GLIOMA01-i_F5BE__820787776503__central05_idx0017.png,data/raw/D3B_icdc_glioma/1.3.6.1.4.1.14519.5.2.1.86659809258805330797698804820787776503/1-18.dcm,5,17,31,2,notumor,0.7471681833267212,0.2416366040706634,0.6190226479563575,1.5884844064712524,0.2416366040706634,-2.150660514831543,0.0057447720319032,2.7173397541046143,0.7471681833267212,-2.203256130218506,0.0054504279978573,0.24163660621169752,0.2784670775180589,0.0057447709959764824,0.01344839558658461,0.7471681931791697,0.6951973472464664,0.005450429613156217,0.012887179648890032,2,notumor,0.7471681931791697,0.6190226443703086,2,notumor,0.6951973472464664,0.7227799448768861
