dataset_id,patient_id,study_instance_uid,series_instance_uid,series_description,protocol_name,body_part_examined,label,label_source,output_image_path,source_dicom_path,selected_rank,slice_index_in_sorted_series,total_valid_slices_in_series,pred_index,pred_label,max_confidence,glioma_probability,entropy,logit_glioma,prob_glioma,logit_meningioma,prob_meningioma,logit_notumor,prob_notumor,logit_pituitary,prob_pituitary
D3B_icdc_glioma,GLIOMA01-i_6561,1.3.6.1.4.1.14519.5.2.1.292789083954857865766838322795931209494,1.3.6.1.4.1.14519.5.2.1.107039555734442993329560765265677753034,FSPGR 3D,BRAIN KNEE COIL/8,HEAD,glioma,collection_level_icdc_glioma,data/processed/D3B_icdc_glioma_selected_slices/GLIOMA01-i_6561/GLIOMA01-i_6561__265677753034__central01_idx0066.png,data/raw/D3B_icdc_glioma/1.3.6.1.4.1.14519.5.2.1.107039555734442993329560765265677753034/1-067.dcm,1,66,136,2,notumor,0.9579069018363953,0.016186583787202835,0.20623592019908185,-0.390224426984787,0.016186583787202835,0.04776513949036598,0.025082550942897797,3.6903433799743652,0.9579069018363953,-3.368079423904419,0.0008239276940003037
D3B_icdc_glioma,GLIOMA01-i_6561,1.3.6.1.4.1.14519.5.2.1.292789083954857865766838322795931209494,1.3.6.1.4.1.14519.5.2.1.107039555734442993329560765265677753034,FSPGR 3D,BRAIN KNEE COIL/8,HEAD,glioma,collection_level_icdc_glioma,data/processed/D3B_icdc_glioma_selected_slices/GLIOMA01-i_6561/GLIOMA01-i_6561__265677753034__central02_idx0067.png,data/raw/D3B_icdc_glioma/1.3.6.1.4.1.14519.5.2.1.107039555734442993329560765265677753034/1-068.dcm,2,67,136,2,notumor,0.9896401166915894,0.007819258607923985,0.06425969444476136,-0.022234559059143066,0.007819258607923985,-1.2545504570007324,0.0022802238818258047,4.818517208099365,0.9896401166915894,-3.424208879470825,0.0002604394103400409
D3B_icdc_glioma,GLIOMA01-i_6561,1.3.6.1.4.1.14519.5.2.1.292789083954857865766838322795931209494,1.3.6.1.4.1.14519.5.2.1.107039555734442993329560765265677753034,FSPGR 3D,BRAIN KNEE COIL/8,HEAD,glioma,collection_level_icdc_glioma,data/processed/D3B_icdc_glioma_selected_slices/GLIOMA01-i_6561/GLIOMA01-i_6561__265677753034__central03_idx0068.png,data/raw/D3B_icdc_glioma/1.3.6.1.4.1.14519.5.2.1.107039555734442993329560765265677753034/1-069.dcm,3,68,136,2,notumor,0.9963653087615967,0.0029207055922597647,0.026189712269069323,-0.24300506711006165,0.0029207055922597647,-1.858842134475708,0.0005804150132462382,5.589283466339111,0.9963653087615967,-3.3280346393585205,0.0001335600099992007
D3B_icdc_glioma,GLIOMA01-i_6561,1.3.6.1.4.1.14519.5.2.1.292789083954857865766838322795931209494,1.3.6.1.4.1.14519.5.2.1.107039555734442993329560765265677753034,FSPGR 3D,BRAIN KNEE COIL/8,HEAD,glioma,collection_level_icdc_glioma,data/processed/D3B_icdc_glioma_selected_slices/GLIOMA01-i_6561/GLIOMA01-i_6561__265677753034__central04_idx0069.png,data/raw/D3B_icdc_glioma/1.3.6.1.4.1.14519.5.2.1.107039555734442993329560765265677753034/1-070.dcm,4,69,136,2,notumor,0.9982098340988159,0.0013347042258828878,0.014363176757402257,-0.6264800429344177,0.0013347042258828878,-1.9402008056640625,0.00035879251663573086,5.990773677825928,0.9982098340988159,-3.251276969909668,9.670534200267866e-05
D3B_icdc_glioma,GLIOMA01-i_6561,1.3.6.1.4.1.14519.5.2.1.292789083954857865766838322795931209494,1.3.6.1.4.1.14519.5.2.1.107039555734442993329560765265677753034,FSPGR 3D,BRAIN KNEE COIL/8,HEAD,glioma,collection_level_icdc_glioma,data/processed/D3B_icdc_glioma_selected_slices/GLIOMA01-i_6561/GLIOMA01-i_6561__265677753034__central05_idx0070.png,data/raw/D3B_icdc_glioma/1.3.6.1.4.1.14519.5.2.1.107039555734442993329560765265677753034/1-071.dcm,5,70,136,2,notumor,0.9959149956703186,0.0028996323235332966,0.029590423719040634,-0.47660574316978455,0.0028996323235332966,-1.5879387855529785,0.0009543269989080727,5.362472057342529,0.9959149956703186,-3.006721019744873,0.0002309552946826443
D3B_icdc_glioma,GLIOMA01-i_C3C0,1.3.6.1.4.1.14519.5.2.1.113382896337534967069897355516395220267,1.3.6.1.4.1.14519.5.2.1.107125424522044836954758152178866258390,t1_cor_tse post gad,t1_cor_tse post gad,HEAD,glioma,collection_level_icdc_glioma,data/processed/D3B_icdc_glioma_selected_slices/GLIOMA01-i_C3C0/GLIOMA01-i_C3C0__178866258390__central01_idx0005.png,data/raw/D3B_icdc_glioma/1.3.6.1.4.1.14519.5.2.1.107125424522044836954758152178866258390/1-06.dcm,1,5,14,2,notumor,0.996282160282135,0.003495605196803808,0.02546521235076883,0.4233420789241791,0.003495605196803808,-2.5612590312957764,0.0001767366484273225,6.075866222381592,0.996282160282135,-3.9176573753356934,4.552502650767565e-05
D3B_icdc_glioma,GLIOMA01-i_C3C0,1.3.6.1.4.1.14519.5.2.1.113382896337534967069897355516395220267,1.3.6.1.4.1.14519.5.2.1.107125424522044836954758152178866258390,t1_cor_tse post gad,t1_cor_tse post gad,HEAD,glioma,collection_level_icdc_glioma,data/processed/D3B_icdc_glioma_selected_slices/GLIOMA01-i_C3C0/GLIOMA01-i_C3C0__178866258390__central02_idx0006.png,data/raw/D3B_icdc_glioma/1.3.6.1.4.1.14519.5.2.1.107125424522044836954758152178866258390/1-07.dcm,2,6,14,2,notumor,0.9894184470176697,0.008392092771828175,0.06446645606609593,0.3768376410007477,0.008392092771828175,-1.0148704051971436,0.00208669644780457,5.146665096282959,0.9894184470176697,-4.025967121124268,0.00010274398664478213
D3B_icdc_glioma,GLIOMA01-i_C3C0,1.3.6.1.4.1.14519.5.2.1.113382896337534967069897355516395220267,1.3.6.1.4.1.14519.5.2.1.107125424522044836954758152178866258390,t1_cor_tse post gad,t1_cor_tse post gad,HEAD,glioma,collection_level_icdc_glioma,data/processed/D3B_icdc_glioma_selected_slices/GLIOMA01-i_C3C0/GLIOMA01-i_C3C0__178866258390__central03_idx0007.png,data/raw/D3B_icdc_glioma/1.3.6.1.4.1.14519.5.2.1.107125424522044836954758152178866258390/1-08.dcm,3,7,14,2,notumor,0.970530092716217,0.01663253642618656,0.1542268693011303,0.29833564162254333,0.01663253642618656,0.02131880819797516,0.012608160264790058,4.364817142486572,0.970530092716217,-3.985874891281128,0.00022927125974092633
D3B_icdc_glioma,GLIOMA01-i_C3C0,1.3.6.1.4.1.14519.5.2.1.113382896337534967069897355516395220267,1.3.6.1.4.1.14519.5.2.1.107125424522044836954758152178866258390,t1_cor_tse post gad,t1_cor_tse post gad,HEAD,glioma,collection_level_icdc_glioma,data/processed/D3B_icdc_glioma_selected_slices/GLIOMA01-i_C3C0/GLIOMA01-i_C3C0__178866258390__central04_idx0008.png,data/raw/D3B_icdc_glioma/1.3.6.1.4.1.14519.5.2.1.107125424522044836954758152178866258390/1-09.dcm,4,8,14,1,meningioma,0.43137481808662415,0.31489652395248413,1.0777298219409146,1.6839416027069092,0.31489652395248413,1.9986748695373535,0.43137481808662415,1.4662580490112305,0.25329646468162537,-4.907342433929443,0.0004321252054069191
D3B_icdc_glioma,GLIOMA01-i_C3C0,1.3.6.1.4.1.14519.5.2.1.113382896337534967069897355516395220267,1.3.6.1.4.1.14519.5.2.1.107125424522044836954758152178866258390,t1_cor_tse post gad,t1_cor_tse post gad,HEAD,glioma,collection_level_icdc_glioma,data/processed/D3B_icdc_glioma_selected_slices/GLIOMA01-i_C3C0/GLIOMA01-i_C3C0__178866258390__central05_idx0009.png,data/raw/D3B_icdc_glioma/1.3.6.1.4.1.14519.5.2.1.107125424522044836954758152178866258390/1-10.dcm,5,9,14,2,notumor,0.9730842709541321,0.024341333657503128,0.13279847591002253,1.163569450378418,0.024341333657503128,-1.127068042755127,0.002463389653712511,4.851864337921143,0.9730842709541321,-4.227169990539551,0.00011096236994490027
D3B_icdc_glioma,GLIOMA01-i_BF76,1.3.6.1.4.1.14519.5.2.1.235952234679028716357676607704854589953,1.3.6.1.4.1.14519.5.2.1.118531727331753402487140000387827365827,Ax T1 +C,SM BRAIN-MD/,HEAD,glioma,collection_level_icdc_glioma,data/processed/D3B_icdc_glioma_selected_slices/GLIOMA01-i_BF76/GLIOMA01-i_BF76__387827365827__central01_idx0013.png,data/raw/D3B_icdc_glioma/1.3.6.1.4.1.14519.5.2.1.118531727331753402487140000387827365827/1-14.dcm,1,13,30,0,glioma,0.7991581559181213,0.7991581559181213,0.6403268751881952,2.8694663047790527,0.7991581559181213,0.9818169474601746,0.12101439386606216,0.557532787322998,0.07917220890522003,-4.236726760864258,0.0006553183193318546
D3B_icdc_glioma,GLIOMA01-i_BF76,1.3.6.1.4.1.14519.5.2.1.235952234679028716357676607704854589953,1.3.6.1.4.1.14519.5.2.1.118531727331753402487140000387827365827,Ax T1 +C,SM BRAIN-MD/,HEAD,glioma,collection_level_icdc_glioma,data/processed/D3B_icdc_glioma_selected_slices/GLIOMA01-i_BF76/GLIOMA01-i_BF76__387827365827__central02_idx0014.png,data/raw/D3B_icdc_glioma/1.3.6.1.4.1.14519.5.2.1.118531727331753402487140000387827365827/1-15.dcm,2,14,30,0,glioma,0.619208574295044,0.619208574295044,0.7719541700712068,2.5296077728271484,0.619208574295044,-0.5917719006538391,0.02730480208992958,1.9649875164031982,0.35206711292266846,-3.5484988689422607,0.0014195434050634503
D3B_icdc_glioma,GLIOMA01-i_BF76,1.3.6.1.4.1.14519.5.2.1.235952234679028716357676607704854589953,1.3.6.1.4.1.14519.5.2.1.118531727331753402487140000387827365827,Ax T1 +C,SM BRAIN-MD/,HEAD,glioma,collection_level_icdc_glioma,data/processed/D3B_icdc_glioma_selected_slices/GLIOMA01-i_BF76/GLIOMA01-i_BF76__387827365827__central03_idx0015.png,data/raw/D3B_icdc_glioma/1.3.6.1.4.1.14519.5.2.1.118531727331753402487140000387827365827/1-16.dcm,3,15,30,1,meningioma,0.5528244972229004,0.3493996262550354,0.9278258911012799,1.7083021402359009,0.3493996262550354,2.167126417160034,0.5528244972229004,0.4248492121696472,0.09681127220392227,-4.183981418609619,0.0009645756217651069
D3B_icdc_glioma,GLIOMA01-i_BF76,1.3.6.1.4.1.14519.5.2.1.235952234679028716357676607704854589953,1.3.6.1.4.1.14519.5.2.1.118531727331753402487140000387827365827,Ax T1 +C,SM BRAIN-MD/,HEAD,glioma,collection_level_icdc_glioma,data/processed/D3B_icdc_glioma_selected_slices/GLIOMA01-i_BF76/GLIOMA01-i_BF76__387827365827__central04_idx0016.png,data/raw/D3B_icdc_glioma/1.3.6.1.4.1.14519.5.2.1.118531727331753402487140000387827365827/1-17.dcm,4,16,30,1,meningioma,0.6248409748077393,0.35887107253074646,0.7330510757668246,2.022427558898926,0.35887107253074646,2.5769615173339844,0.6248409748077393,-1.1492574214935303,0.015048498287796974,-3.6458840370178223,0.0012394298100844026
D3B_icdc_glioma,GLIOMA01-i_BF76,1.3.6.1.4.1.14519.5.2.1.235952234679028716357676607704854589953,1.3.6.1.4.1.14519.5.2.1.118531727331753402487140000387827365827,Ax T1 +C,SM BRAIN-MD/,HEAD,glioma,collection_level_icdc_glioma,data/processed/D3B_icdc_glioma_selected_slices/GLIOMA01-i_BF76/GLIOMA01-i_BF76__387827365827__central05_idx0017.png,data/raw/D3B_icdc_glioma/1.3.6.1.4.1.14519.5.2.1.118531727331753402487140000387827365827/1-18.dcm,5,17,30,0,glioma,0.732972264289856,0.732972264289856,0.6399052534134834,2.738410472869873,0.732972264289856,1.6757549047470093,0.2532690465450287,-1.3810527324676514,0.011913173831999302,-3.245938539505005,0.0018455154495313764
D3B_icdc_glioma,GLIOMA01-i_1165,1.3.6.1.4.1.14519.5.2.1.138967438947378494828155132414366986280,1.3.6.1.4.1.14519.5.2.1.119497583346189757803560372667170222172,MP RAGE FS +C SUB,MP RAGE FS +C,HEAD,glioma,collection_level_icdc_glioma,data/processed/D3B_icdc_glioma_selected_slices/GLIOMA01-i_1165/GLIOMA01-i_1165__667170222172__central01_idx0126.png,data/raw/D3B_icdc_glioma/1.3.6.1.4.1.14519.5.2.1.119497583346189757803560372667170222172/1-127.dcm,1,126,256,0,glioma,0.755546510219574,0.755546510219574,0.5817290415851262,3.486064910888672,0.755546510219574,-2.4443602561950684,0.002007752889767289,2.3390309810638428,0.2399444580078125,-2.2245781421661377,0.0025012698024511337
D3B_icdc_glioma,GLIOMA01-i_1165,1.3.6.1.4.1.14519.5.2.1.138967438947378494828155132414366986280,1.3.6.1.4.1.14519.5.2.1.119497583346189757803560372667170222172,MP RAGE FS +C SUB,MP RAGE FS +C,HEAD,glioma,collection_level_icdc_glioma,data/processed/D3B_icdc_glioma_selected_slices/GLIOMA01-i_1165/GLIOMA01-i_1165__667170222172__central02_idx0127.png,data/raw/D3B_icdc_glioma/1.3.6.1.4.1.14519.5.2.1.119497583346189757803560372667170222172/1-128.dcm,2,127,256,0,glioma,0.49699684977531433,0.49699684977531433,0.7350919592164051,2.8003616333007812,0.49699684977531433,-2.681323289871216,0.0020686560310423374,2.7979915142059326,0.4958202838897705,-1.7761998176574707,0.005114206112921238
D3B_icdc_glioma,GLIOMA01-i_1165,1.3.6.1.4.1.14519.5.2.1.138967438947378494828155132414366986280,1.3.6.1.4.1.14519.5.2.1.119497583346189757803560372667170222172,MP RAGE FS +C SUB,MP RAGE FS +C,HEAD,glioma,collection_level_icdc_glioma,data/processed/D3B_icdc_glioma_selected_slices/GLIOMA01-i_1165/GLIOMA01-i_1165__667170222172__central03_idx0128.png,data/raw/D3B_icdc_glioma/1.3.6.1.4.1.14519.5.2.1.119497583346189757803560372667170222172/1-129.dcm,3,128,256,2,notumor,0.6285187602043152,0.3635590970516205,0.7027540524607734,2.4436962604522705,0.3635590970516205,-2.6569623947143555,0.0022150680888444185,2.9911203384399414,0.6285187602043152,-1.7105365991592407,0.005707089323550463
D3B_icdc_glioma,GLIOMA01-i_1165,1.3.6.1.4.1.14519.5.2.1.138967438947378494828155132414366986280,1.3.6.1.4.1.14519.5.2.1.119497583346189757803560372667170222172,MP RAGE FS +C SUB,MP RAGE FS +C,HEAD,glioma,collection_level_icdc_glioma,data/processed/D3B_icdc_glioma_selected_slices/GLIOMA01-i_1165/GLIOMA01-i_1165__667170222172__central04_idx0129.png,data/raw/D3B_icdc_glioma/1.3.6.1.4.1.14519.5.2.1.119497583346189757803560372667170222172/1-130.dcm,4,129,256,2,notumor,0.5934539437294006,0.4012529253959656,0.7069190843046258,2.645307779312134,0.4012529253959656,-2.979947805404663,0.0014467737637460232,3.036675453186035,0.5934539437294006,-2.002148389816284,0.0038463918026536703
D3B_icdc_glioma,GLIOMA01-i_1165,1.3.6.1.4.1.14519.5.2.1.138967438947378494828155132414366986280,1.3.6.1.4.1.14519.5.2.1.119497583346189757803560372667170222172,MP RAGE FS +C SUB,MP RAGE FS +C,HEAD,glioma,collection_level_icdc_glioma,data/processed/D3B_icdc_glioma_selected_slices/GLIOMA01-i_1165/GLIOMA01-i_1165__667170222172__central05_idx0130.png,data/raw/D3B_icdc_glioma/1.3.6.1.4.1.14519.5.2.1.119497583346189757803560372667170222172/1-131.dcm,5,130,256,2,notumor,0.781818687915802,0.2143561989068985,0.5464582408013786,2.289304733276367,0.2143561989068985,-2.603050708770752,0.0016084701055660844,3.5832884311676025,0.781818687915802,-2.2823548316955566,0.0022166105918586254
D3B_icdc_glioma,GLIOMA01-i_8743,1.3.6.1.4.1.14519.5.2.1.292914470163135235245310885293451696300,1.3.6.1.4.1.14519.5.2.1.126374909903560581946131420797090115492,AX FSE T1,BRAIN CARDIAC COIL/4,HEAD,glioma,collection_level_icdc_glioma,data/processed/D3B_icdc_glioma_selected_slices/GLIOMA01-i_8743/GLIOMA01-i_8743__797090115492__central01_idx0012.png,data/raw/D3B_icdc_glioma/1.3.6.1.4.1.14519.5.2.1.126374909903560581946131420797090115492/1-13.dcm,1,12,28,0,glioma,0.6307370662689209,0.6307370662689209,0.7257612361907998,3.0076184272766113,0.6307370662689209,-0.7371650338172913,0.01491109561175108,2.429187297821045,0.353703111410141,-3.871941089630127,0.000648774323053658
D3B_icdc_glioma,GLIOMA01-i_8743,1.3.6.1.4.1.14519.5.2.1.292914470163135235245310885293451696300,1.3.6.1.4.1.14519.5.2.1.126374909903560581946131420797090115492,AX FSE T1,BRAIN CARDIAC COIL/4,HEAD,glioma,collection_level_icdc_glioma,data/processed/D3B_icdc_glioma_selected_slices/GLIOMA01-i_8743/GLIOMA01-i_8743__797090115492__central02_idx0013.png,data/raw/D3B_icdc_glioma/1.3.6.1.4.1.14519.5.2.1.126374909903560581946131420797090115492/1-14.dcm,2,13,28,0,glioma,0.8456066846847534,0.8456066846847534,0.4636444188521492,3.643228054046631,0.8456066846847534,-1.0616202354431152,0.007653829641640186,1.8889015913009644,0.14631004631519318,-3.9419760704040527,0.00042949302587658167
D3B_icdc_glioma,GLIOMA01-i_8743,1.3.6.1.4.1.14519.5.2.1.292914470163135235245310885293451696300,1.3.6.1.4.1.14519.5.2.1.126374909903560581946131420797090115492,AX FSE T1,BRAIN CARDIAC COIL/4,HEAD,glioma,collection_level_icdc_glioma,data/processed/D3B_icdc_glioma_selected_slices/GLIOMA01-i_8743/GLIOMA01-i_8743__797090115492__central03_idx0014.png,data/raw/D3B_icdc_glioma/1.3.6.1.4.1.14519.5.2.1.126374909903560581946131420797090115492/1-15.dcm,3,14,28,0,glioma,0.9343792200088501,0.9343792200088501,0.24927435054587987,4.456308364868164,0.9343792200088501,-2.449796199798584,0.0009359229006804526,1.7804348468780518,0.06432889401912689,-3.41672420501709,0.0003558840835466981
D3B_icdc_glioma,GLIOMA01-i_8743,1.3.6.1.4.1.14519.5.2.1.292914470163135235245310885293451696300,1.3.6.1.4.1.14519.5.2.1.126374909903560581946131420797090115492,AX FSE T1,BRAIN CARDIAC COIL/4,HEAD,glioma,collection_level_icdc_glioma,data/processed/D3B_icdc_glioma_selected_slices/GLIOMA01-i_8743/GLIOMA01-i_8743__797090115492__central04_idx0015.png,data/raw/D3B_icdc_glioma/1.3.6.1.4.1.14519.5.2.1.126374909903560581946131420797090115492/1-16.dcm,4,15,28,0,glioma,0.7262648940086365,0.7262648940086365,0.5955000686753575,3.9099650382995605,0.7262648940086365,-2.8064475059509277,0.0008794156601652503,2.929734706878662,0.2725124955177307,-3.7473652362823486,0.00034320898703299463
D3B_icdc_glioma,GLIOMA01-i_8743,1.3.6.1.4.1.14519.5.2.1.292914470163135235245310885293451696300,1.3.6.1.4.1.14519.5.2.1.126374909903560581946131420797090115492,AX FSE T1,BRAIN CARDIAC COIL/4,HEAD,glioma,collection_level_icdc_glioma,data/processed/D3B_icdc_glioma_selected_slices/GLIOMA01-i_8743/GLIOMA01-i_8743__797090115492__central05_idx0016.png,data/raw/D3B_icdc_glioma/1.3.6.1.4.1.14519.5.2.1.126374909903560581946131420797090115492/1-17.dcm,5,16,28,2,notumor,0.5680363774299622,0.4296630918979645,0.6990860433874859,3.148096799850464,0.4296630918979645,-2.2206273078918457,0.002002261346206069,3.427280902862549,0.5680363774299622,-4.1246466636657715,0.000298274215310812
D3B_icdc_glioma,GLIOMA01-i_FECA,1.3.6.1.4.1.14519.5.2.1.219496406064454363522821095725012577639,1.3.6.1.4.1.14519.5.2.1.129647912181564009003674418318949601014,T1/T/SE  +C,T1/T/SE  +C,HEAD,glioma,collection_level_icdc_glioma,data/processed/D3B_icdc_glioma_selected_slices/GLIOMA01-i_FECA/GLIOMA01-i_FECA__318949601014__central01_idx0006.png,data/raw/D3B_icdc_glioma/1.3.6.1.4.1.14519.5.2.1.129647912181564009003674418318949601014/1-07.dcm,1,6,16,2,notumor,0.6100608110427856,0.3193855285644531,0.867493766981319,1.38749361038208,0.3193855285644531,-0.17587080597877502,0.06688898801803589,2.034653425216675,0.6100608110427856,-3.0801777839660645,0.0036646313965320587
D3B_icdc_glioma,GLIOMA01-i_FECA,1.3.6.1.4.1.14519.5.2.1.219496406064454363522821095725012577639,1.3.6.1.4.1.14519.5.2.1.129647912181564009003674418318949601014,T1/T/SE  +C,T1/T/SE  +C,HEAD,glioma,collection_level_icdc_glioma,data/processed/D3B_icdc_glioma_selected_slices/GLIOMA01-i_FECA/GLIOMA01-i_FECA__318949601014__central02_idx0007.png,data/raw/D3B_icdc_glioma/1.3.6.1.4.1.14519.5.2.1.129647912181564009003674418318949601014/1-08.dcm,2,7,16,2,notumor,0.7420018911361694,0.19960090517997742,0.7228723992880389,0.8873777389526367,0.19960090517997742,-0.4081355333328247,0.0546422004699707,2.2004096508026123,0.7420018911361694,-3.0858545303344727,0.0037549964617937803
D3B_icdc_glioma,GLIOMA01-i_FECA,1.3.6.1.4.1.14519.5.2.1.219496406064454363522821095725012577639,1.3.6.1.4.1.14519.5.2.1.129647912181564009003674418318949601014,T1/T/SE  +C,T1/T/SE  +C,HEAD,glioma,collection_level_icdc_glioma,data/processed/D3B_icdc_glioma_selected_slices/GLIOMA01-i_FECA/GLIOMA01-i_FECA__318949601014__central03_idx0008.png,data/raw/D3B_icdc_glioma/1.3.6.1.4.1.14519.5.2.1.129647912181564009003674418318949601014/1-09.dcm,3,8,16,2,notumor,0.9108331799507141,0.08564182370901108,0.3168725171649804,1.5840797424316406,0.08564182370901108,-1.7565292119979858,0.003033038228750229,3.948265790939331,0.9108331799507141,-3.5755836963653564,0.0004918951308354735
D3B_icdc_glioma,GLIOMA01-i_FECA,1.3.6.1.4.1.14519.5.2.1.219496406064454363522821095725012577639,1.3.6.1.4.1.14519.5.2.1.129647912181564009003674418318949601014,T1/T/SE  +C,T1/T/SE  +C,HEAD,glioma,collection_level_icdc_glioma,data/processed/D3B_icdc_glioma_selected_slices/GLIOMA01-i_FECA/GLIOMA01-i_FECA__318949601014__central04_idx0009.png,data/raw/D3B_icdc_glioma/1.3.6.1.4.1.14519.5.2.1.129647912181564009003674418318949601014/1-10.dcm,4,9,16,1,meningioma,0.4300028383731842,0.29536110162734985,1.0890502558691153,1.4231489896774292,0.29536110162734985,1.7987420558929443,0.4300028383731842,1.3436927795410156,0.272801011800766,-3.657982587814331,0.001835041563026607
D3B_icdc_glioma,GLIOMA01-i_FECA,1.3.6.1.4.1.14519.5.2.1.219496406064454363522821095725012577639,1.3.6.1.4.1.14519.5.2.1.129647912181564009003674418318949601014,T1/T/SE  +C,T1/T/SE  +C,HEAD,glioma,collection_level_icdc_glioma,data/processed/D3B_icdc_glioma_selected_slices/GLIOMA01-i_FECA/GLIOMA01-i_FECA__318949601014__central05_idx0010.png,data/raw/D3B_icdc_glioma/1.3.6.1.4.1.14519.5.2.1.129647912181564009003674418318949601014/1-11.dcm,5,10,16,1,meningioma,0.7491458058357239,0.14716306328773499,0.7383043275582097,1.1427139043807983,0.14716306328773499,2.770106315612793,0.7491458058357239,0.7843396663665771,0.10283923149108887,-4.008979797363281,0.0008520138217136264
D3B_icdc_glioma,GLIOMA01-i_05CA,1.3.6.1.4.1.14519.5.2.1.204647078142213578871402112392304405271,1.3.6.1.4.1.14519.5.2.1.134195134137667202942465181548202178049,T1 FS TRANS +C,T1 FS TRANS +C,HEAD,glioma,collection_level_icdc_glioma,data/processed/D3B_icdc_glioma_selected_slices/GLIOMA01-i_05CA/GLIOMA01-i_05CA__548202178049__central01_idx0014.png,data/raw/D3B_icdc_glioma/1.3.6.1.4.1.14519.5.2.1.134195134137667202942465181548202178049/1-15.dcm,1,14,32,2,notumor,0.9805553555488586,0.018243959173560143,0.10119783850582875,0.7803685665130615,0.018243959173560143,-2.7792930603027344,0.0005190123338252306,4.76465368270874,0.9805553555488586,-2.506563425064087,0.0006817459361627698
D3B_icdc_glioma,GLIOMA01-i_05CA,1.3.6.1.4.1.14519.5.2.1.204647078142213578871402112392304405271,1.3.6.1.4.1.14519.5.2.1.134195134137667202942465181548202178049,T1 FS TRANS +C,T1 FS TRANS +C,HEAD,glioma,collection_level_icdc_glioma,data/processed/D3B_icdc_glioma_selected_slices/GLIOMA01-i_05CA/GLIOMA01-i_05CA__548202178049__central02_idx0015.png,data/raw/D3B_icdc_glioma/1.3.6.1.4.1.14519.5.2.1.134195134137667202942465181548202178049/1-16.dcm,2,15,32,2,notumor,0.9958508014678955,0.0027264186646789312,0.030134184208212036,-0.6309871673583984,0.0027264186646789312,-3.2692959308624268,0.00019488998805172741,5.2696213722229,0.9958508014678955,-1.4286932945251465,0.0012278723297640681
D3B_icdc_glioma,GLIOMA01-i_05CA,1.3.6.1.4.1.14519.5.2.1.204647078142213578871402112392304405271,1.3.6.1.4.1.14519.5.2.1.134195134137667202942465181548202178049,T1 FS TRANS +C,T1 FS TRANS +C,HEAD,glioma,collection_level_icdc_glioma,data/processed/D3B_icdc_glioma_selected_slices/GLIOMA01-i_05CA/GLIOMA01-i_05CA__548202178049__central03_idx0016.png,data/raw/D3B_icdc_glioma/1.3.6.1.4.1.14519.5.2.1.134195134137667202942465181548202178049/1-17.dcm,3,16,32,2,notumor,0.9963085055351257,0.0022089644335210323,0.027299386625780055,-0.6480379104614258,0.0022089644335210323,-3.4524974822998047,0.0001337295543635264,5.463495254516602,0.9963085055351257,-1.1413514614105225,0.0013487929245457053
D3B_icdc_glioma,GLIOMA01-i_05CA,1.3.6.1.4.1.14519.5.2.1.204647078142213578871402112392304405271,1.3.6.1.4.1.14519.5.2.1.134195134137667202942465181548202178049,T1 FS TRANS +C,T1 FS TRANS +C,HEAD,glioma,collection_level_icdc_glioma,data/processed/D3B_icdc_glioma_selected_slices/GLIOMA01-i_05CA/GLIOMA01-i_05CA__548202178049__central04_idx0017.png,data/raw/D3B_icdc_glioma/1.3.6.1.4.1.14519.5.2.1.134195134137667202942465181548202178049/1-18.dcm,4,17,32,2,notumor,0.9919583797454834,0.006524729076772928,0.05168026063391443,-0.1212196871638298,0.006524729076772928,-2.602372407913208,0.0005457721999846399,4.902862071990967,0.9919583797454834,-2.0260660648345947,0.0009711763123050332
D3B_icdc_glioma,GLIOMA01-i_05CA,1.3.6.1.4.1.14519.5.2.1.204647078142213578871402112392304405271,1.3.6.1.4.1.14519.5.2.1.134195134137667202942465181548202178049,T1 FS TRANS +C,T1 FS TRANS +C,HEAD,glioma,collection_level_icdc_glioma,data/processed/D3B_icdc_glioma_selected_slices/GLIOMA01-i_05CA/GLIOMA01-i_05CA__548202178049__central05_idx0018.png,data/raw/D3B_icdc_glioma/1.3.6.1.4.1.14519.5.2.1.134195134137667202942465181548202178049/1-19.dcm,5,18,32,2,notumor,0.9927553534507751,0.006082798819988966,0.04686985161889955,-0.032493315637111664,0.006082798819988966,-2.68976092338562,0.0004266451287548989,5.062526226043701,0.9927553534507751,-2.1455729007720947,0.0007351982640102506
D3B_icdc_glioma,GLIOMA01-i_D026,1.3.6.1.4.1.14519.5.2.1.147967266238547574979539666384120283684,1.3.6.1.4.1.14519.5.2.1.140279437954891376987651232566447039670,FSPGR 3D,BRAIN CARDIAC COIL/8,HEAD,glioma,collection_level_icdc_glioma,data/processed/D3B_icdc_glioma_selected_slices/GLIOMA01-i_D026/GLIOMA01-i_D026__566447039670__central01_idx0080.png,data/raw/D3B_icdc_glioma/1.3.6.1.4.1.14519.5.2.1.140279437954891376987651232566447039670/1-081.dcm,1,80,164,2,notumor,0.5187016129493713,0.4687269628047943,0.7569316771750382,2.172281503677368,0.4687269628047943,-3.066152572631836,0.002488265745341778,2.273589849472046,0.5187016129493713,-1.6668660640716553,0.010083220899105072
D3B_icdc_glioma,GLIOMA01-i_D026,1.3.6.1.4.1.14519.5.2.1.147967266238547574979539666384120283684,1.3.6.1.4.1.14519.5.2.1.140279437954891376987651232566447039670,FSPGR 3D,BRAIN CARDIAC COIL/8,HEAD,glioma,collection_level_icdc_glioma,data/processed/D3B_icdc_glioma_selected_slices/GLIOMA01-i_D026/GLIOMA01-i_D026__566447039670__central02_idx0081.png,data/raw/D3B_icdc_glioma/1.3.6.1.4.1.14519.5.2.1.140279437954891376987651232566447039670/1-082.dcm,2,81,164,0,glioma,0.7747997641563416,0.7747997641563416,0.6034015852732941,2.574073553085327,0.7747997641563416,-2.5544300079345703,0.004591013304889202,1.2602956295013428,0.2082681953907013,-1.5656046867370605,0.01234099455177784
D3B_icdc_glioma,GLIOMA01-i_D026,1.3.6.1.4.1.14519.5.2.1.147967266238547574979539666384120283684,1.3.6.1.4.1.14519.5.2.1.140279437954891376987651232566447039670,FSPGR 3D,BRAIN CARDIAC COIL/8,HEAD,glioma,collection_level_icdc_glioma,data/processed/D3B_icdc_glioma_selected_slices/GLIOMA01-i_D026/GLIOMA01-i_D026__566447039670__central03_idx0082.png,data/raw/D3B_icdc_glioma/1.3.6.1.4.1.14519.5.2.1.140279437954891376987651232566447039670/1-083.dcm,3,82,164,0,glioma,0.9246252179145813,0.9246252179145813,0.3006577196712732,3.3551816940307617,0.9246252179145813,-2.2831778526306152,0.003290465334430337,0.721990168094635,0.06643320620059967,-1.742354393005371,0.005651112180203199
D3B_icdc_glioma,GLIOMA01-i_D026,1.3.6.1.4.1.14519.5.2.1.147967266238547574979539666384120283684,1.3.6.1.4.1.14519.5.2.1.140279437954891376987651232566447039670,FSPGR 3D,BRAIN CARDIAC COIL/8,HEAD,glioma,collection_level_icdc_glioma,data/processed/D3B_icdc_glioma_selected_slices/GLIOMA01-i_D026/GLIOMA01-i_D026__566447039670__central04_idx0083.png,data/raw/D3B_icdc_glioma/1.3.6.1.4.1.14519.5.2.1.140279437954891376987651232566447039670/1-084.dcm,4,83,164,0,glioma,0.8711147904396057,0.8711147904396057,0.44414756066903116,2.8867664337158203,0.8711147904396057,-2.2552833557128906,0.005092271137982607,0.8374549746513367,0.11222013831138611,-1.434352159500122,0.011572776362299919
D3B_icdc_glioma,GLIOMA01-i_D026,1.3.6.1.4.1.14519.5.2.1.147967266238547574979539666384120283684,1.3.6.1.4.1.14519.5.2.1.140279437954891376987651232566447039670,FSPGR 3D,BRAIN CARDIAC COIL/8,HEAD,glioma,collection_level_icdc_glioma,data/processed/D3B_icdc_glioma_selected_slices/GLIOMA01-i_D026/GLIOMA01-i_D026__566447039670__central05_idx0084.png,data/raw/D3B_icdc_glioma/1.3.6.1.4.1.14519.5.2.1.140279437954891376987651232566447039670/1-085.dcm,5,84,164,0,glioma,0.6237155199050903,0.6237155199050903,0.7905778562028024,2.0505642890930176,0.6237155199050903,-2.423535108566284,0.00711066136136651,1.4541717767715454,0.34353938698768616,-1.141195297241211,0.025634391233325005
D3B_icdc_glioma,GLIOMA01-i_0FF0,1.3.6.1.4.1.14519.5.2.1.158198985759400658053234760166855309047,1.3.6.1.4.1.14519.5.2.1.145185012510140618200318931731146332261,O-Ax T1 SE S,"Brain, Dual Coil/",HEAD,glioma,collection_level_icdc_glioma,data/processed/D3B_icdc_glioma_selected_slices/GLIOMA01-i_0FF0/GLIOMA01-i_0FF0__731146332261__central01_idx0008.png,data/raw/D3B_icdc_glioma/1.3.6.1.4.1.14519.5.2.1.145185012510140618200318931731146332261/1-09.dcm,1,8,20,2,notumor,0.9885392785072327,0.007468032650649548,0.07079653244213832,0.14963003993034363,0.007468032650649548,-3.4989476203918457,0.00019437895389273763,5.035226821899414,0.9885392785072327,-0.5264443159103394,0.0037983134388923645
D3B_icdc_glioma,GLIOMA01-i_0FF0,1.3.6.1.4.1.14519.5.2.1.158198985759400658053234760166855309047,1.3.6.1.4.1.14519.5.2.1.145185012510140618200318931731146332261,O-Ax T1 SE S,"Brain, Dual Coil/",HEAD,glioma,collection_level_icdc_glioma,data/processed/D3B_icdc_glioma_selected_slices/GLIOMA01-i_0FF0/GLIOMA01-i_0FF0__731146332261__central02_idx0009.png,data/raw/D3B_icdc_glioma/1.3.6.1.4.1.14519.5.2.1.145185012510140618200318931731146332261/1-10.dcm,2,9,20,2,notumor,0.7617265582084656,0.22554609179496765,0.6025130785302145,1.9248034954071045,0.22554609179496765,-3.3911638259887695,0.0011080006370320916,3.141866683959961,0.7617265582084656,-1.0410428047180176,0.01161942258477211
D3B_icdc_glioma,GLIOMA01-i_0FF0,1.3.6.1.4.1.14519.5.2.1.158198985759400658053234760166855309047,1.3.6.1.4.1.14519.5.2.1.145185012510140618200318931731146332261,O-Ax T1 SE S,"Brain, Dual Coil/",HEAD,glioma,collection_level_icdc_glioma,data/processed/D3B_icdc_glioma_selected_slices/GLIOMA01-i_0FF0/GLIOMA01-i_0FF0__731146332261__central03_idx0010.png,data/raw/D3B_icdc_glioma/1.3.6.1.4.1.14519.5.2.1.145185012510140618200318931731146332261/1-11.dcm,3,10,20,2,notumor,0.763924241065979,0.2326139658689499,0.5669665662716701,2.4182329177856445,0.2326139658689499,-2.4956610202789307,0.0017082784324884415,3.607321262359619,0.763924241065979,-2.469533681869507,0.001753500197082758
D3B_icdc_glioma,GLIOMA01-i_0FF0,1.3.6.1.4.1.14519.5.2.1.158198985759400658053234760166855309047,1.3.6.1.4.1.14519.5.2.1.145185012510140618200318931731146332261,O-Ax T1 SE S,"Brain, Dual Coil/",HEAD,glioma,collection_level_icdc_glioma,data/processed/D3B_icdc_glioma_selected_slices/GLIOMA01-i_0FF0/GLIOMA01-i_0FF0__731146332261__central04_idx0011.png,data/raw/D3B_icdc_glioma/1.3.6.1.4.1.14519.5.2.1.145185012510140618200318931731146332261/1-12.dcm,4,11,20,2,notumor,0.9695377349853516,0.0258377343416214,0.1516937351380155,0.5941181182861328,0.0258377343416214,-2.687089204788208,0.0009710556478239596,4.219101428985596,0.9695377349853516,-1.362060546875,0.003653397085145116
D3B_icdc_glioma,GLIOMA01-i_0FF0,1.3.6.1.4.1.14519.5.2.1.158198985759400658053234760166855309047,1.3.6.1.4.1.14519.5.2.1.145185012510140618200318931731146332261,O-Ax T1 SE S,"Brain, Dual Coil/",HEAD,glioma,collection_level_icdc_glioma,data/processed/D3B_icdc_glioma_selected_slices/GLIOMA01-i_0FF0/GLIOMA01-i_0FF0__731146332261__central05_idx0012.png,data/raw/D3B_icdc_glioma/1.3.6.1.4.1.14519.5.2.1.145185012510140618200318931731146332261/1-13.dcm,5,12,20,2,notumor,0.8914870619773865,0.1021789163351059,0.37182012101025724,1.2596242427825928,0.1021789163351059,-2.047489643096924,0.0037419667933136225,3.4257898330688477,0.8914870619773865,-2.41467022895813,0.0025920034386217594
D3B_icdc_glioma,GLIOMA01-i_6454,1.3.6.1.4.1.14519.5.2.1.131202284249283473488626711122269899807,1.3.6.1.4.1.14519.5.2.1.14543132867466309601670285112662324635,RAGE FS +C TRANS,MP RAGE FS +C,HEAD,glioma,collection_level_icdc_glioma,data/processed/D3B_icdc_glioma_selected_slices/GLIOMA01-i_6454/GLIOMA01-i_6454__112662324635__central01_idx0019.png,data/raw/D3B_icdc_glioma/1.3.6.1.4.1.14519.5.2.1.14543132867466309601670285112662324635/1-20.dcm,1,19,42,2,notumor,0.9646962881088257,0.03248058632016182,0.16367952975114594,1.0961925983428955,0.03248058632016182,-3.3452439308166504,0.00038258900167420506,4.487363338470459,0.9646962881088257,-1.4922099113464355,0.002440590411424637
D3B_icdc_glioma,GLIOMA01-i_6454,1.3.6.1.4.1.14519.5.2.1.131202284249283473488626711122269899807,1.3.6.1.4.1.14519.5.2.1.14543132867466309601670285112662324635,RAGE FS +C TRANS,MP RAGE FS +C,HEAD,glioma,collection_level_icdc_glioma,data/processed/D3B_icdc_glioma_selected_slices/GLIOMA01-i_6454/GLIOMA01-i_6454__112662324635__central02_idx0020.png,data/raw/D3B_icdc_glioma/1.3.6.1.4.1.14519.5.2.1.14543132867466309601670285112662324635/1-21.dcm,2,20,42,2,notumor,0.9657460451126099,0.03181906417012215,0.1592748145677373,1.0668022632598877,0.03181906417012215,-3.0523757934570312,0.000517310225404799,4.479637622833252,0.9657460451126099,-1.7422034740447998,0.0019175722263753414
D3B_icdc_glioma,GLIOMA01-i_6454,1.3.6.1.4.1.14519.5.2.1.131202284249283473488626711122269899807,1.3.6.1.4.1.14519.5.2.1.14543132867466309601670285112662324635,RAGE FS +C TRANS,MP RAGE FS +C,HEAD,glioma,collection_level_icdc_glioma,data/processed/D3B_icdc_glioma_selected_slices/GLIOMA01-i_6454/GLIOMA01-i_6454__112662324635__central03_idx0021.png,data/raw/D3B_icdc_glioma/1.3.6.1.4.1.14519.5.2.1.14543132867466309601670285112662324635/1-22.dcm,3,21,42,2,notumor,0.9821093082427979,0.016860906034708023,0.09419157729185687,0.9523035287857056,0.016860906034708023,-3.368847370147705,0.00022399018052965403,5.017008304595947,0.9821093082427979,-2.088564157485962,0.0008058399544097483
D3B_icdc_glioma,GLIOMA01-i_6454,1.3.6.1.4.1.14519.5.2.1.131202284249283473488626711122269899807,1.3.6.1.4.1.14519.5.2.1.14543132867466309601670285112662324635,RAGE FS +C TRANS,MP RAGE FS +C,HEAD,glioma,collection_level_icdc_glioma,data/processed/D3B_icdc_glioma_selected_slices/GLIOMA01-i_6454/GLIOMA01-i_6454__112662324635__central04_idx0022.png,data/raw/D3B_icdc_glioma/1.3.6.1.4.1.14519.5.2.1.14543132867466309601670285112662324635/1-23.dcm,4,22,42,2,notumor,0.9147940278053284,0.08251369744539261,0.30489221145423606,1.7083817720413208,0.08251369744539261,-2.9274027347564697,0.0008002586546353996,4.114116191864014,0.9147940278053284,-2.0669281482696533,0.0018920375732704997
D3B_icdc_glioma,GLIOMA01-i_6454,1.3.6.1.4.1.14519.5.2.1.131202284249283473488626711122269899807,1.3.6.1.4.1.14519.5.2.1.14543132867466309601670285112662324635,RAGE FS +C TRANS,MP RAGE FS +C,HEAD,glioma,collection_level_icdc_glioma,data/processed/D3B_icdc_glioma_selected_slices/GLIOMA01-i_6454/GLIOMA01-i_6454__112662324635__central05_idx0023.png,data/raw/D3B_icdc_glioma/1.3.6.1.4.1.14519.5.2.1.14543132867466309601670285112662324635/1-24.dcm,5,23,42,2,notumor,0.8839111924171448,0.11172402650117874,0.38008491242074893,1.764909267425537,0.11172402650117874,-2.889026403427124,0.0010640645632520318,3.8332340717315674,0.8839111924171448,-1.7569822072982788,0.0033007191959768534
D3B_icdc_glioma,GLIOMA01-i_A71E,1.3.6.1.4.1.14519.5.2.1.103043962838632210500037872750432735043,1.3.6.1.4.1.14519.5.2.1.14701725966354560681293302391612854512,T1/T/SE  +C,T1/T/SE  +C,HEAD,glioma,collection_level_icdc_glioma,data/processed/D3B_icdc_glioma_selected_slices/GLIOMA01-i_A71E/GLIOMA01-i_A71E__391612854512__central01_idx0008.png,data/raw/D3B_icdc_glioma/1.3.6.1.4.1.14519.5.2.1.14701725966354560681293302391612854512/1-09.dcm,1,8,20,0,glioma,0.5851314067840576,0.5851314067840576,0.8357216044511977,1.9757957458496094,0.5851314067840576,-0.5878698229789734,0.0450679212808609,1.5103633403778076,0.3673827052116394,-3.513122320175171,0.0024179453030228615
D3B_icdc_glioma,GLIOMA01-i_A71E,1.3.6.1.4.1.14519.5.2.1.103043962838632210500037872750432735043,1.3.6.1.4.1.14519.5.2.1.14701725966354560681293302391612854512,T1/T/SE  +C,T1/T/SE  +C,HEAD,glioma,collection_level_icdc_glioma,data/processed/D3B_icdc_glioma_selected_slices/GLIOMA01-i_A71E/GLIOMA01-i_A71E__391612854512__central02_idx0009.png,data/raw/D3B_icdc_glioma/1.3.6.1.4.1.14519.5.2.1.14701725966354560681293302391612854512/1-10.dcm,2,9,20,2,notumor,0.6669395565986633,0.32679861783981323,0.6692528605043967,2.311375141143799,0.32679861783981323,-1.7339060306549072,0.005720538552850485,3.0247304439544678,0.6669395565986633,-4.0919318199157715,0.0005412020836956799
D3B_icdc_glioma,GLIOMA01-i_A71E,1.3.6.1.4.1.14519.5.2.1.103043962838632210500037872750432735043,1.3.6.1.4.1.14519.5.2.1.14701725966354560681293302391612854512,T1/T/SE  +C,T1/T/SE  +C,HEAD,glioma,collection_level_icdc_glioma,data/processed/D3B_icdc_glioma_selected_slices/GLIOMA01-i_A71E/GLIOMA01-i_A71E__391612854512__central03_idx0010.png,data/raw/D3B_icdc_glioma/1.3.6.1.4.1.14519.5.2.1.14701725966354560681293302391612854512/1-11.dcm,3,10,20,2,notumor,0.9096066355705261,0.08645568788051605,0.32104431126315286,1.4574694633483887,0.08645568788051605,-1.7540684938430786,0.0034836973063647747,3.810849666595459,0.9096066355705261,-3.7918014526367188,0.0004540087247733027
D3B_icdc_glioma,GLIOMA01-i_A71E,1.3.6.1.4.1.14519.5.2.1.103043962838632210500037872750432735043,1.3.6.1.4.1.14519.5.2.1.14701725966354560681293302391612854512,T1/T/SE  +C,T1/T/SE  +C,HEAD,glioma,collection_level_icdc_glioma,data/processed/D3B_icdc_glioma_selected_slices/GLIOMA01-i_A71E/GLIOMA01-i_A71E__391612854512__central04_idx0011.png,data/raw/D3B_icdc_glioma/1.3.6.1.4.1.14519.5.2.1.14701725966354560681293302391612854512/1-12.dcm,4,11,20,2,notumor,0.8602482080459595,0.1000349372625351,0.49194154461042533,0.9962234497070312,0.1000349372625351,0.051474202424287796,0.03889128193259239,3.1479249000549316,0.8602482080459595,-3.800945997238159,0.0008255959837697446
D3B_icdc_glioma,GLIOMA01-i_A71E,1.3.6.1.4.1.14519.5.2.1.103043962838632210500037872750432735043,1.3.6.1.4.1.14519.5.2.1.14701725966354560681293302391612854512,T1/T/SE  +C,T1/T/SE  +C,HEAD,glioma,collection_level_icdc_glioma,data/processed/D3B_icdc_glioma_selected_slices/GLIOMA01-i_A71E/GLIOMA01-i_A71E__391612854512__central05_idx0012.png,data/raw/D3B_icdc_glioma/1.3.6.1.4.1.14519.5.2.1.14701725966354560681293302391612854512/1-13.dcm,5,12,20,2,notumor,0.9674112796783447,0.02918034978210926,0.15539772452570505,1.1569358110427856,0.02918034978210926,-1.06108558177948,0.003175528720021248,4.658063888549805,0.9674112796783447,-3.673574209213257,0.00023293062986340374
D3B_icdc_glioma,GLIOMA01-i_E952,1.3.6.1.4.1.14519.5.2.1.117926907228339261453178550732951473986,1.3.6.1.4.1.14519.5.2.1.149772195201549816296268757789670216014,BRAIN/T1_TRANS,,HEAD,glioma,collection_level_icdc_glioma,data/processed/D3B_icdc_glioma_selected_slices/GLIOMA01-i_E952/GLIOMA01-i_E952__789670216014__central01_idx0007.png,data/raw/D3B_icdc_glioma/1.3.6.1.4.1.14519.5.2.1.149772195201549816296268757789670216014/1-08.dcm,1,7,19,1,meningioma,0.6922248005867004,0.30412670969963074,0.6385752883476815,2.5118093490600586,0.30412670969963074,3.334275722503662,0.6922248005867004,-2.0588488578796387,0.0031480593606829643,-3.89801287651062,0.0005003849510103464
D3B_icdc_glioma,GLIOMA01-i_E952,1.3.6.1.4.1.14519.5.2.1.117926907228339261453178550732951473986,1.3.6.1.4.1.14519.5.2.1.149772195201549816296268757789670216014,BRAIN/T1_TRANS,,HEAD,glioma,collection_level_icdc_glioma,data/processed/D3B_icdc_glioma_selected_slices/GLIOMA01-i_E952/GLIOMA01-i_E952__789670216014__central02_idx0008.png,data/raw/D3B_icdc_glioma/1.3.6.1.4.1.14519.5.2.1.149772195201549816296268757789670216014/1-09.dcm,2,8,19,1,meningioma,0.7947088479995728,0.1658577173948288,0.6132671424249589,1.1870752573013306,0.1658577173948288,2.753920793533325,0.7947088479995728,-0.27891016006469727,0.03828831762075424,-3.788492202758789,0.001145181362517178
D3B_icdc_glioma,GLIOMA01-i_E952,1.3.6.1.4.1.14519.5.2.1.117926907228339261453178550732951473986,1.3.6.1.4.1.14519.5.2.1.149772195201549816296268757789670216014,BRAIN/T1_TRANS,,HEAD,glioma,collection_level_icdc_glioma,data/processed/D3B_icdc_glioma_selected_slices/GLIOMA01-i_E952/GLIOMA01-i_E952__789670216014__central03_idx0009.png,data/raw/D3B_icdc_glioma/1.3.6.1.4.1.14519.5.2.1.149772195201549816296268757789670216014/1-10.dcm,3,9,19,0,glioma,0.6503486037254333,0.6503486037254333,0.7598175146462872,2.3741042613983154,0.6503486037254333,-0.7425355315208435,0.02881421148777008,1.6607005596160889,0.3186536729335785,-3.3224689960479736,0.002183513483032584
D3B_icdc_glioma,GLIOMA01-i_E952,1.3.6.1.4.1.14519.5.2.1.117926907228339261453178550732951473986,1.3.6.1.4.1.14519.5.2.1.149772195201549816296268757789670216014,BRAIN/T1_TRANS,,HEAD,glioma,collection_level_icdc_glioma,data/processed/D3B_icdc_glioma_selected_slices/GLIOMA01-i_E952/GLIOMA01-i_E952__789670216014__central04_idx0010.png,data/raw/D3B_icdc_glioma/1.3.6.1.4.1.14519.5.2.1.149772195201549816296268757789670216014/1-11.dcm,4,10,19,0,glioma,0.6187019944190979,0.6187019944190979,0.876281889862301,1.995429515838623,0.6187019944190979,1.2861096858978271,0.3043881952762604,-0.16419018805027008,0.07137902081012726,-2.7218704223632812,0.005530751775950193
D3B_icdc_glioma,GLIOMA01-i_E952,1.3.6.1.4.1.14519.5.2.1.117926907228339261453178550732951473986,1.3.6.1.4.1.14519.5.2.1.149772195201549816296268757789670216014,BRAIN/T1_TRANS,,HEAD,glioma,collection_level_icdc_glioma,data/processed/D3B_icdc_glioma_selected_slices/GLIOMA01-i_E952/GLIOMA01-i_E952__789670216014__central05_idx0011.png,data/raw/D3B_icdc_glioma/1.3.6.1.4.1.14519.5.2.1.149772195201549816296268757789670216014/1-12.dcm,5,11,19,0,glioma,0.7761971354484558,0.7761971354484558,0.6266503675864573,2.9198243618011475,0.7761971354484558,1.5243964195251465,0.19228500127792358,-0.31222569942474365,0.03064154088497162,-3.866664171218872,0.0008762691868469119
D3B_icdc_glioma,GLIOMA01-i_2C4F,1.3.6.1.4.1.14519.5.2.1.291980711097592015449079747618518953007,1.3.6.1.4.1.14519.5.2.1.151890012878496215654971844639837033156,RAGE FS TRANS +C,MP RAGE FS +C,HEAD,glioma,collection_level_icdc_glioma,data/processed/D3B_icdc_glioma_selected_slices/GLIOMA01-i_2C4F/GLIOMA01-i_2C4F__639837033156__central01_idx0029.png,data/raw/D3B_icdc_glioma/1.3.6.1.4.1.14519.5.2.1.151890012878496215654971844639837033156/1-30.dcm,1,29,62,1,meningioma,0.7532051205635071,0.2112487256526947,0.6643337015436858,1.584230899810791,0.2112487256526947,2.855532169342041,0.7532051205635071,-0.22065266966819763,0.034749072045087814,-3.9956557750701904,0.0007970402366481721
D3B_icdc_glioma,GLIOMA01-i_2C4F,1.3.6.1.4.1.14519.5.2.1.291980711097592015449079747618518953007,1.3.6.1.4.1.14519.5.2.1.151890012878496215654971844639837033156,RAGE FS TRANS +C,MP RAGE FS +C,HEAD,glioma,collection_level_icdc_glioma,data/processed/D3B_icdc_glioma_selected_slices/GLIOMA01-i_2C4F/GLIOMA01-i_2C4F__639837033156__central02_idx0030.png,data/raw/D3B_icdc_glioma/1.3.6.1.4.1.14519.5.2.1.151890012878496215654971844639837033156/1-31.dcm,2,30,62,0,glioma,0.49102354049682617,0.49102354049682617,0.9838943561717449,1.8780319690704346,0.49102354049682617,1.6386845111846924,0.3865049183368683,0.47326913475990295,0.120509572327137,-3.6445372104644775,0.001961918780580163
D3B_icdc_glioma,GLIOMA01-i_2C4F,1.3.6.1.4.1.14519.5.2.1.291980711097592015449079747618518953007,1.3.6.1.4.1.14519.5.2.1.151890012878496215654971844639837033156,RAGE FS TRANS +C,MP RAGE FS +C,HEAD,glioma,collection_level_icdc_glioma,data/processed/D3B_icdc_glioma_selected_slices/GLIOMA01-i_2C4F/GLIOMA01-i_2C4F__639837033156__central03_idx0031.png,data/raw/D3B_icdc_glioma/1.3.6.1.4.1.14519.5.2.1.151890012878496215654971844639837033156/1-32.dcm,3,31,62,0,glioma,0.730589747428894,0.730589747428894,0.7354480162344943,2.7086710929870605,0.730589747428894,1.4404146671295166,0.20553074777126312,0.2557893395423889,0.0628637820482254,-3.8695783615112305,0.0010157249635085464
D3B_icdc_glioma,GLIOMA01-i_2C4F,1.3.6.1.4.1.14519.5.2.1.291980711097592015449079747618518953007,1.3.6.1.4.1.14519.5.2.1.151890012878496215654971844639837033156,RAGE FS TRANS +C,MP RAGE FS +C,HEAD,glioma,collection_level_icdc_glioma,data/processed/D3B_icdc_glioma_selected_slices/GLIOMA01-i_2C4F/GLIOMA01-i_2C4F__639837033156__central04_idx0032.png,data/raw/D3B_icdc_glioma/1.3.6.1.4.1.14519.5.2.1.151890012878496215654971844639837033156/1-33.dcm,4,32,62,1,meningioma,0.613293468952179,0.24295181035995483,0.9290685564746332,1.368105173110962,0.24295181035995483,2.294085741043091,0.613293468952179,0.8354058265686035,0.1426171362400055,-3.995830774307251,0.001137607148848474
D3B_icdc_glioma,GLIOMA01-i_2C4F,1.3.6.1.4.1.14519.5.2.1.291980711097592015449079747618518953007,1.3.6.1.4.1.14519.5.2.1.151890012878496215654971844639837033156,RAGE FS TRANS +C,MP RAGE FS +C,HEAD,glioma,collection_level_icdc_glioma,data/processed/D3B_icdc_glioma_selected_slices/GLIOMA01-i_2C4F/GLIOMA01-i_2C4F__639837033156__central05_idx0033.png,data/raw/D3B_icdc_glioma/1.3.6.1.4.1.14519.5.2.1.151890012878496215654971844639837033156/1-34.dcm,5,33,62,2,notumor,0.5998409986495972,0.3417234420776367,0.8487562172785155,1.8169891834259033,0.3417234420776367,0.012888077646493912,0.05625532567501068,2.3796520233154297,0.5998409986495972,-3.237534284591675,0.002180333947762847
D3B_icdc_glioma,GLIOMA01-i_51A5,1.3.6.1.4.1.14519.5.2.1.237825955229018344850174911332763633144,1.3.6.1.4.1.14519.5.2.1.152746322830901759275276801603448021196,MP RAGE FS +C,MP RAGE FS +C,HEAD,glioma,collection_level_icdc_glioma,data/processed/D3B_icdc_glioma_selected_slices/GLIOMA01-i_51A5/GLIOMA01-i_51A5__603448021196__central01_idx0126.png,data/raw/D3B_icdc_glioma/1.3.6.1.4.1.14519.5.2.1.152746322830901759275276801603448021196/1-127.dcm,1,126,256,0,glioma,0.6281376481056213,0.6281376481056213,0.6828407909369104,3.043868064880371,0.6281376481056213,-2.45683217048645,0.0025652588810771704,2.509688377380371,0.36818280816078186,-3.2907047271728516,0.001114255515858531
D3B_icdc_glioma,GLIOMA01-i_51A5,1.3.6.1.4.1.14519.5.2.1.237825955229018344850174911332763633144,1.3.6.1.4.1.14519.5.2.1.152746322830901759275276801603448021196,MP RAGE FS +C,MP RAGE FS +C,HEAD,glioma,collection_level_icdc_glioma,data/processed/D3B_icdc_glioma_selected_slices/GLIOMA01-i_51A5/GLIOMA01-i_51A5__603448021196__central02_idx0127.png,data/raw/D3B_icdc_glioma/1.3.6.1.4.1.14519.5.2.1.152746322830901759275276801603448021196/1-128.dcm,2,127,256,2,notumor,0.6811360716819763,0.31616517901420593,0.6434074666916043,2.4992728233337402,0.31616517901420593,-2.8004255294799805,0.0015786438016220927,3.266770124435425,0.6811360716819763,-3.143543243408203,0.0011201341403648257
D3B_icdc_glioma,GLIOMA01-i_51A5,1.3.6.1.4.1.14519.5.2.1.237825955229018344850174911332763633144,1.3.6.1.4.1.14519.5.2.1.152746322830901759275276801603448021196,MP RAGE FS +C,MP RAGE FS +C,HEAD,glioma,collection_level_icdc_glioma,data/processed/D3B_icdc_glioma_selected_slices/GLIOMA01-i_51A5/GLIOMA01-i_51A5__603448021196__central03_idx0128.png,data/raw/D3B_icdc_glioma/1.3.6.1.4.1.14519.5.2.1.152746322830901759275276801603448021196/1-129.dcm,3,128,256,2,notumor,0.9408025145530701,0.05761341378092766,0.23304024150243824,1.5894862413406372,0.05761341378092766,-3.1581504344940186,0.0004996332572773099,4.3824639320373535,0.9408025145530701,-2.383091688156128,0.0010845636716112494
D3B_icdc_glioma,GLIOMA01-i_51A5,1.3.6.1.4.1.14519.5.2.1.237825955229018344850174911332763633144,1.3.6.1.4.1.14519.5.2.1.152746322830901759275276801603448021196,MP RAGE FS +C,MP RAGE FS +C,HEAD,glioma,collection_level_icdc_glioma,data/processed/D3B_icdc_glioma_selected_slices/GLIOMA01-i_51A5/GLIOMA01-i_51A5__603448021196__central04_idx0129.png,data/raw/D3B_icdc_glioma/1.3.6.1.4.1.14519.5.2.1.152746322830901759275276801603448021196/1-130.dcm,4,129,256,2,notumor,0.644551157951355,0.3522832989692688,0.671010352252649,2.670517683029175,0.3522832989692688,-2.5975303649902344,0.0018155485158786178,3.2746362686157227,0.644551157951355,-2.8938405513763428,0.001349962898530066
D3B_icdc_glioma,GLIOMA01-i_51A5,1.3.6.1.4.1.14519.5.2.1.237825955229018344850174911332763633144,1.3.6.1.4.1.14519.5.2.1.152746322830901759275276801603448021196,MP RAGE FS +C,MP RAGE FS +C,HEAD,glioma,collection_level_icdc_glioma,data/processed/D3B_icdc_glioma_selected_slices/GLIOMA01-i_51A5/GLIOMA01-i_51A5__603448021196__central05_idx0130.png,data/raw/D3B_icdc_glioma/1.3.6.1.4.1.14519.5.2.1.152746322830901759275276801603448021196/1-131.dcm,5,130,256,0,glioma,0.8872928619384766,0.8872928619384766,0.3697298363948788,3.764057159423828,0.8872928619384766,-1.912591576576233,0.003038994036614895,1.6680476665496826,0.10908917337656021,-3.570660352706909,0.0005789480055682361
D3B_icdc_glioma,GLIOMA01-i_B02B,1.3.6.1.4.1.14519.5.2.1.48000078879291226449747674378581962603,1.3.6.1.4.1.14519.5.2.1.158450620566163718321055713384281015557,O-Ax T1 SE S,,HEAD,glioma,collection_level_icdc_glioma,data/processed/D3B_icdc_glioma_selected_slices/GLIOMA01-i_B02B/GLIOMA01-i_B02B__384281015557__central01_idx0007.png,data/raw/D3B_icdc_glioma/1.3.6.1.4.1.14519.5.2.1.158450620566163718321055713384281015557/1-08.dcm,1,7,19,0,glioma,0.7771137356758118,0.7771137356758118,0.6236813936320518,2.6738598346710205,0.7771137356758118,1.2954607009887695,0.19581837952136993,-0.8286543488502502,0.02340787835419178,-2.6842758655548096,0.0036599556915462017
D3B_icdc_glioma,GLIOMA01-i_B02B,1.3.6.1.4.1.14519.5.2.1.48000078879291226449747674378581962603,1.3.6.1.4.1.14519.5.2.1.158450620566163718321055713384281015557,O-Ax T1 SE S,,HEAD,glioma,collection_level_icdc_glioma,data/processed/D3B_icdc_glioma_selected_slices/GLIOMA01-i_B02B/GLIOMA01-i_B02B__384281015557__central02_idx0008.png,data/raw/D3B_icdc_glioma/1.3.6.1.4.1.14519.5.2.1.158450620566163718321055713384281015557/1-09.dcm,2,8,19,0,glioma,0.731740415096283,0.731740415096283,0.800392375406326,2.0143749713897705,0.731740415096283,0.4328646957874298,0.1504928320646286,0.09614024311304092,0.10746778547763824,-2.249005079269409,0.010298989713191986
D3B_icdc_glioma,GLIOMA01-i_B02B,1.3.6.1.4.1.14519.5.2.1.48000078879291226449747674378581962603,1.3.6.1.4.1.14519.5.2.1.158450620566163718321055713384281015557,O-Ax T1 SE S,,HEAD,glioma,collection_level_icdc_glioma,data/processed/D3B_icdc_glioma_selected_slices/GLIOMA01-i_B02B/GLIOMA01-i_B02B__384281015557__central03_idx0009.png,data/raw/D3B_icdc_glioma/1.3.6.1.4.1.14519.5.2.1.158450620566163718321055713384281015557/1-10.dcm,3,9,19,2,notumor,0.8307914733886719,0.13442985713481903,0.5538805330824327,0.8032832145690918,0.13442985713481903,-2.6055002212524414,0.004447130486369133,2.624619483947754,0.8307914733886719,-0.6855725646018982,0.030331499874591827
D3B_icdc_glioma,GLIOMA01-i_B02B,1.3.6.1.4.1.14519.5.2.1.48000078879291226449747674378581962603,1.3.6.1.4.1.14519.5.2.1.158450620566163718321055713384281015557,O-Ax T1 SE S,,HEAD,glioma,collection_level_icdc_glioma,data/processed/D3B_icdc_glioma_selected_slices/GLIOMA01-i_B02B/GLIOMA01-i_B02B__384281015557__central04_idx0010.png,data/raw/D3B_icdc_glioma/1.3.6.1.4.1.14519.5.2.1.158450620566163718321055713384281015557/1-11.dcm,4,10,19,2,notumor,0.6367732882499695,0.3147176504135132,0.8307781666287636,1.1749809980392456,0.3147176504135132,-1.5980710983276367,0.019660741090774536,1.8797187805175781,0.6367732882499695,-1.2146421670913696,0.028848351910710335
D3B_icdc_glioma,GLIOMA01-i_B02B,1.3.6.1.4.1.14519.5.2.1.48000078879291226449747674378581962603,1.3.6.1.4.1.14519.5.2.1.158450620566163718321055713384281015557,O-Ax T1 SE S,,HEAD,glioma,collection_level_icdc_glioma,data/processed/D3B_icdc_glioma_selected_slices/GLIOMA01-i_B02B/GLIOMA01-i_B02B__384281015557__central05_idx0011.png,data/raw/D3B_icdc_glioma/1.3.6.1.4.1.14519.5.2.1.158450620566163718321055713384281015557/1-12.dcm,5,11,19,2,notumor,0.7984144687652588,0.06892746686935425,0.6689260641708767,-0.18460360169410706,0.06892746686935425,0.3871602416038513,0.12209736555814743,2.2649693489074707,0.7984144687652588,-2.0605175495147705,0.010560711845755577
D3B_icdc_glioma,GLIOMA01-i_8228,1.3.6.1.4.1.14519.5.2.1.291836991082241242236980188284146645457,1.3.6.1.4.1.14519.5.2.1.160517712131822755904251928055723278732,MP RAGE TRANS +C,MP RAGE FS +C,HEAD,glioma,collection_level_icdc_glioma,data/processed/D3B_icdc_glioma_selected_slices/GLIOMA01-i_8228/GLIOMA01-i_8228__055723278732__central01_idx0022.png,data/raw/D3B_icdc_glioma/1.3.6.1.4.1.14519.5.2.1.160517712131822755904251928055723278732/1-23.dcm,1,22,49,2,notumor,0.8911768794059753,0.09418243914842606,0.3905621158590339,1.0546385049819946,0.09418243914842606,-0.8744586110115051,0.013682758435606956,3.301947593688965,0.8911768794059753,-3.5335781574249268,0.0009579280740581453
D3B_icdc_glioma,GLIOMA01-i_8228,1.3.6.1.4.1.14519.5.2.1.291836991082241242236980188284146645457,1.3.6.1.4.1.14519.5.2.1.160517712131822755904251928055723278732,MP RAGE TRANS +C,MP RAGE FS +C,HEAD,glioma,collection_level_icdc_glioma,data/processed/D3B_icdc_glioma_selected_slices/GLIOMA01-i_8228/GLIOMA01-i_8228__055723278732__central02_idx0023.png,data/raw/D3B_icdc_glioma/1.3.6.1.4.1.14519.5.2.1.160517712131822755904251928055723278732/1-24.dcm,2,23,49,2,notumor,0.8212752342224121,0.1754349321126938,0.4875231934598773,2.0674986839294434,0.1754349321126938,-2.1376140117645264,0.0026173314545303583,3.611088752746582,0.8212752342224121,-3.4964144229888916,0.0006725729908794165
D3B_icdc_glioma,GLIOMA01-i_8228,1.3.6.1.4.1.14519.5.2.1.291836991082241242236980188284146645457,1.3.6.1.4.1.14519.5.2.1.160517712131822755904251928055723278732,MP RAGE TRANS +C,MP RAGE FS +C,HEAD,glioma,collection_level_icdc_glioma,data/processed/D3B_icdc_glioma_selected_slices/GLIOMA01-i_8228/GLIOMA01-i_8228__055723278732__central03_idx0024.png,data/raw/D3B_icdc_glioma/1.3.6.1.4.1.14519.5.2.1.160517712131822755904251928055723278732/1-25.dcm,3,24,49,0,glioma,0.7525713443756104,0.7525713443756104,0.7352815831046161,2.278920888900757,0.7525713443756104,0.00903894379734993,0.07775896787643433,0.7607061862945557,0.16489042341709137,-2.7802846431732178,0.00477928202599287
D3B_icdc_glioma,GLIOMA01-i_8228,1.3.6.1.4.1.14519.5.2.1.291836991082241242236980188284146645457,1.3.6.1.4.1.14519.5.2.1.160517712131822755904251928055723278732,MP RAGE TRANS +C,MP RAGE FS +C,HEAD,glioma,collection_level_icdc_glioma,data/processed/D3B_icdc_glioma_selected_slices/GLIOMA01-i_8228/GLIOMA01-i_8228__055723278732__central04_idx0025.png,data/raw/D3B_icdc_glioma/1.3.6.1.4.1.14519.5.2.1.160517712131822755904251928055723278732/1-26.dcm,4,25,49,2,notumor,0.8964015245437622,0.10032282024621964,0.3491056066760865,1.6921954154968262,0.10032282024621964,-3.3278117179870605,0.0006625800160691142,3.882190704345703,0.8964015245437622,-1.9556471109390259,0.0026131353806704283
D3B_icdc_glioma,GLIOMA01-i_8228,1.3.6.1.4.1.14519.5.2.1.291836991082241242236980188284146645457,1.3.6.1.4.1.14519.5.2.1.160517712131822755904251928055723278732,MP RAGE TRANS +C,MP RAGE FS +C,HEAD,glioma,collection_level_icdc_glioma,data/processed/D3B_icdc_glioma_selected_slices/GLIOMA01-i_8228/GLIOMA01-i_8228__055723278732__central05_idx0026.png,data/raw/D3B_icdc_glioma/1.3.6.1.4.1.14519.5.2.1.160517712131822755904251928055723278732/1-27.dcm,5,26,49,2,notumor,0.9682844281196594,0.030274495482444763,0.14737676895516857,1.209418535232544,0.030274495482444763,-3.099429130554199,0.0004071628500241786,4.674638748168945,0.9682844281196594,-2.1675288677215576,0.0010339205618947744
D3B_icdc_glioma,GLIOMA01-i_C04D,1.3.6.1.4.1.14519.5.2.1.121345376366510123923307224527563758327,1.3.6.1.4.1.14519.5.2.1.163164444750352772952095286288968100907,Ax_T1_fl2d post,Ax_T1_fl2d post,HEAD,glioma,collection_level_icdc_glioma,data/processed/D3B_icdc_glioma_selected_slices/GLIOMA01-i_C04D/GLIOMA01-i_C04D__288968100907__central01_idx0013.png,data/raw/D3B_icdc_glioma/1.3.6.1.4.1.14519.5.2.1.163164444750352772952095286288968100907/1-14.dcm,1,13,30,2,notumor,0.9566599726676941,0.042585380375385284,0.18273095062275582,1.8756437301635742,0.042585380375385284,-2.6747093200683594,0.00044984958367422223,4.9875807762146,0.9566599726676941,-3.0641133785247803,0.0003047553764190525
D3B_icdc_glioma,GLIOMA01-i_C04D,1.3.6.1.4.1.14519.5.2.1.121345376366510123923307224527563758327,1.3.6.1.4.1.14519.5.2.1.163164444750352772952095286288968100907,Ax_T1_fl2d post,Ax_T1_fl2d post,HEAD,glioma,collection_level_icdc_glioma,data/processed/D3B_icdc_glioma_selected_slices/GLIOMA01-i_C04D/GLIOMA01-i_C04D__288968100907__central02_idx0014.png,data/raw/D3B_icdc_glioma/1.3.6.1.4.1.14519.5.2.1.163164444750352772952095286288968100907/1-15.dcm,2,14,30,2,notumor,0.9258372783660889,0.07295217365026474,0.2712236614822551,1.9056822061538696,0.07295217365026474,-2.5899243354797363,0.0008139938581734896,4.4465765953063965,0.9258372783660889,-3.3090999126434326,0.0003965402429457754
D3B_icdc_glioma,GLIOMA01-i_C04D,1.3.6.1.4.1.14519.5.2.1.121345376366510123923307224527563758327,1.3.6.1.4.1.14519.5.2.1.163164444750352772952095286288968100907,Ax_T1_fl2d post,Ax_T1_fl2d post,HEAD,glioma,collection_level_icdc_glioma,data/processed/D3B_icdc_glioma_selected_slices/GLIOMA01-i_C04D/GLIOMA01-i_C04D__288968100907__central03_idx0015.png,data/raw/D3B_icdc_glioma/1.3.6.1.4.1.14519.5.2.1.163164444750352772952095286288968100907/1-16.dcm,3,15,30,2,notumor,0.871536374092102,0.12623675167560577,0.3959396686769524,2.0231733322143555,0.12623675167560577,-2.2989795207977295,0.0016753232339397073,3.9552717208862305,0.871536374092102,-3.410024404525757,0.0005515411612577736
D3B_icdc_glioma,GLIOMA01-i_C04D,1.3.6.1.4.1.14519.5.2.1.121345376366510123923307224527563758327,1.3.6.1.4.1.14519.5.2.1.163164444750352772952095286288968100907,Ax_T1_fl2d post,Ax_T1_fl2d post,HEAD,glioma,collection_level_icdc_glioma,data/processed/D3B_icdc_glioma_selected_slices/GLIOMA01-i_C04D/GLIOMA01-i_C04D__288968100907__central04_idx0016.png,data/raw/D3B_icdc_glioma/1.3.6.1.4.1.14519.5.2.1.163164444750352772952095286288968100907/1-17.dcm,4,16,30,2,notumor,0.889837920665741,0.08171738684177399,0.41211366196182164,0.9231950044631958,0.08171738684177399,-0.1482836753129959,0.027988338842988014,3.3109676837921143,0.889837920665741,-4.264766216278076,0.0004562589165288955
D3B_icdc_glioma,GLIOMA01-i_C04D,1.3.6.1.4.1.14519.5.2.1.121345376366510123923307224527563758327,1.3.6.1.4.1.14519.5.2.1.163164444750352772952095286288968100907,Ax_T1_fl2d post,Ax_T1_fl2d post,HEAD,glioma,collection_level_icdc_glioma,data/processed/D3B_icdc_glioma_selected_slices/GLIOMA01-i_C04D/GLIOMA01-i_C04D__288968100907__central05_idx0017.png,data/raw/D3B_icdc_glioma/1.3.6.1.4.1.14519.5.2.1.163164444750352772952095286288968100907/1-18.dcm,5,17,30,2,notumor,0.9972699284553528,0.00253606541082263,0.019676551318901885,0.13758321106433868,0.00253606541082263,-3.2236874103546143,8.797905320534483e-05,6.111990928649902,0.9972699284553528,-3.03725004196167,0.00010601029498502612
D3B_icdc_glioma,GLIOMA01-i_22C7,1.3.6.1.4.1.14519.5.2.1.152992029036613010740676062066624626963,1.3.6.1.4.1.14519.5.2.1.163314779069570050388187753612734791866,O-Ax T1 SE S,,HEAD,glioma,collection_level_icdc_glioma,data/processed/D3B_icdc_glioma_selected_slices/GLIOMA01-i_22C7/GLIOMA01-i_22C7__612734791866__central01_idx0007.png,data/raw/D3B_icdc_glioma/1.3.6.1.4.1.14519.5.2.1.163314779069570050388187753612734791866/1-08.dcm,1,7,18,0,glioma,0.7204771637916565,0.7204771637916565,0.7489032592321552,2.600440502166748,0.7204771637916565,1.3895004987716675,0.2146424651145935,0.1783364713191986,0.06393133103847504,-4.0317840576171875,0.0009490339434705675
D3B_icdc_glioma,GLIOMA01-i_22C7,1.3.6.1.4.1.14519.5.2.1.152992029036613010740676062066624626963,1.3.6.1.4.1.14519.5.2.1.163314779069570050388187753612734791866,O-Ax T1 SE S,,HEAD,glioma,collection_level_icdc_glioma,data/processed/D3B_icdc_glioma_selected_slices/GLIOMA01-i_22C7/GLIOMA01-i_22C7__612734791866__central02_idx0008.png,data/raw/D3B_icdc_glioma/1.3.6.1.4.1.14519.5.2.1.163314779069570050388187753612734791866/1-09.dcm,2,8,18,0,glioma,0.5070526003837585,0.5070526003837585,0.7450125310011643,2.6064584255218506,0.5070526003837585,2.5576982498168945,0.48292168974876404,-1.4092276096343994,0.009142451919615269,-3.7462406158447266,0.0008833051542751491
D3B_icdc_glioma,GLIOMA01-i_22C7,1.3.6.1.4.1.14519.5.2.1.152992029036613010740676062066624626963,1.3.6.1.4.1.14519.5.2.1.163314779069570050388187753612734791866,O-Ax T1 SE S,,HEAD,glioma,collection_level_icdc_glioma,data/processed/D3B_icdc_glioma_selected_slices/GLIOMA01-i_22C7/GLIOMA01-i_22C7__612734791866__central03_idx0009.png,data/raw/D3B_icdc_glioma/1.3.6.1.4.1.14519.5.2.1.163314779069570050388187753612734791866/1-10.dcm,3,9,18,1,meningioma,0.5836513042449951,0.4052981436252594,0.7350080987082501,2.3315296173095703,0.4052981436252594,2.6962103843688965,0.5836513042449951,-1.4487671852111816,0.009247248992323875,-3.083479404449463,0.0018032921943813562
D3B_icdc_glioma,GLIOMA01-i_22C7,1.3.6.1.4.1.14519.5.2.1.152992029036613010740676062066624626963,1.3.6.1.4.1.14519.5.2.1.163314779069570050388187753612734791866,O-Ax T1 SE S,,HEAD,glioma,collection_level_icdc_glioma,data/processed/D3B_icdc_glioma_selected_slices/GLIOMA01-i_22C7/GLIOMA01-i_22C7__612734791866__central04_idx0010.png,data/raw/D3B_icdc_glioma/1.3.6.1.4.1.14519.5.2.1.163314779069570050388187753612734791866/1-11.dcm,4,10,18,1,meningioma,0.8898541331291199,0.10389378666877747,0.37351694993432033,1.4226486682891846,0.10389378666877747,3.5703370571136475,0.8898541331291199,-1.5554174184799194,0.005287276115268469,-3.2565767765045166,0.0009647789411246777
D3B_icdc_glioma,GLIOMA01-i_22C7,1.3.6.1.4.1.14519.5.2.1.152992029036613010740676062066624626963,1.3.6.1.4.1.14519.5.2.1.163314779069570050388187753612734791866,O-Ax T1 SE S,,HEAD,glioma,collection_level_icdc_glioma,data/processed/D3B_icdc_glioma_selected_slices/GLIOMA01-i_22C7/GLIOMA01-i_22C7__612734791866__central05_idx0011.png,data/raw/D3B_icdc_glioma/1.3.6.1.4.1.14519.5.2.1.163314779069570050388187753612734791866/1-12.dcm,5,11,18,1,meningioma,0.9373623132705688,0.05018597096204758,0.2685655330234112,0.7078695893287659,0.05018597096204758,3.6352038383483887,0.9373623132705688,-0.7587151527404785,0.011578511446714401,-3.343416452407837,0.0008732349378988147
D3B_icdc_glioma,GLIOMA01-i_92AC,1.3.6.1.4.1.14519.5.2.1.262037287295999917811561153033002459939,1.3.6.1.4.1.14519.5.2.1.164492230787269288393783520058980668450,O-Sag T1 SE S,"Brain, Head Coil/",HEAD,glioma,collection_level_icdc_glioma,data/processed/D3B_icdc_glioma_selected_slices/GLIOMA01-i_92AC/GLIOMA01-i_92AC__058980668450__central01_idx0008.png,data/raw/D3B_icdc_glioma/1.3.6.1.4.1.14519.5.2.1.164492230787269288393783520058980668450/1-09.dcm,1,8,20,2,notumor,0.5141287446022034,0.4559851586818695,0.8187182743554413,2.1056833267211914,0.4559851586818695,-0.8072332143783569,0.024767784401774406,2.2256968021392822,0.5141287446022034,-2.383962392807007,0.005118260160088539
D3B_icdc_glioma,GLIOMA01-i_92AC,1.3.6.1.4.1.14519.5.2.1.262037287295999917811561153033002459939,1.3.6.1.4.1.14519.5.2.1.164492230787269288393783520058980668450,O-Sag T1 SE S,"Brain, Head Coil/",HEAD,glioma,collection_level_icdc_glioma,data/processed/D3B_icdc_glioma_selected_slices/GLIOMA01-i_92AC/GLIOMA01-i_92AC__058980668450__central02_idx0009.png,data/raw/D3B_icdc_glioma/1.3.6.1.4.1.14519.5.2.1.164492230787269288393783520058980668450/1-10.dcm,2,9,20,2,notumor,0.8944904208183289,0.0909680724143982,0.38916560839775177,0.7982944250106812,0.0909680724143982,-1.9305825233459473,0.005939539056271315,3.0840401649475098,0.8944904208183289,-1.560213565826416,0.008602048270404339
D3B_icdc_glioma,GLIOMA01-i_92AC,1.3.6.1.4.1.14519.5.2.1.262037287295999917811561153033002459939,1.3.6.1.4.1.14519.5.2.1.164492230787269288393783520058980668450,O-Sag T1 SE S,"Brain, Head Coil/",HEAD,glioma,collection_level_icdc_glioma,data/processed/D3B_icdc_glioma_selected_slices/GLIOMA01-i_92AC/GLIOMA01-i_92AC__058980668450__central03_idx0010.png,data/raw/D3B_icdc_glioma/1.3.6.1.4.1.14519.5.2.1.164492230787269288393783520058980668450/1-11.dcm,3,10,20,2,notumor,0.8209777474403381,0.14404690265655518,0.5822415170450096,0.7163928747177124,0.14404690265655518,-1.2635672092437744,0.019889241084456444,2.45674991607666,0.8209777474403381,-1.5399730205535889,0.015086090192198753
D3B_icdc_glioma,GLIOMA01-i_92AC,1.3.6.1.4.1.14519.5.2.1.262037287295999917811561153033002459939,1.3.6.1.4.1.14519.5.2.1.164492230787269288393783520058980668450,O-Sag T1 SE S,"Brain, Head Coil/",HEAD,glioma,collection_level_icdc_glioma,data/processed/D3B_icdc_glioma_selected_slices/GLIOMA01-i_92AC/GLIOMA01-i_92AC__058980668450__central04_idx0011.png,data/raw/D3B_icdc_glioma/1.3.6.1.4.1.14519.5.2.1.164492230787269288393783520058980668450/1-12.dcm,4,11,20,2,notumor,0.6450172662734985,0.34671512246131897,0.6948081290308918,2.118427038192749,0.34671512246131897,-1.9799329042434692,0.0057554300874471664,2.7392005920410156,0.6450172662734985,-2.80894136428833,0.0025121404323726892
D3B_icdc_glioma,GLIOMA01-i_92AC,1.3.6.1.4.1.14519.5.2.1.262037287295999917811561153033002459939,1.3.6.1.4.1.14519.5.2.1.164492230787269288393783520058980668450,O-Sag T1 SE S,"Brain, Head Coil/",HEAD,glioma,collection_level_icdc_glioma,data/processed/D3B_icdc_glioma_selected_slices/GLIOMA01-i_92AC/GLIOMA01-i_92AC__058980668450__central05_idx0012.png,data/raw/D3B_icdc_glioma/1.3.6.1.4.1.14519.5.2.1.164492230787269288393783520058980668450/1-13.dcm,5,12,20,2,notumor,0.5145490169525146,0.31173327565193176,1.0170515428583122,1.570523977279663,0.31173327565193176,0.978209912776947,0.17240285873413086,2.071666955947876,0.5145490169525146,-3.897902250289917,0.0013148486614227295
D3B_icdc_glioma,GLIOMA01-i_6254,1.3.6.1.4.1.14519.5.2.1.166204587543697092243624330422808718866,1.3.6.1.4.1.14519.5.2.1.165326589964808104838461974404066766568,RAGE FS TRANS+C,MP RAGE FS +C,HEAD,glioma,collection_level_icdc_glioma,data/processed/D3B_icdc_glioma_selected_slices/GLIOMA01-i_6254/GLIOMA01-i_6254__404066766568__central01_idx0013.png,data/raw/D3B_icdc_glioma/1.3.6.1.4.1.14519.5.2.1.165326589964808104838461974404066766568/1-14.dcm,1,13,31,2,notumor,0.9083138108253479,0.05096733942627907,0.37714073003519855,0.12211078405380249,0.05096733942627907,-0.1507073938846588,0.03879792243242264,3.0025157928466797,0.9083138108253479,-3.1562936305999756,0.001920873997732997
D3B_icdc_glioma,GLIOMA01-i_6254,1.3.6.1.4.1.14519.5.2.1.166204587543697092243624330422808718866,1.3.6.1.4.1.14519.5.2.1.165326589964808104838461974404066766568,RAGE FS TRANS+C,MP RAGE FS +C,HEAD,glioma,collection_level_icdc_glioma,data/processed/D3B_icdc_glioma_selected_slices/GLIOMA01-i_6254/GLIOMA01-i_6254__404066766568__central02_idx0014.png,data/raw/D3B_icdc_glioma/1.3.6.1.4.1.14519.5.2.1.165326589964808104838461974404066766568/1-15.dcm,2,14,31,1,meningioma,0.5853993892669678,0.2403416931629181,0.9793955889645708,0.7926784753799438,0.2403416931629181,1.6829111576080322,0.5853993892669678,0.4483039081096649,0.17032137513160706,-3.3188235759735107,0.0039375536143779755
D3B_icdc_glioma,GLIOMA01-i_6254,1.3.6.1.4.1.14519.5.2.1.166204587543697092243624330422808718866,1.3.6.1.4.1.14519.5.2.1.165326589964808104838461974404066766568,RAGE FS TRANS+C,MP RAGE FS +C,HEAD,glioma,collection_level_icdc_glioma,data/processed/D3B_icdc_glioma_selected_slices/GLIOMA01-i_6254/GLIOMA01-i_6254__404066766568__central03_idx0015.png,data/raw/D3B_icdc_glioma/1.3.6.1.4.1.14519.5.2.1.165326589964808104838461974404066766568/1-16.dcm,3,15,31,1,meningioma,0.8419922590255737,0.11713442206382751,0.5369623798039664,0.7070677280426025,0.11713442206382751,2.679516315460205,0.8419922590255737,-0.4174932539463043,0.038044679909944534,-3.0164811611175537,0.0028285763692110777
D3B_icdc_glioma,GLIOMA01-i_6254,1.3.6.1.4.1.14519.5.2.1.166204587543697092243624330422808718866,1.3.6.1.4.1.14519.5.2.1.165326589964808104838461974404066766568,RAGE FS TRANS+C,MP RAGE FS +C,HEAD,glioma,collection_level_icdc_glioma,data/processed/D3B_icdc_glioma_selected_slices/GLIOMA01-i_6254/GLIOMA01-i_6254__404066766568__central04_idx0016.png,data/raw/D3B_icdc_glioma/1.3.6.1.4.1.14519.5.2.1.165326589964808104838461974404066766568/1-17.dcm,4,16,31,1,meningioma,0.9984742999076843,0.0011058911914005876,0.012607899760237523,-0.9305739402770996,0.0011058911914005876,5.875002861022949,0.9984742999076843,-2.6018238067626953,0.0002079207479255274,-2.5828182697296143,0.00021191024279687554
D3B_icdc_glioma,GLIOMA01-i_6254,1.3.6.1.4.1.14519.5.2.1.166204587543697092243624330422808718866,1.3.6.1.4.1.14519.5.2.1.165326589964808104838461974404066766568,RAGE FS TRANS+C,MP RAGE FS +C,HEAD,glioma,collection_level_icdc_glioma,data/processed/D3B_icdc_glioma_selected_slices/GLIOMA01-i_6254/GLIOMA01-i_6254__404066766568__central05_idx0017.png,data/raw/D3B_icdc_glioma/1.3.6.1.4.1.14519.5.2.1.165326589964808104838461974404066766568/1-18.dcm,5,17,31,1,meningioma,0.9602468609809875,0.02443183772265911,0.19654232198530297,0.08421498537063599,0.02443183772265911,3.7555181980133057,0.9602468609809875,-0.4300508499145508,0.01460876315832138,-3.4505624771118164,0.0007125607808120549
D3B_icdc_glioma,GLIOMA01-i_D7EC,1.3.6.1.4.1.14519.5.2.1.75665287551607237045188839766385260390,1.3.6.1.4.1.14519.5.2.1.169646175066466320566338877863494884795,T1/T/SE  +C,T1/T/SE  +C,HEAD,glioma,collection_level_icdc_glioma,data/processed/D3B_icdc_glioma_selected_slices/GLIOMA01-i_D7EC/GLIOMA01-i_D7EC__863494884795__central01_idx0009.png,data/raw/D3B_icdc_glioma/1.3.6.1.4.1.14519.5.2.1.169646175066466320566338877863494884795/1-10.dcm,1,9,22,2,notumor,0.7255033850669861,0.2733413577079773,0.5957946875446407,2.9131617546081543,0.2733413577079773,-2.8322863578796387,0.0008739547920413315,3.88930606842041,0.7255033850669861,-3.9656474590301514,0.0002813690807670355
D3B_icdc_glioma,GLIOMA01-i_D7EC,1.3.6.1.4.1.14519.5.2.1.75665287551607237045188839766385260390,1.3.6.1.4.1.14519.5.2.1.169646175066466320566338877863494884795,T1/T/SE  +C,T1/T/SE  +C,HEAD,glioma,collection_level_icdc_glioma,data/processed/D3B_icdc_glioma_selected_slices/GLIOMA01-i_D7EC/GLIOMA01-i_D7EC__863494884795__central02_idx0010.png,data/raw/D3B_icdc_glioma/1.3.6.1.4.1.14519.5.2.1.169646175066466320566338877863494884795/1-11.dcm,2,10,22,2,notumor,0.7851502299308777,0.21412955224514008,0.5254781241176241,3.018174171447754,0.21412955224514008,-2.8791656494140625,0.0005881585530005395,4.317468166351318,0.7851502299308777,-4.372623920440674,0.00013209723692853004
D3B_icdc_glioma,GLIOMA01-i_D7EC,1.3.6.1.4.1.14519.5.2.1.75665287551607237045188839766385260390,1.3.6.1.4.1.14519.5.2.1.169646175066466320566338877863494884795,T1/T/SE  +C,T1/T/SE  +C,HEAD,glioma,collection_level_icdc_glioma,data/processed/D3B_icdc_glioma_selected_slices/GLIOMA01-i_D7EC/GLIOMA01-i_D7EC__863494884795__central03_idx0011.png,data/raw/D3B_icdc_glioma/1.3.6.1.4.1.14519.5.2.1.169646175066466320566338877863494884795/1-12.dcm,3,11,22,2,notumor,0.8978505730628967,0.10157221555709839,0.33362078438680687,2.485848903656006,0.10157221555709839,-2.890383005142212,0.00046979347825981677,4.6650824546813965,0.8978505730628967,-4.3659844398498535,0.00010741415462689474
D3B_icdc_glioma,GLIOMA01-i_D7EC,1.3.6.1.4.1.14519.5.2.1.75665287551607237045188839766385260390,1.3.6.1.4.1.14519.5.2.1.169646175066466320566338877863494884795,T1/T/SE  +C,T1/T/SE  +C,HEAD,glioma,collection_level_icdc_glioma,data/processed/D3B_icdc_glioma_selected_slices/GLIOMA01-i_D7EC/GLIOMA01-i_D7EC__863494884795__central04_idx0012.png,data/raw/D3B_icdc_glioma/1.3.6.1.4.1.14519.5.2.1.169646175066466320566338877863494884795/1-13.dcm,4,12,22,0,glioma,0.7798899412155151,0.7798899412155151,0.5335619755401342,4.1606950759887695,0.7798899412155151,-2.7544569969177246,0.0007741425652056932,2.891383647918701,0.21916864812374115,-4.28662633895874,0.00016726630565244704
D3B_icdc_glioma,GLIOMA01-i_D7EC,1.3.6.1.4.1.14519.5.2.1.75665287551607237045188839766385260390,1.3.6.1.4.1.14519.5.2.1.169646175066466320566338877863494884795,T1/T/SE  +C,T1/T/SE  +C,HEAD,glioma,collection_level_icdc_glioma,data/processed/D3B_icdc_glioma_selected_slices/GLIOMA01-i_D7EC/GLIOMA01-i_D7EC__863494884795__central05_idx0013.png,data/raw/D3B_icdc_glioma/1.3.6.1.4.1.14519.5.2.1.169646175066466320566338877863494884795/1-14.dcm,5,13,22,2,notumor,0.9097539186477661,0.08911096304655075,0.30963748949191433,2.1533026695251465,0.08911096304655075,-2.347186803817749,0.0009894490940496325,4.4765944480896,0.9097539186477661,-4.26237154006958,0.00014576029207091779
D3B_icdc_glioma,GLIOMA01-i_1793,1.3.6.1.4.1.14519.5.2.1.35675667776358759975348824278158416904,1.3.6.1.4.1.14519.5.2.1.188079547706845086920052937856536171828,BRAIN/T1_TRANS,,HEAD,glioma,collection_level_icdc_glioma,data/processed/D3B_icdc_glioma_selected_slices/GLIOMA01-i_1793/GLIOMA01-i_1793__856536171828__central01_idx0008.png,data/raw/D3B_icdc_glioma/1.3.6.1.4.1.14519.5.2.1.188079547706845086920052937856536171828/1-09.dcm,1,8,21,2,notumor,0.5953026413917542,0.3411019444465637,0.8565453264481896,1.928856372833252,0.3411019444465637,0.23129981756210327,0.062466152012348175,2.4857449531555176,0.5953026413917542,-3.781754493713379,0.0011292690178379416
D3B_icdc_glioma,GLIOMA01-i_1793,1.3.6.1.4.1.14519.5.2.1.35675667776358759975348824278158416904,1.3.6.1.4.1.14519.5.2.1.188079547706845086920052937856536171828,BRAIN/T1_TRANS,,HEAD,glioma,collection_level_icdc_glioma,data/processed/D3B_icdc_glioma_selected_slices/GLIOMA01-i_1793/GLIOMA01-i_1793__856536171828__central02_idx0009.png,data/raw/D3B_icdc_glioma/1.3.6.1.4.1.14519.5.2.1.188079547706845086920052937856536171828/1-10.dcm,2,9,21,1,meningioma,0.41459375619888306,0.3909679651260376,1.0663717067451606,1.4592775106430054,0.3909679651260376,1.5179510116577148,0.41459375619888306,0.7448908686637878,0.19137579202651978,-3.3901069164276123,0.003062528558075428
D3B_icdc_glioma,GLIOMA01-i_1793,1.3.6.1.4.1.14519.5.2.1.35675667776358759975348824278158416904,1.3.6.1.4.1.14519.5.2.1.188079547706845086920052937856536171828,BRAIN/T1_TRANS,,HEAD,glioma,collection_level_icdc_glioma,data/processed/D3B_icdc_glioma_selected_slices/GLIOMA01-i_1793/GLIOMA01-i_1793__856536171828__central03_idx0010.png,data/raw/D3B_icdc_glioma/1.3.6.1.4.1.14519.5.2.1.188079547706845086920052937856536171828/1-11.dcm,3,10,21,2,notumor,0.521187424659729,0.3090611398220062,1.014631653164869,1.4975733757019043,0.3090611398220062,0.88626629114151,0.16770927608013153,2.020143985748291,0.521187424659729,-3.5219430923461914,0.0020421897061169147
D3B_icdc_glioma,GLIOMA01-i_1793,1.3.6.1.4.1.14519.5.2.1.35675667776358759975348824278158416904,1.3.6.1.4.1.14519.5.2.1.188079547706845086920052937856536171828,BRAIN/T1_TRANS,,HEAD,glioma,collection_level_icdc_glioma,data/processed/D3B_icdc_glioma_selected_slices/GLIOMA01-i_1793/GLIOMA01-i_1793__856536171828__central04_idx0011.png,data/raw/D3B_icdc_glioma/1.3.6.1.4.1.14519.5.2.1.188079547706845086920052937856536171828/1-12.dcm,4,11,21,1,meningioma,0.8755015730857849,0.11288212984800339,0.41662864337352473,1.4914813041687012,0.11288212984800339,3.5399341583251953,0.8755015730857849,-0.8313230872154236,0.011062264442443848,-3.825404405593872,0.0005540272686630487
D3B_icdc_glioma,GLIOMA01-i_1793,1.3.6.1.4.1.14519.5.2.1.35675667776358759975348824278158416904,1.3.6.1.4.1.14519.5.2.1.188079547706845086920052937856536171828,BRAIN/T1_TRANS,,HEAD,glioma,collection_level_icdc_glioma,data/processed/D3B_icdc_glioma_selected_slices/GLIOMA01-i_1793/GLIOMA01-i_1793__856536171828__central05_idx0012.png,data/raw/D3B_icdc_glioma/1.3.6.1.4.1.14519.5.2.1.188079547706845086920052937856536171828/1-13.dcm,5,12,21,1,meningioma,0.7821204662322998,0.2042333483695984,0.580571340250723,1.6497795581817627,0.2042333483695984,2.992525100708008,0.7821204662322998,-1.1984766721725464,0.011834357865154743,-3.0751452445983887,0.001811831840313971
D3B_icdc_glioma,GLIOMA01-i_B3CE,1.3.6.1.4.1.14519.5.2.1.136928881907597419136287834125434521570,1.3.6.1.4.1.14519.5.2.1.193531197337568117661297527463528002512,RAGE TRANS +C,MP RAGE FS +C,HEAD,glioma,collection_level_icdc_glioma,data/processed/D3B_icdc_glioma_selected_slices/GLIOMA01-i_B3CE/GLIOMA01-i_B3CE__463528002512__central01_idx0018.png,data/raw/D3B_icdc_glioma/1.3.6.1.4.1.14519.5.2.1.193531197337568117661297527463528002512/1-19.dcm,1,18,40,2,notumor,0.932293176651001,0.035216089338064194,0.30252211807914603,0.007883825339376926,0.035216089338064194,-0.14192678034305573,0.030316509306430817,3.2840280532836914,0.932293176651001,-2.776923418045044,0.002174276625737548
D3B_icdc_glioma,GLIOMA01-i_B3CE,1.3.6.1.4.1.14519.5.2.1.136928881907597419136287834125434521570,1.3.6.1.4.1.14519.5.2.1.193531197337568117661297527463528002512,RAGE TRANS +C,MP RAGE FS +C,HEAD,glioma,collection_level_icdc_glioma,data/processed/D3B_icdc_glioma_selected_slices/GLIOMA01-i_B3CE/GLIOMA01-i_B3CE__463528002512__central02_idx0019.png,data/raw/D3B_icdc_glioma/1.3.6.1.4.1.14519.5.2.1.193531197337568117661297527463528002512/1-20.dcm,2,19,40,2,notumor,0.8089259266853333,0.18473213911056519,0.5189968830981372,1.844845175743103,0.18473213911056519,-3.0149388313293457,0.0014320726040750742,3.321645736694336,0.8089259266853333,-1.7828254699707031,0.004909814335405827
D3B_icdc_glioma,GLIOMA01-i_B3CE,1.3.6.1.4.1.14519.5.2.1.136928881907597419136287834125434521570,1.3.6.1.4.1.14519.5.2.1.193531197337568117661297527463528002512,RAGE TRANS +C,MP RAGE FS +C,HEAD,glioma,collection_level_icdc_glioma,data/processed/D3B_icdc_glioma_selected_slices/GLIOMA01-i_B3CE/GLIOMA01-i_B3CE__463528002512__central03_idx0020.png,data/raw/D3B_icdc_glioma/1.3.6.1.4.1.14519.5.2.1.193531197337568117661297527463528002512/1-21.dcm,3,20,40,2,notumor,0.824661135673523,0.17006687819957733,0.49157196809228726,1.8419092893600464,0.17006687819957733,-2.3423008918762207,0.002590838586911559,3.4206900596618652,0.824661135673523,-2.308008909225464,0.002681225072592497
D3B_icdc_glioma,GLIOMA01-i_B3CE,1.3.6.1.4.1.14519.5.2.1.136928881907597419136287834125434521570,1.3.6.1.4.1.14519.5.2.1.193531197337568117661297527463528002512,RAGE TRANS +C,MP RAGE FS +C,HEAD,glioma,collection_level_icdc_glioma,data/processed/D3B_icdc_glioma_selected_slices/GLIOMA01-i_B3CE/GLIOMA01-i_B3CE__463528002512__central04_idx0021.png,data/raw/D3B_icdc_glioma/1.3.6.1.4.1.14519.5.2.1.193531197337568117661297527463528002512/1-22.dcm,4,21,40,2,notumor,0.9124450087547302,0.07119464129209518,0.35017184194761675,0.6690855026245117,0.07119464129209518,-1.655946969985962,0.006961429957300425,3.2197957038879395,0.9124450087547302,-1.3557298183441162,0.009398993104696274
D3B_icdc_glioma,GLIOMA01-i_B3CE,1.3.6.1.4.1.14519.5.2.1.136928881907597419136287834125434521570,1.3.6.1.4.1.14519.5.2.1.193531197337568117661297527463528002512,RAGE TRANS +C,MP RAGE FS +C,HEAD,glioma,collection_level_icdc_glioma,data/processed/D3B_icdc_glioma_selected_slices/GLIOMA01-i_B3CE/GLIOMA01-i_B3CE__463528002512__central05_idx0022.png,data/raw/D3B_icdc_glioma/1.3.6.1.4.1.14519.5.2.1.193531197337568117661297527463528002512/1-23.dcm,5,22,40,2,notumor,0.8294512033462524,0.166181743144989,0.48002785141339416,1.8553776741027832,0.166181743144989,-2.6735775470733643,0.0017934237839654088,3.463059902191162,0.8294512033462524,-2.3123903274536133,0.00257362169213593
D3B_icdc_glioma,GLIOMA01-i_49E6,1.3.6.1.4.1.14519.5.2.1.328143012338632883223057559395393058142,1.3.6.1.4.1.14519.5.2.1.197966799475580302365913177301841443187,MP RAGE TRANS FS + C,MP RAGE FS +C,HEAD,glioma,collection_level_icdc_glioma,data/processed/D3B_icdc_glioma_selected_slices/GLIOMA01-i_49E6/GLIOMA01-i_49E6__301841443187__central01_idx0021.png,data/raw/D3B_icdc_glioma/1.3.6.1.4.1.14519.5.2.1.197966799475580302365913177301841443187/1-22.dcm,1,21,47,1,meningioma,0.6045063138008118,0.0714215636253357,0.8641086177664351,0.16286443173885345,0.0714215636253357,2.2986767292022705,0.6045063138008118,1.6724576950073242,0.32317471504211426,-4.214028835296631,0.0008973640506155789
D3B_icdc_glioma,GLIOMA01-i_49E6,1.3.6.1.4.1.14519.5.2.1.328143012338632883223057559395393058142,1.3.6.1.4.1.14519.5.2.1.197966799475580302365913177301841443187,MP RAGE TRANS FS + C,MP RAGE FS +C,HEAD,glioma,collection_level_icdc_glioma,data/processed/D3B_icdc_glioma_selected_slices/GLIOMA01-i_49E6/GLIOMA01-i_49E6__301841443187__central02_idx0022.png,data/raw/D3B_icdc_glioma/1.3.6.1.4.1.14519.5.2.1.197966799475580302365913177301841443187/1-23.dcm,2,22,47,0,glioma,0.570484459400177,0.570484459400177,0.9699312313218528,2.193948268890381,0.570484459400177,0.8595907688140869,0.15022413432598114,1.4747471809387207,0.27790650725364685,-3.826883316040039,0.0013849365059286356
D3B_icdc_glioma,GLIOMA01-i_49E6,1.3.6.1.4.1.14519.5.2.1.328143012338632883223057559395393058142,1.3.6.1.4.1.14519.5.2.1.197966799475580302365913177301841443187,MP RAGE TRANS FS + C,MP RAGE FS +C,HEAD,glioma,collection_level_icdc_glioma,data/processed/D3B_icdc_glioma_selected_slices/GLIOMA01-i_49E6/GLIOMA01-i_49E6__301841443187__central03_idx0023.png,data/raw/D3B_icdc_glioma/1.3.6.1.4.1.14519.5.2.1.197966799475580302365913177301841443187/1-24.dcm,3,23,47,1,meningioma,0.9613962173461914,0.022545937448740005,0.19481493127036714,0.0136289456859231,0.022545937448740005,3.766460657119751,0.9613962173461914,-0.4280831813812256,0.014495565555989742,-2.6558334827423096,0.0015621959464624524
D3B_icdc_glioma,GLIOMA01-i_49E6,1.3.6.1.4.1.14519.5.2.1.328143012338632883223057559395393058142,1.3.6.1.4.1.14519.5.2.1.197966799475580302365913177301841443187,MP RAGE TRANS FS + C,MP RAGE FS +C,HEAD,glioma,collection_level_icdc_glioma,data/processed/D3B_icdc_glioma_selected_slices/GLIOMA01-i_49E6/GLIOMA01-i_49E6__301841443187__central04_idx0024.png,data/raw/D3B_icdc_glioma/1.3.6.1.4.1.14519.5.2.1.197966799475580302365913177301841443187/1-25.dcm,4,24,47,0,glioma,0.8487138748168945,0.8487138748168945,0.533588724093497,2.9185667037963867,0.8487138748168945,0.23481319844722748,0.0579724945127964,0.6938748955726624,0.09174658358097076,-3.3759653568267822,0.001567042781971395
D3B_icdc_glioma,GLIOMA01-i_49E6,1.3.6.1.4.1.14519.5.2.1.328143012338632883223057559395393058142,1.3.6.1.4.1.14519.5.2.1.197966799475580302365913177301841443187,MP RAGE TRANS FS + C,MP RAGE FS +C,HEAD,glioma,collection_level_icdc_glioma,data/processed/D3B_icdc_glioma_selected_slices/GLIOMA01-i_49E6/GLIOMA01-i_49E6__301841443187__central05_idx0025.png,data/raw/D3B_icdc_glioma/1.3.6.1.4.1.14519.5.2.1.197966799475580302365913177301841443187/1-26.dcm,5,25,47,0,glioma,0.6951174139976501,0.6951174139976501,0.7491880480672499,2.892639636993408,0.6951174139976501,0.2058037519454956,0.047334764152765274,1.898427963256836,0.2572038769721985,-4.7187933921813965,0.00034391789813525975
D3B_icdc_glioma,GLIOMA01-i_8BDE,1.3.6.1.4.1.14519.5.2.1.130279406635005519085179271256892778239,1.3.6.1.4.1.14519.5.2.1.210864304936929034141059700214106045446,T1/T/SE  +C,T1/T/SE  +C,HEAD,glioma,collection_level_icdc_glioma,data/processed/D3B_icdc_glioma_selected_slices/GLIOMA01-i_8BDE/GLIOMA01-i_8BDE__214106045446__central01_idx0006.png,data/raw/D3B_icdc_glioma/1.3.6.1.4.1.14519.5.2.1.210864304936929034141059700214106045446/1-07.dcm,1,6,16,1,meningioma,0.893668532371521,0.06255050003528595,0.41663439901949856,0.3286082446575165,0.06255050003528595,2.987968921661377,0.893668532371521,-0.05809292569756508,0.04249018803238869,-3.5520968437194824,0.0012908088974654675
D3B_icdc_glioma,GLIOMA01-i_8BDE,1.3.6.1.4.1.14519.5.2.1.130279406635005519085179271256892778239,1.3.6.1.4.1.14519.5.2.1.210864304936929034141059700214106045446,T1/T/SE  +C,T1/T/SE  +C,HEAD,glioma,collection_level_icdc_glioma,data/processed/D3B_icdc_glioma_selected_slices/GLIOMA01-i_8BDE/GLIOMA01-i_8BDE__214106045446__central02_idx0007.png,data/raw/D3B_icdc_glioma/1.3.6.1.4.1.14519.5.2.1.210864304936929034141059700214106045446/1-08.dcm,2,7,16,1,meningioma,0.8643066883087158,0.07240423560142517,0.5029942194862901,0.2804619073867798,0.07240423560142517,2.760124921798706,0.8643066883087158,0.09678245335817337,0.06025497987866402,-2.891881227493286,0.0030341201927512884
D3B_icdc_glioma,GLIOMA01-i_8BDE,1.3.6.1.4.1.14519.5.2.1.130279406635005519085179271256892778239,1.3.6.1.4.1.14519.5.2.1.210864304936929034141059700214106045446,T1/T/SE  +C,T1/T/SE  +C,HEAD,glioma,collection_level_icdc_glioma,data/processed/D3B_icdc_glioma_selected_slices/GLIOMA01-i_8BDE/GLIOMA01-i_8BDE__214106045446__central03_idx0008.png,data/raw/D3B_icdc_glioma/1.3.6.1.4.1.14519.5.2.1.210864304936929034141059700214106045446/1-09.dcm,3,8,16,1,meningioma,0.8322718143463135,0.13649025559425354,0.5414375062781364,0.9474169015884399,0.13649025559425354,2.7553226947784424,0.8322718143463135,-0.6082108616828918,0.028807204216718674,-3.0806350708007812,0.002430754015222192
D3B_icdc_glioma,GLIOMA01-i_8BDE,1.3.6.1.4.1.14519.5.2.1.130279406635005519085179271256892778239,1.3.6.1.4.1.14519.5.2.1.210864304936929034141059700214106045446,T1/T/SE  +C,T1/T/SE  +C,HEAD,glioma,collection_level_icdc_glioma,data/processed/D3B_icdc_glioma_selected_slices/GLIOMA01-i_8BDE/GLIOMA01-i_8BDE__214106045446__central04_idx0009.png,data/raw/D3B_icdc_glioma/1.3.6.1.4.1.14519.5.2.1.210864304936929034141059700214106045446/1-10.dcm,4,9,16,1,meningioma,0.8360997438430786,0.0628662258386612,0.5667577053439757,0.012003452517092228,0.0628662258386612,2.5997421741485596,0.8360997438430786,0.461841344833374,0.09857789427042007,-3.2304537296295166,0.002456044079735875
D3B_icdc_glioma,GLIOMA01-i_8BDE,1.3.6.1.4.1.14519.5.2.1.130279406635005519085179271256892778239,1.3.6.1.4.1.14519.5.2.1.210864304936929034141059700214106045446,T1/T/SE  +C,T1/T/SE  +C,HEAD,glioma,collection_level_icdc_glioma,data/processed/D3B_icdc_glioma_selected_slices/GLIOMA01-i_8BDE/GLIOMA01-i_8BDE__214106045446__central05_idx0010.png,data/raw/D3B_icdc_glioma/1.3.6.1.4.1.14519.5.2.1.210864304936929034141059700214106045446/1-11.dcm,5,10,16,1,meningioma,0.9597226977348328,0.013190808705985546,0.1977704514328727,-0.5715980529785156,0.013190808705985546,3.7155261039733887,0.9597226977348328,0.11935035139322281,0.026323674246668816,-3.421886682510376,0.0007627929444424808
D3B_icdc_glioma,GLIOMA01-i_FC65,1.3.6.1.4.1.14519.5.2.1.212867420508017263017494321035687962668,1.3.6.1.4.1.14519.5.2.1.211142962138955139180007466034760894778,BRAIN/T1_DORSAL+C,,HEAD,glioma,collection_level_icdc_glioma,data/processed/D3B_icdc_glioma_selected_slices/GLIOMA01-i_FC65/GLIOMA01-i_FC65__034760894778__central01_idx0007.png,data/raw/D3B_icdc_glioma/1.3.6.1.4.1.14519.5.2.1.211142962138955139180007466034760894778/1-08.dcm,1,7,19,2,notumor,0.9944053888320923,0.005086785648018122,0.03659511719288771,0.1960868388414383,0.005086785648018122,-2.435250997543335,0.00036615756107494235,5.471585750579834,0.9944053888320923,-3.3851444721221924,0.00014162315346766263
D3B_icdc_glioma,GLIOMA01-i_FC65,1.3.6.1.4.1.14519.5.2.1.212867420508017263017494321035687962668,1.3.6.1.4.1.14519.5.2.1.211142962138955139180007466034760894778,BRAIN/T1_DORSAL+C,,HEAD,glioma,collection_level_icdc_glioma,data/processed/D3B_icdc_glioma_selected_slices/GLIOMA01-i_FC65/GLIOMA01-i_FC65__034760894778__central02_idx0008.png,data/raw/D3B_icdc_glioma/1.3.6.1.4.1.14519.5.2.1.211142962138955139180007466034760894778/1-09.dcm,2,8,19,2,notumor,0.9868929982185364,0.011023664847016335,0.07622857544383513,0.2815595865249634,0.011023664847016335,-1.4842578172683716,0.001885564299300313,4.776076793670654,0.9868929982185364,-3.7387661933898926,0.00019784302276093513
D3B_icdc_glioma,GLIOMA01-i_FC65,1.3.6.1.4.1.14519.5.2.1.212867420508017263017494321035687962668,1.3.6.1.4.1.14519.5.2.1.211142962138955139180007466034760894778,BRAIN/T1_DORSAL+C,,HEAD,glioma,collection_level_icdc_glioma,data/processed/D3B_icdc_glioma_selected_slices/GLIOMA01-i_FC65/GLIOMA01-i_FC65__034760894778__central03_idx0009.png,data/raw/D3B_icdc_glioma/1.3.6.1.4.1.14519.5.2.1.211142962138955139180007466034760894778/1-10.dcm,3,9,19,2,notumor,0.9912484884262085,0.00782724004238844,0.05355264860916794,0.35049375891685486,0.00782724004238844,-1.9703606367111206,0.0007685538148507476,5.191849231719971,0.9912484884262085,-3.5670387744903564,0.00015568462549708784
D3B_icdc_glioma,GLIOMA01-i_FC65,1.3.6.1.4.1.14519.5.2.1.212867420508017263017494321035687962668,1.3.6.1.4.1.14519.5.2.1.211142962138955139180007466034760894778,BRAIN/T1_DORSAL+C,,HEAD,glioma,collection_level_icdc_glioma,data/processed/D3B_icdc_glioma_selected_slices/GLIOMA01-i_FC65/GLIOMA01-i_FC65__034760894778__central04_idx0010.png,data/raw/D3B_icdc_glioma/1.3.6.1.4.1.14519.5.2.1.211142962138955139180007466034760894778/1-11.dcm,4,10,19,2,notumor,0.9931821227073669,0.005765143316239119,0.04435764557093736,-0.016470789909362793,0.005765143316239119,-2.041266679763794,0.0007611190085299313,5.132613182067871,0.9931821227073669,-3.0009758472442627,0.00029151185299269855
D3B_icdc_glioma,GLIOMA01-i_FC65,1.3.6.1.4.1.14519.5.2.1.212867420508017263017494321035687962668,1.3.6.1.4.1.14519.5.2.1.211142962138955139180007466034760894778,BRAIN/T1_DORSAL+C,,HEAD,glioma,collection_level_icdc_glioma,data/processed/D3B_icdc_glioma_selected_slices/GLIOMA01-i_FC65/GLIOMA01-i_FC65__034760894778__central05_idx0011.png,data/raw/D3B_icdc_glioma/1.3.6.1.4.1.14519.5.2.1.211142962138955139180007466034760894778/1-12.dcm,5,11,19,2,notumor,0.999609649181366,0.0002919631078839302,0.0037425695375492077,-1.0388678312301636,0.0002919631078839302,-2.7499217987060547,5.2750521717825904e-05,7.0996246337890625,0.999609649181366,-2.89399790763855,4.567254291032441e-05
D3B_icdc_glioma,GLIOMA01-i_D756,1.3.6.1.4.1.14519.5.2.1.80295388185447070987300949703162596698,1.3.6.1.4.1.14519.5.2.1.2137734496733834555089982541298174374,Ax 3DT1 SPGR S,CED Post/,HEAD,glioma,collection_level_icdc_glioma,data/processed/D3B_icdc_glioma_selected_slices/GLIOMA01-i_D756/GLIOMA01-i_D756__541298174374__central01_idx0043.png,data/raw/D3B_icdc_glioma/1.3.6.1.4.1.14519.5.2.1.2137734496733834555089982541298174374/1-44.dcm,1,43,90,2,notumor,0.9921573400497437,0.006669269874691963,0.049558570326995774,0.41718631982803345,0.006669269874691963,-3.499382257461548,0.00013278049300424755,5.419557571411133,0.9921573400497437,-1.4405320882797241,0.0010405941866338253
D3B_icdc_glioma,GLIOMA01-i_D756,1.3.6.1.4.1.14519.5.2.1.80295388185447070987300949703162596698,1.3.6.1.4.1.14519.5.2.1.2137734496733834555089982541298174374,Ax 3DT1 SPGR S,CED Post/,HEAD,glioma,collection_level_icdc_glioma,data/processed/D3B_icdc_glioma_selected_slices/GLIOMA01-i_D756/GLIOMA01-i_D756__541298174374__central02_idx0044.png,data/raw/D3B_icdc_glioma/1.3.6.1.4.1.14519.5.2.1.2137734496733834555089982541298174374/1-45.dcm,2,44,90,2,notumor,0.9831373691558838,0.015085406601428986,0.09192253538183326,0.8013128042221069,0.015085406601428986,-3.3941805362701416,0.0002272360579809174,4.978333950042725,0.9831373691558838,-1.4741426706314087,0.001550027052871883
D3B_icdc_glioma,GLIOMA01-i_D756,1.3.6.1.4.1.14519.5.2.1.80295388185447070987300949703162596698,1.3.6.1.4.1.14519.5.2.1.2137734496733834555089982541298174374,Ax 3DT1 SPGR S,CED Post/,HEAD,glioma,collection_level_icdc_glioma,data/processed/D3B_icdc_glioma_selected_slices/GLIOMA01-i_D756/GLIOMA01-i_D756__541298174374__central03_idx0045.png,data/raw/D3B_icdc_glioma/1.3.6.1.4.1.14519.5.2.1.2137734496733834555089982541298174374/1-46.dcm,3,45,90,2,notumor,0.9891546368598938,0.010015892796218395,0.06313050937034112,0.8052617311477661,0.010015892796218395,-3.5834224224090576,0.00012436795805115253,5.397939205169678,0.9891546368598938,-1.8483716249465942,0.0007050687563605607
D3B_icdc_glioma,GLIOMA01-i_D756,1.3.6.1.4.1.14519.5.2.1.80295388185447070987300949703162596698,1.3.6.1.4.1.14519.5.2.1.2137734496733834555089982541298174374,Ax 3DT1 SPGR S,CED Post/,HEAD,glioma,collection_level_icdc_glioma,data/processed/D3B_icdc_glioma_selected_slices/GLIOMA01-i_D756/GLIOMA01-i_D756__541298174374__central04_idx0046.png,data/raw/D3B_icdc_glioma/1.3.6.1.4.1.14519.5.2.1.2137734496733834555089982541298174374/1-47.dcm,4,46,90,2,notumor,0.9976785778999329,0.001827468047849834,0.017808572786248353,-0.26895585656166077,0.001827468047849834,-3.4841697216033936,7.336690032389015e-05,6.033544063568115,0.9976785778999329,-1.7380108833312988,0.00042057863902300596
D3B_icdc_glioma,GLIOMA01-i_D756,1.3.6.1.4.1.14519.5.2.1.80295388185447070987300949703162596698,1.3.6.1.4.1.14519.5.2.1.2137734496733834555089982541298174374,Ax 3DT1 SPGR S,CED Post/,HEAD,glioma,collection_level_icdc_glioma,data/processed/D3B_icdc_glioma_selected_slices/GLIOMA01-i_D756/GLIOMA01-i_D756__541298174374__central05_idx0047.png,data/raw/D3B_icdc_glioma/1.3.6.1.4.1.14519.5.2.1.2137734496733834555089982541298174374/1-48.dcm,5,47,90,2,notumor,0.997003972530365,0.0022025215439498425,0.022383444888777235,-0.26087895035743713,0.0022025215439498425,-3.6183996200561523,7.669507613172755e-05,5.854272842407227,0.997003972530365,-1.3835148811340332,0.0007167465519160032
D3B_icdc_glioma,GLIOMA01-i_2EC9,1.3.6.1.4.1.14519.5.2.1.51358827044288932449059921854176618970,1.3.6.1.4.1.14519.5.2.1.214049945825638329059258097737917749583,AX FSE T1,BRAIN CARDIAC COIL/4,HEAD,glioma,collection_level_icdc_glioma,data/processed/D3B_icdc_glioma_selected_slices/GLIOMA01-i_2EC9/GLIOMA01-i_2EC9__737917749583__central01_idx0012.png,data/raw/D3B_icdc_glioma/1.3.6.1.4.1.14519.5.2.1.214049945825638329059258097737917749583/1-13.dcm,1,12,29,1,meningioma,0.5512404441833496,0.294076144695282,0.9989832062658401,1.220337986946106,0.294076144695282,1.848670244216919,0.5512404441833496,0.5450742244720459,0.14969128370285034,-2.8556389808654785,0.0049921246245503426
D3B_icdc_glioma,GLIOMA01-i_2EC9,1.3.6.1.4.1.14519.5.2.1.51358827044288932449059921854176618970,1.3.6.1.4.1.14519.5.2.1.214049945825638329059258097737917749583,AX FSE T1,BRAIN CARDIAC COIL/4,HEAD,glioma,collection_level_icdc_glioma,data/processed/D3B_icdc_glioma_selected_slices/GLIOMA01-i_2EC9/GLIOMA01-i_2EC9__737917749583__central02_idx0013.png,data/raw/D3B_icdc_glioma/1.3.6.1.4.1.14519.5.2.1.214049945825638329059258097737917749583/1-14.dcm,2,13,29,1,meningioma,0.6480582356452942,0.18372276425361633,0.9040339225268249,0.9381115436553955,0.18372276425361633,2.1986641883850098,0.6480582356452942,0.8367003202438354,0.16600480675697327,-3.480442762374878,0.002214161679148674
D3B_icdc_glioma,GLIOMA01-i_2EC9,1.3.6.1.4.1.14519.5.2.1.51358827044288932449059921854176618970,1.3.6.1.4.1.14519.5.2.1.214049945825638329059258097737917749583,AX FSE T1,BRAIN CARDIAC COIL/4,HEAD,glioma,collection_level_icdc_glioma,data/processed/D3B_icdc_glioma_selected_slices/GLIOMA01-i_2EC9/GLIOMA01-i_2EC9__737917749583__central03_idx0014.png,data/raw/D3B_icdc_glioma/1.3.6.1.4.1.14519.5.2.1.214049945825638329059258097737917749583/1-15.dcm,3,14,29,1,meningioma,0.9237889647483826,0.029167620465159416,0.3243227071338441,-0.01794552057981491,0.029167620465159416,3.437479019165039,0.9237889647483826,0.4421396255493164,0.046207599341869354,-3.57037615776062,0.0008357951301150024
D3B_icdc_glioma,GLIOMA01-i_2EC9,1.3.6.1.4.1.14519.5.2.1.51358827044288932449059921854176618970,1.3.6.1.4.1.14519.5.2.1.214049945825638329059258097737917749583,AX FSE T1,BRAIN CARDIAC COIL/4,HEAD,glioma,collection_level_icdc_glioma,data/processed/D3B_icdc_glioma_selected_slices/GLIOMA01-i_2EC9/GLIOMA01-i_2EC9__737917749583__central04_idx0015.png,data/raw/D3B_icdc_glioma/1.3.6.1.4.1.14519.5.2.1.214049945825638329059258097737917749583/1-16.dcm,4,15,29,1,meningioma,0.8544512987136841,0.08227751404047012,0.5196838094503972,0.7194973230361938,0.08227751404047012,3.059858798980713,0.8544512987136841,0.4409276843070984,0.06227303296327591,-3.692401170730591,0.0009982009651139379
D3B_icdc_glioma,GLIOMA01-i_2EC9,1.3.6.1.4.1.14519.5.2.1.51358827044288932449059921854176618970,1.3.6.1.4.1.14519.5.2.1.214049945825638329059258097737917749583,AX FSE T1,BRAIN CARDIAC COIL/4,HEAD,glioma,collection_level_icdc_glioma,data/processed/D3B_icdc_glioma_selected_slices/GLIOMA01-i_2EC9/GLIOMA01-i_2EC9__737917749583__central05_idx0016.png,data/raw/D3B_icdc_glioma/1.3.6.1.4.1.14519.5.2.1.214049945825638329059258097737917749583/1-17.dcm,5,16,29,1,meningioma,0.562548816204071,0.3802706003189087,0.8600787157254441,2.096017837524414,0.3802706003189087,2.487612724304199,0.562548816204071,0.18316538631916046,0.05615021660923958,-3.8149197101593018,0.0010303986491635442
D3B_icdc_glioma,GLIOMA01-i_B70F,1.3.6.1.4.1.14519.5.2.1.135473408767376676403387371231283047350,1.3.6.1.4.1.14519.5.2.1.223936393249969570249961621891124711799,BRAIN/T1_TRANS,,HEAD,glioma,collection_level_icdc_glioma,data/processed/D3B_icdc_glioma_selected_slices/GLIOMA01-i_B70F/GLIOMA01-i_B70F__891124711799__central01_idx0009.png,data/raw/D3B_icdc_glioma/1.3.6.1.4.1.14519.5.2.1.223936393249969570249961621891124711799/1-10.dcm,1,9,23,2,notumor,0.7285510897636414,0.2597278654575348,0.6386951510571868,1.9107606410980225,0.2597278654575348,-1.3985915184020996,0.009490414522588253,2.9421839714050293,0.7285510897636414,-2.8466012477874756,0.0022306048776954412
D3B_icdc_glioma,GLIOMA01-i_B70F,1.3.6.1.4.1.14519.5.2.1.135473408767376676403387371231283047350,1.3.6.1.4.1.14519.5.2.1.223936393249969570249961621891124711799,BRAIN/T1_TRANS,,HEAD,glioma,collection_level_icdc_glioma,data/processed/D3B_icdc_glioma_selected_slices/GLIOMA01-i_B70F/GLIOMA01-i_B70F__891124711799__central02_idx0010.png,data/raw/D3B_icdc_glioma/1.3.6.1.4.1.14519.5.2.1.223936393249969570249961621891124711799/1-11.dcm,2,10,23,0,glioma,0.6978555917739868,0.6978555917739868,0.6892654089831121,2.78692364692688,0.6978555917739868,-0.9582704901695251,0.016491053625941277,1.8861703872680664,0.28351327776908875,-3.0002799034118652,0.002140005584806204
D3B_icdc_glioma,GLIOMA01-i_B70F,1.3.6.1.4.1.14519.5.2.1.135473408767376676403387371231283047350,1.3.6.1.4.1.14519.5.2.1.223936393249969570249961621891124711799,BRAIN/T1_TRANS,,HEAD,glioma,collection_level_icdc_glioma,data/processed/D3B_icdc_glioma_selected_slices/GLIOMA01-i_B70F/GLIOMA01-i_B70F__891124711799__central03_idx0011.png,data/raw/D3B_icdc_glioma/1.3.6.1.4.1.14519.5.2.1.223936393249969570249961621891124711799/1-12.dcm,3,11,23,2,notumor,0.7927631139755249,0.2039162516593933,0.5292910626489832,2.2656259536743164,0.2039162516593933,-3.0916194915771484,0.0009612356661818922,3.623440980911255,0.7927631139755249,-2.1936745643615723,0.002359403297305107
D3B_icdc_glioma,GLIOMA01-i_B70F,1.3.6.1.4.1.14519.5.2.1.135473408767376676403387371231283047350,1.3.6.1.4.1.14519.5.2.1.223936393249969570249961621891124711799,BRAIN/T1_TRANS,,HEAD,glioma,collection_level_icdc_glioma,data/processed/D3B_icdc_glioma_selected_slices/GLIOMA01-i_B70F/GLIOMA01-i_B70F__891124711799__central04_idx0012.png,data/raw/D3B_icdc_glioma/1.3.6.1.4.1.14519.5.2.1.223936393249969570249961621891124711799/1-13.dcm,4,12,23,2,notumor,0.9464986324310303,0.04917334020137787,0.22646184907991523,0.9093151688575745,0.04917334020137787,-2.642220973968506,0.0014103184221312404,3.8667330741882324,0.9464986324310303,-1.9152253866195679,0.0029177446849644184
D3B_icdc_glioma,GLIOMA01-i_B70F,1.3.6.1.4.1.14519.5.2.1.135473408767376676403387371231283047350,1.3.6.1.4.1.14519.5.2.1.223936393249969570249961621891124711799,BRAIN/T1_TRANS,,HEAD,glioma,collection_level_icdc_glioma,data/processed/D3B_icdc_glioma_selected_slices/GLIOMA01-i_B70F/GLIOMA01-i_B70F__891124711799__central05_idx0013.png,data/raw/D3B_icdc_glioma/1.3.6.1.4.1.14519.5.2.1.223936393249969570249961621891124711799/1-14.dcm,5,13,23,2,notumor,0.9886003136634827,0.011108806356787682,0.06387552421162844,1.20426344871521,0.011108806356787682,-3.574807643890381,9.335621871287003e-05,5.69281530380249,0.9886003136634827,-2.82525372505188,0.00019754692038986832
D3B_icdc_glioma,GLIOMA01-i_6638,1.3.6.1.4.1.14519.5.2.1.146926127960808346044494435717632958434,1.3.6.1.4.1.14519.5.2.1.230636614906262606293287971990035735457,MP RAGE TRANS + C,MP RAGE FS +C,HEAD,glioma,collection_level_icdc_glioma,data/processed/D3B_icdc_glioma_selected_slices/GLIOMA01-i_6638/GLIOMA01-i_6638__990035735457__central01_idx0019.png,data/raw/D3B_icdc_glioma/1.3.6.1.4.1.14519.5.2.1.230636614906262606293287971990035735457/1-20.dcm,1,19,42,0,glioma,0.6371728181838989,0.6371728181838989,0.7024244054556676,2.691713571548462,0.6371728181838989,-2.250581741333008,0.004548265133053064,2.1041221618652344,0.3540540635585785,-2.32434344291687,0.004224850796163082
D3B_icdc_glioma,GLIOMA01-i_6638,1.3.6.1.4.1.14519.5.2.1.146926127960808346044494435717632958434,1.3.6.1.4.1.14519.5.2.1.230636614906262606293287971990035735457,MP RAGE TRANS + C,MP RAGE FS +C,HEAD,glioma,collection_level_icdc_glioma,data/processed/D3B_icdc_glioma_selected_slices/GLIOMA01-i_6638/GLIOMA01-i_6638__990035735457__central02_idx0020.png,data/raw/D3B_icdc_glioma/1.3.6.1.4.1.14519.5.2.1.230636614906262606293287971990035735457/1-21.dcm,2,20,42,2,notumor,0.7230234146118164,0.2723824381828308,0.6163630952221869,2.3147177696228027,0.2723824381828308,-2.88900089263916,0.0014970381744205952,3.290952205657959,0.7230234146118164,-2.16200590133667,0.003097153501585126
D3B_icdc_glioma,GLIOMA01-i_6638,1.3.6.1.4.1.14519.5.2.1.146926127960808346044494435717632958434,1.3.6.1.4.1.14519.5.2.1.230636614906262606293287971990035735457,MP RAGE TRANS + C,MP RAGE FS +C,HEAD,glioma,collection_level_icdc_glioma,data/processed/D3B_icdc_glioma_selected_slices/GLIOMA01-i_6638/GLIOMA01-i_6638__990035735457__central03_idx0021.png,data/raw/D3B_icdc_glioma/1.3.6.1.4.1.14519.5.2.1.230636614906262606293287971990035735457/1-22.dcm,3,21,42,2,notumor,0.8187819719314575,0.17028212547302246,0.5192133404922421,1.6322784423828125,0.17028212547302246,-2.992107391357422,0.001670412952080369,3.202639579772949,0.8187819719314575,-1.2788764238357544,0.009265538305044174
D3B_icdc_glioma,GLIOMA01-i_6638,1.3.6.1.4.1.14519.5.2.1.146926127960808346044494435717632958434,1.3.6.1.4.1.14519.5.2.1.230636614906262606293287971990035735457,MP RAGE TRANS + C,MP RAGE FS +C,HEAD,glioma,collection_level_icdc_glioma,data/processed/D3B_icdc_glioma_selected_slices/GLIOMA01-i_6638/GLIOMA01-i_6638__990035735457__central04_idx0022.png,data/raw/D3B_icdc_glioma/1.3.6.1.4.1.14519.5.2.1.230636614906262606293287971990035735457/1-23.dcm,4,22,42,2,notumor,0.631992518901825,0.3616648316383362,0.6942979086800787,2.3864011764526367,0.3616648316383362,-2.450385093688965,0.002868907991796732,2.9445607662200928,0.631992518901825,-2.2591004371643066,0.003473687218502164
D3B_icdc_glioma,GLIOMA01-i_6638,1.3.6.1.4.1.14519.5.2.1.146926127960808346044494435717632958434,1.3.6.1.4.1.14519.5.2.1.230636614906262606293287971990035735457,MP RAGE TRANS + C,MP RAGE FS +C,HEAD,glioma,collection_level_icdc_glioma,data/processed/D3B_icdc_glioma_selected_slices/GLIOMA01-i_6638/GLIOMA01-i_6638__990035735457__central05_idx0023.png,data/raw/D3B_icdc_glioma/1.3.6.1.4.1.14519.5.2.1.230636614906262606293287971990035735457/1-24.dcm,5,23,42,0,glioma,0.7844900488853455,0.7844900488853455,0.6809980152495191,2.444404125213623,0.7844900488853455,0.5688499212265015,0.12023879587650299,0.30850574374198914,0.09267841279506683,-3.2679126262664795,0.002592745702713728
D3B_icdc_glioma,GLIOMA01-i_5E9A,1.3.6.1.4.1.14519.5.2.1.79654016710037857091733224322009905579,1.3.6.1.4.1.14519.5.2.1.235513932315351294077537876410998274168,BRAIN/T1_TRANS,,HEAD,glioma,collection_level_icdc_glioma,data/processed/D3B_icdc_glioma_selected_slices/GLIOMA01-i_5E9A/GLIOMA01-i_5E9A__410998274168__central01_idx0010.png,data/raw/D3B_icdc_glioma/1.3.6.1.4.1.14519.5.2.1.235513932315351294077537876410998274168/1-11.dcm,1,10,25,1,meningioma,0.9145603179931641,0.06891734153032303,0.336085602506848,0.933484673500061,0.06891734153032303,3.5190200805664062,0.9145603179931641,-0.525945782661438,0.016014229506254196,-3.9764926433563232,0.0005081037525087595
D3B_icdc_glioma,GLIOMA01-i_5E9A,1.3.6.1.4.1.14519.5.2.1.79654016710037857091733224322009905579,1.3.6.1.4.1.14519.5.2.1.235513932315351294077537876410998274168,BRAIN/T1_TRANS,,HEAD,glioma,collection_level_icdc_glioma,data/processed/D3B_icdc_glioma_selected_slices/GLIOMA01-i_5E9A/GLIOMA01-i_5E9A__410998274168__central02_idx0011.png,data/raw/D3B_icdc_glioma/1.3.6.1.4.1.14519.5.2.1.235513932315351294077537876410998274168/1-12.dcm,2,11,25,0,glioma,0.5848314166069031,0.5848314166069031,0.7250494994213839,2.596752166748047,0.5848314166069031,-2.0070176124572754,0.0058565097860991955,2.233607292175293,0.4067418575286865,-2.8305678367614746,0.0025702512357383966
D3B_icdc_glioma,GLIOMA01-i_5E9A,1.3.6.1.4.1.14519.5.2.1.79654016710037857091733224322009905579,1.3.6.1.4.1.14519.5.2.1.235513932315351294077537876410998274168,BRAIN/T1_TRANS,,HEAD,glioma,collection_level_icdc_glioma,data/processed/D3B_icdc_glioma_selected_slices/GLIOMA01-i_5E9A/GLIOMA01-i_5E9A__410998274168__central03_idx0012.png,data/raw/D3B_icdc_glioma/1.3.6.1.4.1.14519.5.2.1.235513932315351294077537876410998274168/1-13.dcm,3,12,25,0,glioma,0.6856146454811096,0.6856146454811096,0.6668786165011779,3.0397047996520996,0.6856146454811096,-1.475751519203186,0.007499673403799534,2.231325626373291,0.305495947599411,-3.1614954471588135,0.0013897378230467439
D3B_icdc_glioma,GLIOMA01-i_5E9A,1.3.6.1.4.1.14519.5.2.1.79654016710037857091733224322009905579,1.3.6.1.4.1.14519.5.2.1.235513932315351294077537876410998274168,BRAIN/T1_TRANS,,HEAD,glioma,collection_level_icdc_glioma,data/processed/D3B_icdc_glioma_selected_slices/GLIOMA01-i_5E9A/GLIOMA01-i_5E9A__410998274168__central04_idx0013.png,data/raw/D3B_icdc_glioma/1.3.6.1.4.1.14519.5.2.1.235513932315351294077537876410998274168/1-14.dcm,4,13,25,0,glioma,0.8521683216094971,0.8521683216094971,0.4403331973573548,3.8029022216796875,0.8521683216094971,-1.5692747831344604,0.003957478329539299,2.0207695960998535,0.14340195059776306,-3.6952927112579346,0.0004721726290881634
D3B_icdc_glioma,GLIOMA01-i_5E9A,1.3.6.1.4.1.14519.5.2.1.79654016710037857091733224322009905579,1.3.6.1.4.1.14519.5.2.1.235513932315351294077537876410998274168,BRAIN/T1_TRANS,,HEAD,glioma,collection_level_icdc_glioma,data/processed/D3B_icdc_glioma_selected_slices/GLIOMA01-i_5E9A/GLIOMA01-i_5E9A__410998274168__central05_idx0014.png,data/raw/D3B_icdc_glioma/1.3.6.1.4.1.14519.5.2.1.235513932315351294077537876410998274168/1-15.dcm,5,14,25,2,notumor,0.8947102427482605,0.10443490743637085,0.342099903167481,2.5526556968688965,0.10443490743637085,-2.7956995964050293,0.0004966889973729849,4.700591564178467,0.8947102427482605,-3.122789144515991,0.0003581223718356341
D3B_icdc_glioma,GLIOMA01-i_BD58,1.3.6.1.4.1.14519.5.2.1.286629041372342735261556993637546599739,1.3.6.1.4.1.14519.5.2.1.23630376391353921122928249927997167196,T1+C Axial,LG. CANINE BRAIN/,HEAD,glioma,collection_level_icdc_glioma,data/processed/D3B_icdc_glioma_selected_slices/GLIOMA01-i_BD58/GLIOMA01-i_BD58__927997167196__central01_idx0005.png,data/raw/D3B_icdc_glioma/1.3.6.1.4.1.14519.5.2.1.23630376391353921122928249927997167196/1-06.dcm,1,5,15,2,notumor,0.6253207921981812,0.31386756896972656,0.8347558084301092,1.6740200519561768,0.31386756896972656,0.007102314382791519,0.059267040342092514,2.363313674926758,0.6253207921981812,-3.640220880508423,0.0015445469180122018
D3B_icdc_glioma,GLIOMA01-i_BD58,1.3.6.1.4.1.14519.5.2.1.286629041372342735261556993637546599739,1.3.6.1.4.1.14519.5.2.1.23630376391353921122928249927997167196,T1+C Axial,LG. CANINE BRAIN/,HEAD,glioma,collection_level_icdc_glioma,data/processed/D3B_icdc_glioma_selected_slices/GLIOMA01-i_BD58/GLIOMA01-i_BD58__927997167196__central02_idx0006.png,data/raw/D3B_icdc_glioma/1.3.6.1.4.1.14519.5.2.1.23630376391353921122928249927997167196/1-07.dcm,2,6,15,2,notumor,0.9337048530578613,0.06410926580429077,0.2547169239390477,1.6077215671539307,0.06410926580429077,-3.2695839405059814,0.000488353194668889,4.286293029785156,0.9337048530578613,-2.0237529277801514,0.0016974280588328838
D3B_icdc_glioma,GLIOMA01-i_BD58,1.3.6.1.4.1.14519.5.2.1.286629041372342735261556993637546599739,1.3.6.1.4.1.14519.5.2.1.23630376391353921122928249927997167196,T1+C Axial,LG. CANINE BRAIN/,HEAD,glioma,collection_level_icdc_glioma,data/processed/D3B_icdc_glioma_selected_slices/GLIOMA01-i_BD58/GLIOMA01-i_BD58__927997167196__central03_idx0007.png,data/raw/D3B_icdc_glioma/1.3.6.1.4.1.14519.5.2.1.23630376391353921122928249927997167196/1-08.dcm,3,7,15,0,glioma,0.8485909104347229,0.8485909104347229,0.4350783596923123,4.088730812072754,0.8485909104347229,-2.5771336555480957,0.0010808121878653765,2.354452610015869,0.14979968965053558,-3.29243803024292,0.0005285638617351651
D3B_icdc_glioma,GLIOMA01-i_BD58,1.3.6.1.4.1.14519.5.2.1.286629041372342735261556993637546599739,1.3.6.1.4.1.14519.5.2.1.23630376391353921122928249927997167196,T1+C Axial,LG. CANINE BRAIN/,HEAD,glioma,collection_level_icdc_glioma,data/processed/D3B_icdc_glioma_selected_slices/GLIOMA01-i_BD58/GLIOMA01-i_BD58__927997167196__central04_idx0008.png,data/raw/D3B_icdc_glioma/1.3.6.1.4.1.14519.5.2.1.23630376391353921122928249927997167196/1-09.dcm,4,8,15,2,notumor,0.881598949432373,0.11744224280118942,0.36991854830678667,2.3322856426239014,0.11744224280118942,-2.901120185852051,0.0006265922565944493,4.348076343536377,0.881598949432373,-3.535559892654419,0.0003322394913993776
D3B_icdc_glioma,GLIOMA01-i_BD58,1.3.6.1.4.1.14519.5.2.1.286629041372342735261556993637546599739,1.3.6.1.4.1.14519.5.2.1.23630376391353921122928249927997167196,T1+C Axial,LG. CANINE BRAIN/,HEAD,glioma,collection_level_icdc_glioma,data/processed/D3B_icdc_glioma_selected_slices/GLIOMA01-i_BD58/GLIOMA01-i_BD58__927997167196__central05_idx0009.png,data/raw/D3B_icdc_glioma/1.3.6.1.4.1.14519.5.2.1.23630376391353921122928249927997167196/1-10.dcm,5,9,15,2,notumor,0.6977823376655579,0.3008042871952057,0.6225484649066149,2.9369325637817383,0.3008042871952057,-2.7380707263946533,0.0010319562861695886,3.7783799171447754,0.6977823376655579,-3.7335355281829834,0.0003813613438978791
D3B_icdc_glioma,GLIOMA01-i_E271,1.3.6.1.4.1.14519.5.2.1.61836843430643358219125670239042490797,1.3.6.1.4.1.14519.5.2.1.238285012137156161013026717114199153605,AX FSE T1,BRAIN CARDIAC COIL/4,HEAD,glioma,collection_level_icdc_glioma,data/processed/D3B_icdc_glioma_selected_slices/GLIOMA01-i_E271/GLIOMA01-i_E271__114199153605__central01_idx0010.png,data/raw/D3B_icdc_glioma/1.3.6.1.4.1.14519.5.2.1.238285012137156161013026717114199153605/1-11.dcm,1,10,25,1,meningioma,0.97844398021698,0.01125453133136034,0.12007644500015686,0.030656225979328156,0.01125453133136034,4.495849132537842,0.97844398021698,-0.08091288059949875,0.01006638165563345,-3.837651252746582,0.00023514889471698552
D3B_icdc_glioma,GLIOMA01-i_E271,1.3.6.1.4.1.14519.5.2.1.61836843430643358219125670239042490797,1.3.6.1.4.1.14519.5.2.1.238285012137156161013026717114199153605,AX FSE T1,BRAIN CARDIAC COIL/4,HEAD,glioma,collection_level_icdc_glioma,data/processed/D3B_icdc_glioma_selected_slices/GLIOMA01-i_E271/GLIOMA01-i_E271__114199153605__central02_idx0011.png,data/raw/D3B_icdc_glioma/1.3.6.1.4.1.14519.5.2.1.238285012137156161013026717114199153605/1-12.dcm,2,11,25,1,meningioma,0.9929265379905701,0.0033384617418050766,0.04782069114500907,-0.6434239149093628,0.0033384617418050766,5.051722526550293,0.9929265379905701,-0.5940834879875183,0.003507315181195736,-3.3291175365448,0.00022759589774068445
D3B_icdc_glioma,GLIOMA01-i_E271,1.3.6.1.4.1.14519.5.2.1.61836843430643358219125670239042490797,1.3.6.1.4.1.14519.5.2.1.238285012137156161013026717114199153605,AX FSE T1,BRAIN CARDIAC COIL/4,HEAD,glioma,collection_level_icdc_glioma,data/processed/D3B_icdc_glioma_selected_slices/GLIOMA01-i_E271/GLIOMA01-i_E271__114199153605__central03_idx0012.png,data/raw/D3B_icdc_glioma/1.3.6.1.4.1.14519.5.2.1.238285012137156161013026717114199153605/1-13.dcm,3,12,25,1,meningioma,0.9964398741722107,0.001757272519171238,0.026652532797025678,-0.9207864999771118,0.001757272519171238,5.419639587402344,0.9964398741722107,-0.993246853351593,0.0016344431787729263,-3.265927791595459,0.00016840576427057385
D3B_icdc_glioma,GLIOMA01-i_E271,1.3.6.1.4.1.14519.5.2.1.61836843430643358219125670239042490797,1.3.6.1.4.1.14519.5.2.1.238285012137156161013026717114199153605,AX FSE T1,BRAIN CARDIAC COIL/4,HEAD,glioma,collection_level_icdc_glioma,data/processed/D3B_icdc_glioma_selected_slices/GLIOMA01-i_E271/GLIOMA01-i_E271__114199153605__central04_idx0013.png,data/raw/D3B_icdc_glioma/1.3.6.1.4.1.14519.5.2.1.238285012137156161013026717114199153605/1-14.dcm,4,13,25,1,meningioma,0.9831897020339966,0.015378139913082123,0.09092441287683814,0.7868831157684326,0.015378139913082123,4.944737911224365,0.9831897020339966,-1.7865240573883057,0.0011729710968211293,-3.296481132507324,0.00025913232821039855
D3B_icdc_glioma,GLIOMA01-i_E271,1.3.6.1.4.1.14519.5.2.1.61836843430643358219125670239042490797,1.3.6.1.4.1.14519.5.2.1.238285012137156161013026717114199153605,AX FSE T1,BRAIN CARDIAC COIL/4,HEAD,glioma,collection_level_icdc_glioma,data/processed/D3B_icdc_glioma_selected_slices/GLIOMA01-i_E271/GLIOMA01-i_E271__114199153605__central05_idx0014.png,data/raw/D3B_icdc_glioma/1.3.6.1.4.1.14519.5.2.1.238285012137156161013026717114199153605/1-15.dcm,5,14,25,1,meningioma,0.9808238744735718,0.017891263589262962,0.10018403792206731,0.8569827079772949,0.017891263589262962,4.861063003540039,0.9808238744735718,-2.0084805488586426,0.0010190281318500638,-3.3522226810455322,0.00026583150611259043
D3B_icdc_glioma,GLIOMA01-i_99AF,1.3.6.1.4.1.14519.5.2.1.35078207812171724664948712001604452335,1.3.6.1.4.1.14519.5.2.1.241410583737689895774361929616886549474,,TE 20 T1  TRANS +C,HEAD,glioma,collection_level_icdc_glioma,data/processed/D3B_icdc_glioma_selected_slices/GLIOMA01-i_99AF/GLIOMA01-i_99AF__616886549474__central01_idx0009.png,data/raw/D3B_icdc_glioma/1.3.6.1.4.1.14519.5.2.1.241410583737689895774361929616886549474/1-10.dcm,1,9,22,2,notumor,0.9898648858070374,0.009854304604232311,0.05808536144504704,1.1506657600402832,0.009854304604232311,-2.8208842277526855,0.00018569649546407163,5.760325908660889,0.9898648858070374,-3.4896492958068848,9.513991244602948e-05
D3B_icdc_glioma,GLIOMA01-i_99AF,1.3.6.1.4.1.14519.5.2.1.35078207812171724664948712001604452335,1.3.6.1.4.1.14519.5.2.1.241410583737689895774361929616886549474,,TE 20 T1  TRANS +C,HEAD,glioma,collection_level_icdc_glioma,data/processed/D3B_icdc_glioma_selected_slices/GLIOMA01-i_99AF/GLIOMA01-i_99AF__616886549474__central02_idx0010.png,data/raw/D3B_icdc_glioma/1.3.6.1.4.1.14519.5.2.1.241410583737689895774361929616886549474/1-11.dcm,2,10,22,2,notumor,0.9927296042442322,0.007066172547638416,0.04409841186192,1.0846816301345825,0.007066172547638416,-2.8103203773498535,0.00014374952297657728,6.029820919036865,0.9927296042442322,-3.6751863956451416,6.053405741113238e-05
D3B_icdc_glioma,GLIOMA01-i_99AF,1.3.6.1.4.1.14519.5.2.1.35078207812171724664948712001604452335,1.3.6.1.4.1.14519.5.2.1.241410583737689895774361929616886549474,,TE 20 T1  TRANS +C,HEAD,glioma,collection_level_icdc_glioma,data/processed/D3B_icdc_glioma_selected_slices/GLIOMA01-i_99AF/GLIOMA01-i_99AF__616886549474__central03_idx0011.png,data/raw/D3B_icdc_glioma/1.3.6.1.4.1.14519.5.2.1.241410583737689895774361929616886549474/1-12.dcm,3,11,22,2,notumor,0.9985779523849487,0.001289342064410448,0.011274217483596912,-0.01109966542571783,0.001289342064410448,-2.789189577102661,8.014177728909999e-05,6.6411004066467285,0.9985779523849487,-3.2097253799438477,5.2628682169597596e-05
D3B_icdc_glioma,GLIOMA01-i_99AF,1.3.6.1.4.1.14519.5.2.1.35078207812171724664948712001604452335,1.3.6.1.4.1.14519.5.2.1.241410583737689895774361929616886549474,,TE 20 T1  TRANS +C,HEAD,glioma,collection_level_icdc_glioma,data/processed/D3B_icdc_glioma_selected_slices/GLIOMA01-i_99AF/GLIOMA01-i_99AF__616886549474__central04_idx0012.png,data/raw/D3B_icdc_glioma/1.3.6.1.4.1.14519.5.2.1.241410583737689895774361929616886549474/1-13.dcm,4,12,22,2,notumor,0.9876876473426819,0.011897476390004158,0.06841065785805417,1.1787066459655762,0.011897476390004158,-2.4312338829040527,0.00032186799217015505,5.597746849060059,0.9876876473426819,-3.6727449893951416,9.30028545553796e-05
D3B_icdc_glioma,GLIOMA01-i_99AF,1.3.6.1.4.1.14519.5.2.1.35078207812171724664948712001604452335,1.3.6.1.4.1.14519.5.2.1.241410583737689895774361929616886549474,,TE 20 T1  TRANS +C,HEAD,glioma,collection_level_icdc_glioma,data/processed/D3B_icdc_glioma_selected_slices/GLIOMA01-i_99AF/GLIOMA01-i_99AF__616886549474__central05_idx0013.png,data/raw/D3B_icdc_glioma/1.3.6.1.4.1.14519.5.2.1.241410583737689895774361929616886549474/1-14.dcm,5,13,22,2,notumor,0.9318421483039856,0.06624432653188705,0.2581446939082379,1.9695852994918823,0.06624432653188705,-1.6679301261901855,0.0017433947650715709,4.613399028778076,0.9318421483039856,-3.9950954914093018,0.00017010637384373695
D3B_icdc_glioma,GLIOMA01-i_6D5C,1.3.6.1.4.1.14519.5.2.1.182892265424180320806494238772816589687,1.3.6.1.4.1.14519.5.2.1.252265203227746269351628087789359818697,BRAIN/T1_SAG,,HEAD,glioma,collection_level_icdc_glioma,data/processed/D3B_icdc_glioma_selected_slices/GLIOMA01-i_6D5C/GLIOMA01-i_6D5C__789359818697__central01_idx0007.png,data/raw/D3B_icdc_glioma/1.3.6.1.4.1.14519.5.2.1.252265203227746269351628087789359818697/1-08.dcm,1,7,19,0,glioma,0.5485730767250061,0.5485730767250061,0.9985785094289668,1.9313563108444214,0.5485730767250061,1.2954778671264648,0.2904530465602875,0.6845803260803223,0.1576763540506363,-3.1828086376190186,0.003297470510005951
D3B_icdc_glioma,GLIOMA01-i_6D5C,1.3.6.1.4.1.14519.5.2.1.182892265424180320806494238772816589687,1.3.6.1.4.1.14519.5.2.1.252265203227746269351628087789359818697,BRAIN/T1_SAG,,HEAD,glioma,collection_level_icdc_glioma,data/processed/D3B_icdc_glioma_selected_slices/GLIOMA01-i_6D5C/GLIOMA01-i_6D5C__789359818697__central02_idx0008.png,data/raw/D3B_icdc_glioma/1.3.6.1.4.1.14519.5.2.1.252265203227746269351628087789359818697/1-09.dcm,2,8,19,2,notumor,0.5660550594329834,0.42188575863838196,0.7454049951794942,2.323410987854004,0.42188575863838196,-1.4455639123916626,0.00973531324416399,2.617367744445801,0.5660550594329834,-2.8780689239501953,0.002323918277397752
D3B_icdc_glioma,GLIOMA01-i_6D5C,1.3.6.1.4.1.14519.5.2.1.182892265424180320806494238772816589687,1.3.6.1.4.1.14519.5.2.1.252265203227746269351628087789359818697,BRAIN/T1_SAG,,HEAD,glioma,collection_level_icdc_glioma,data/processed/D3B_icdc_glioma_selected_slices/GLIOMA01-i_6D5C/GLIOMA01-i_6D5C__789359818697__central03_idx0009.png,data/raw/D3B_icdc_glioma/1.3.6.1.4.1.14519.5.2.1.252265203227746269351628087789359818697/1-10.dcm,3,9,19,0,glioma,0.8855559825897217,0.8855559825897217,0.43842804484970177,3.0825860500335693,0.8855559825897217,0.08456549048423767,0.04417659342288971,0.5302963852882385,0.06898754090070724,-3.4568355083465576,0.0012799156829714775
D3B_icdc_glioma,GLIOMA01-i_6D5C,1.3.6.1.4.1.14519.5.2.1.182892265424180320806494238772816589687,1.3.6.1.4.1.14519.5.2.1.252265203227746269351628087789359818697,BRAIN/T1_SAG,,HEAD,glioma,collection_level_icdc_glioma,data/processed/D3B_icdc_glioma_selected_slices/GLIOMA01-i_6D5C/GLIOMA01-i_6D5C__789359818697__central04_idx0010.png,data/raw/D3B_icdc_glioma/1.3.6.1.4.1.14519.5.2.1.252265203227746269351628087789359818697/1-11.dcm,4,10,19,0,glioma,0.9131675362586975,0.9131675362586975,0.34403321064018433,3.3390390872955322,0.9131675362586975,-0.6712496280670166,0.01655404642224312,0.7555121183395386,0.06895072758197784,-3.1944029331207275,0.0013277387479320168
D3B_icdc_glioma,GLIOMA01-i_6D5C,1.3.6.1.4.1.14519.5.2.1.182892265424180320806494238772816589687,1.3.6.1.4.1.14519.5.2.1.252265203227746269351628087789359818697,BRAIN/T1_SAG,,HEAD,glioma,collection_level_icdc_glioma,data/processed/D3B_icdc_glioma_selected_slices/GLIOMA01-i_6D5C/GLIOMA01-i_6D5C__789359818697__central05_idx0011.png,data/raw/D3B_icdc_glioma/1.3.6.1.4.1.14519.5.2.1.252265203227746269351628087789359818697/1-12.dcm,5,11,19,0,glioma,0.7239741683006287,0.7239741683006287,0.7516095035831613,2.4639692306518555,0.7239741683006287,1.2168941497802734,0.20802965760231018,0.07168305665254593,0.06618604809045792,-3.52736234664917,0.0018101761816069484
D3B_icdc_glioma,GLIOMA01-i_157E,1.3.6.1.4.1.14519.5.2.1.74202149500891993119266014374660885022,1.3.6.1.4.1.14519.5.2.1.259996636277341485826359784627683529170,O-Ax T1-POST GAD,2864128/6,HEAD,glioma,collection_level_icdc_glioma,data/processed/D3B_icdc_glioma_selected_slices/GLIOMA01-i_157E/GLIOMA01-i_157E__627683529170__central01_idx0011.png,data/raw/D3B_icdc_glioma/1.3.6.1.4.1.14519.5.2.1.259996636277341485826359784627683529170/1-12.dcm,1,11,26,1,meningioma,0.6303268671035767,0.2569512128829956,0.9084400897363468,1.0624732971191406,0.2569512128829956,1.9598255157470703,0.6303268671035767,0.18740452826023102,0.10710584372282028,-2.7607944011688232,0.005615992471575737
D3B_icdc_glioma,GLIOMA01-i_157E,1.3.6.1.4.1.14519.5.2.1.74202149500891993119266014374660885022,1.3.6.1.4.1.14519.5.2.1.259996636277341485826359784627683529170,O-Ax T1-POST GAD,2864128/6,HEAD,glioma,collection_level_icdc_glioma,data/processed/D3B_icdc_glioma_selected_slices/GLIOMA01-i_157E/GLIOMA01-i_157E__627683529170__central02_idx0012.png,data/raw/D3B_icdc_glioma/1.3.6.1.4.1.14519.5.2.1.259996636277341485826359784627683529170/1-13.dcm,2,12,26,0,glioma,0.6333093047142029,0.6333093047142029,0.8076129499727962,2.433753490447998,0.6333093047142029,-0.1898506134748459,0.045940857380628586,1.7472431659698486,0.31876322627067566,-3.3307888507843018,0.0019865836948156357
D3B_icdc_glioma,GLIOMA01-i_157E,1.3.6.1.4.1.14519.5.2.1.74202149500891993119266014374660885022,1.3.6.1.4.1.14519.5.2.1.259996636277341485826359784627683529170,O-Ax T1-POST GAD,2864128/6,HEAD,glioma,collection_level_icdc_glioma,data/processed/D3B_icdc_glioma_selected_slices/GLIOMA01-i_157E/GLIOMA01-i_157E__627683529170__central03_idx0013.png,data/raw/D3B_icdc_glioma/1.3.6.1.4.1.14519.5.2.1.259996636277341485826359784627683529170/1-14.dcm,3,13,26,2,notumor,0.7837953567504883,0.19433575868606567,0.5990715036271386,1.4101827144622803,0.19433575868606567,-0.8594390153884888,0.02008485049009323,2.8047432899475098,0.7837953567504883,-3.280493974685669,0.0017840934451669455
D3B_icdc_glioma,GLIOMA01-i_157E,1.3.6.1.4.1.14519.5.2.1.74202149500891993119266014374660885022,1.3.6.1.4.1.14519.5.2.1.259996636277341485826359784627683529170,O-Ax T1-POST GAD,2864128/6,HEAD,glioma,collection_level_icdc_glioma,data/processed/D3B_icdc_glioma_selected_slices/GLIOMA01-i_157E/GLIOMA01-i_157E__627683529170__central04_idx0014.png,data/raw/D3B_icdc_glioma/1.3.6.1.4.1.14519.5.2.1.259996636277341485826359784627683529170/1-15.dcm,4,14,26,1,meningioma,0.49635663628578186,0.2916950583457947,1.0630881297200978,0.9891724586486816,0.2916950583457947,1.5207582712173462,0.49635663628578186,0.641217052936554,0.2059747278690338,-2.89917254447937,0.005973683670163155
D3B_icdc_glioma,GLIOMA01-i_157E,1.3.6.1.4.1.14519.5.2.1.74202149500891993119266014374660885022,1.3.6.1.4.1.14519.5.2.1.259996636277341485826359784627683529170,O-Ax T1-POST GAD,2864128/6,HEAD,glioma,collection_level_icdc_glioma,data/processed/D3B_icdc_glioma_selected_slices/GLIOMA01-i_157E/GLIOMA01-i_157E__627683529170__central05_idx0015.png,data/raw/D3B_icdc_glioma/1.3.6.1.4.1.14519.5.2.1.259996636277341485826359784627683529170/1-16.dcm,5,15,26,1,meningioma,0.9231688380241394,0.04447833076119423,0.32896641455774667,0.23763719201087952,0.04447833076119423,3.270447254180908,0.9231688380241394,-0.12433416396379471,0.030970364809036255,-3.233515501022339,0.0013824393972754478
D3B_icdc_glioma,GLIOMA01-i_4990,1.3.6.1.4.1.14519.5.2.1.322834917946698574054866040181461385664,1.3.6.1.4.1.14519.5.2.1.261816588200105413007978141462632206860,,TE 20 T1  TRANS +C,HEAD,glioma,collection_level_icdc_glioma,data/processed/D3B_icdc_glioma_selected_slices/GLIOMA01-i_4990/GLIOMA01-i_4990__462632206860__central01_idx0008.png,data/raw/D3B_icdc_glioma/1.3.6.1.4.1.14519.5.2.1.261816588200105413007978141462632206860/1-09.dcm,1,8,20,0,glioma,0.6614646911621094,0.6614646911621094,0.7049636541440099,3.1791775226593018,0.6614646911621094,-0.6005937457084656,0.01509985700249672,2.462432622909546,0.3230191767215729,-4.1915764808654785,0.0004163214180152863
D3B_icdc_glioma,GLIOMA01-i_4990,1.3.6.1.4.1.14519.5.2.1.322834917946698574054866040181461385664,1.3.6.1.4.1.14519.5.2.1.261816588200105413007978141462632206860,,TE 20 T1  TRANS +C,HEAD,glioma,collection_level_icdc_glioma,data/processed/D3B_icdc_glioma_selected_slices/GLIOMA01-i_4990/GLIOMA01-i_4990__462632206860__central02_idx0009.png,data/raw/D3B_icdc_glioma/1.3.6.1.4.1.14519.5.2.1.261816588200105413007978141462632206860/1-10.dcm,2,9,20,2,notumor,0.5782016515731812,0.4080774486064911,0.7438507935849044,2.5344603061676025,0.4080774486064911,-0.9033578038215637,0.013113456778228283,2.8829259872436523,0.5782016515731812,-3.9755351543426514,0.0006074176635593176
D3B_icdc_glioma,GLIOMA01-i_4990,1.3.6.1.4.1.14519.5.2.1.322834917946698574054866040181461385664,1.3.6.1.4.1.14519.5.2.1.261816588200105413007978141462632206860,,TE 20 T1  TRANS +C,HEAD,glioma,collection_level_icdc_glioma,data/processed/D3B_icdc_glioma_selected_slices/GLIOMA01-i_4990/GLIOMA01-i_4990__462632206860__central03_idx0010.png,data/raw/D3B_icdc_glioma/1.3.6.1.4.1.14519.5.2.1.261816588200105413007978141462632206860/1-11.dcm,3,10,20,2,notumor,0.5592736601829529,0.4217228889465332,0.7704416696532247,2.192971706390381,0.4217228889465332,-1.0076286792755127,0.01718003675341606,2.47526216506958,0.5592736601829529,-3.250664710998535,0.0018234166782349348
D3B_icdc_glioma,GLIOMA01-i_4990,1.3.6.1.4.1.14519.5.2.1.322834917946698574054866040181461385664,1.3.6.1.4.1.14519.5.2.1.261816588200105413007978141462632206860,,TE 20 T1  TRANS +C,HEAD,glioma,collection_level_icdc_glioma,data/processed/D3B_icdc_glioma_selected_slices/GLIOMA01-i_4990/GLIOMA01-i_4990__462632206860__central04_idx0011.png,data/raw/D3B_icdc_glioma/1.3.6.1.4.1.14519.5.2.1.261816588200105413007978141462632206860/1-12.dcm,4,11,20,2,notumor,0.9676811099052429,0.029912492260336876,0.15265166493131813,0.8768683671951294,0.029912492260336876,-1.9416199922561646,0.0017856600461527705,4.353494644165039,0.9676811099052429,-2.998258590698242,0.0006207352271303535
D3B_icdc_glioma,GLIOMA01-i_4990,1.3.6.1.4.1.14519.5.2.1.322834917946698574054866040181461385664,1.3.6.1.4.1.14519.5.2.1.261816588200105413007978141462632206860,,TE 20 T1  TRANS +C,HEAD,glioma,collection_level_icdc_glioma,data/processed/D3B_icdc_glioma_selected_slices/GLIOMA01-i_4990/GLIOMA01-i_4990__462632206860__central05_idx0012.png,data/raw/D3B_icdc_glioma/1.3.6.1.4.1.14519.5.2.1.261816588200105413007978141462632206860/1-13.dcm,5,12,20,2,notumor,0.9702655076980591,0.026523925364017487,0.14474902418266175,1.0755678415298462,0.026523925364017487,-1.1009516716003418,0.0030087593477219343,4.675090312957764,0.9702655076980591,-3.8026673793792725,0.00020185862376820296
D3B_icdc_glioma,GLIOMA01-i_56B5,1.3.6.1.4.1.14519.5.2.1.257123111669720300381972688887376360399,1.3.6.1.4.1.14519.5.2.1.265372530672259962233653648149633492244,MP RAGE FS +C,MP RAGE FS +C,HEAD,glioma,collection_level_icdc_glioma,data/processed/D3B_icdc_glioma_selected_slices/GLIOMA01-i_56B5/GLIOMA01-i_56B5__149633492244__central01_idx0126.png,data/raw/D3B_icdc_glioma/1.3.6.1.4.1.14519.5.2.1.265372530672259962233653648149633492244/1-127.dcm,1,126,256,2,notumor,0.9531617760658264,0.04563429206609726,0.1955260731300189,1.3991172313690186,0.04563429206609726,-3.001386880874634,0.0005599851720035076,4.438242435455322,0.9531617760658264,-2.8616161346435547,0.0006439887802116573
D3B_icdc_glioma,GLIOMA01-i_56B5,1.3.6.1.4.1.14519.5.2.1.257123111669720300381972688887376360399,1.3.6.1.4.1.14519.5.2.1.265372530672259962233653648149633492244,MP RAGE FS +C,MP RAGE FS +C,HEAD,glioma,collection_level_icdc_glioma,data/processed/D3B_icdc_glioma_selected_slices/GLIOMA01-i_56B5/GLIOMA01-i_56B5__149633492244__central02_idx0127.png,data/raw/D3B_icdc_glioma/1.3.6.1.4.1.14519.5.2.1.265372530672259962233653648149633492244/1-128.dcm,2,127,256,2,notumor,0.9517448544502258,0.04716835543513298,0.19929532401865502,1.5378705263137817,0.04716835543513298,-2.9376869201660156,0.0005369587452150881,4.542444229125977,0.9517448544502258,-2.91401743888855,0.0005498197278939188
D3B_icdc_glioma,GLIOMA01-i_56B5,1.3.6.1.4.1.14519.5.2.1.257123111669720300381972688887376360399,1.3.6.1.4.1.14519.5.2.1.265372530672259962233653648149633492244,MP RAGE FS +C,MP RAGE FS +C,HEAD,glioma,collection_level_icdc_glioma,data/processed/D3B_icdc_glioma_selected_slices/GLIOMA01-i_56B5/GLIOMA01-i_56B5__149633492244__central03_idx0128.png,data/raw/D3B_icdc_glioma/1.3.6.1.4.1.14519.5.2.1.265372530672259962233653648149633492244/1-129.dcm,3,128,256,2,notumor,0.939507007598877,0.05875210836529732,0.23730623481371052,1.444307565689087,0.05875210836529732,-2.460660457611084,0.0011833615135401487,4.216335773468018,0.939507007598877,-3.213200807571411,0.00055756198707968
D3B_icdc_glioma,GLIOMA01-i_56B5,1.3.6.1.4.1.14519.5.2.1.257123111669720300381972688887376360399,1.3.6.1.4.1.14519.5.2.1.265372530672259962233653648149633492244,MP RAGE FS +C,MP RAGE FS +C,HEAD,glioma,collection_level_icdc_glioma,data/processed/D3B_icdc_glioma_selected_slices/GLIOMA01-i_56B5/GLIOMA01-i_56B5__149633492244__central04_idx0129.png,data/raw/D3B_icdc_glioma/1.3.6.1.4.1.14519.5.2.1.265372530672259962233653648149633492244/1-130.dcm,4,129,256,2,notumor,0.9082543253898621,0.08849386125802994,0.32170221675509153,1.6897907257080078,0.08849386125802994,-1.7244055271148682,0.0029116999357938766,4.0183820724487305,0.9082543253898621,-3.871378183364868,0.0003401952562853694
D3B_icdc_glioma,GLIOMA01-i_56B5,1.3.6.1.4.1.14519.5.2.1.257123111669720300381972688887376360399,1.3.6.1.4.1.14519.5.2.1.265372530672259962233653648149633492244,MP RAGE FS +C,MP RAGE FS +C,HEAD,glioma,collection_level_icdc_glioma,data/processed/D3B_icdc_glioma_selected_slices/GLIOMA01-i_56B5/GLIOMA01-i_56B5__149633492244__central05_idx0130.png,data/raw/D3B_icdc_glioma/1.3.6.1.4.1.14519.5.2.1.265372530672259962233653648149633492244/1-131.dcm,5,130,256,2,notumor,0.9875031113624573,0.01137679535895586,0.07160894702835906,0.45166218280792236,0.01137679535895586,-2.1843361854553223,0.0008151178481057286,4.915266036987305,0.9875031113624573,-3.1675446033477783,0.0003049429215025157
D3B_icdc_glioma,GLIOMA01-i_03A6,1.3.6.1.4.1.14519.5.2.1.314316487728501506587013300243937537423,1.3.6.1.4.1.14519.5.2.1.294585940264655347012941094237670679311,BRAIN/T1_TRANS,,HEAD,glioma,collection_level_icdc_glioma,data/processed/D3B_icdc_glioma_selected_slices/GLIOMA01-i_03A6/GLIOMA01-i_03A6__237670679311__central01_idx0007.png,data/raw/D3B_icdc_glioma/1.3.6.1.4.1.14519.5.2.1.294585940264655347012941094237670679311/1-08.dcm,1,7,19,1,meningioma,0.6315830945968628,0.3469233512878418,0.7470103580234937,1.8449349403381348,0.3469233512878418,2.4440605640411377,0.6315830945968628,-1.0414981842041016,0.019349580630660057,-3.2414982318878174,0.002143994439393282
D3B_icdc_glioma,GLIOMA01-i_03A6,1.3.6.1.4.1.14519.5.2.1.314316487728501506587013300243937537423,1.3.6.1.4.1.14519.5.2.1.294585940264655347012941094237670679311,BRAIN/T1_TRANS,,HEAD,glioma,collection_level_icdc_glioma,data/processed/D3B_icdc_glioma_selected_slices/GLIOMA01-i_03A6/GLIOMA01-i_03A6__237670679311__central02_idx0008.png,data/raw/D3B_icdc_glioma/1.3.6.1.4.1.14519.5.2.1.294585940264655347012941094237670679311/1-09.dcm,2,8,19,1,meningioma,0.9071372151374817,0.08845769613981247,0.3290704703123519,1.4092624187469482,0.08845769613981247,3.7370316982269287,0.9071372151374817,-1.8193762302398682,0.003503932151943445,-3.177412271499634,0.0009010899229906499
D3B_icdc_glioma,GLIOMA01-i_03A6,1.3.6.1.4.1.14519.5.2.1.314316487728501506587013300243937537423,1.3.6.1.4.1.14519.5.2.1.294585940264655347012941094237670679311,BRAIN/T1_TRANS,,HEAD,glioma,collection_level_icdc_glioma,data/processed/D3B_icdc_glioma_selected_slices/GLIOMA01-i_03A6/GLIOMA01-i_03A6__237670679311__central03_idx0009.png,data/raw/D3B_icdc_glioma/1.3.6.1.4.1.14519.5.2.1.294585940264655347012941094237670679311/1-10.dcm,3,9,19,1,meningioma,0.950874924659729,0.04367462545633316,0.21481226897738046,0.8773617744445801,0.04367462545633316,3.957977056503296,0.950874924659729,-1.308082103729248,0.004910243675112724,-3.5151779651641846,0.0005402233800850809
D3B_icdc_glioma,GLIOMA01-i_03A6,1.3.6.1.4.1.14519.5.2.1.314316487728501506587013300243937537423,1.3.6.1.4.1.14519.5.2.1.294585940264655347012941094237670679311,BRAIN/T1_TRANS,,HEAD,glioma,collection_level_icdc_glioma,data/processed/D3B_icdc_glioma_selected_slices/GLIOMA01-i_03A6/GLIOMA01-i_03A6__237670679311__central04_idx0010.png,data/raw/D3B_icdc_glioma/1.3.6.1.4.1.14519.5.2.1.294585940264655347012941094237670679311/1-11.dcm,4,10,19,1,meningioma,0.9108465313911438,0.0807611271739006,0.33408432590248716,0.8286763429641724,0.0807611271739006,3.2515549659729004,0.9108465313911438,-1.9709556102752686,0.004912898875772953,-2.3159730434417725,0.0034793538507074118
D3B_icdc_glioma,GLIOMA01-i_03A6,1.3.6.1.4.1.14519.5.2.1.314316487728501506587013300243937537423,1.3.6.1.4.1.14519.5.2.1.294585940264655347012941094237670679311,BRAIN/T1_TRANS,,HEAD,glioma,collection_level_icdc_glioma,data/processed/D3B_icdc_glioma_selected_slices/GLIOMA01-i_03A6/GLIOMA01-i_03A6__237670679311__central05_idx0011.png,data/raw/D3B_icdc_glioma/1.3.6.1.4.1.14519.5.2.1.294585940264655347012941094237670679311/1-12.dcm,5,11,19,0,glioma,0.7389602065086365,0.7389602065086365,0.7558367323202952,2.651500940322876,0.7389602065086365,0.6564201712608337,0.10050056129693985,1.1164460182189941,0.1592044234275818,-3.6649575233459473,0.0013348051579669118
D3B_icdc_glioma,GLIOMA01-i_502F,1.3.6.1.4.1.14519.5.2.1.212328576300822964287697094625288806431,1.3.6.1.4.1.14519.5.2.1.300091175080975745865361767253344587917,T1/SAG/SE +C,T1/SAG/SE +C,HEAD,glioma,collection_level_icdc_glioma,data/processed/D3B_icdc_glioma_selected_slices/GLIOMA01-i_502F/GLIOMA01-i_502F__253344587917__central01_idx0008.png,data/raw/D3B_icdc_glioma/1.3.6.1.4.1.14519.5.2.1.300091175080975745865361767253344587917/1-09.dcm,1,8,21,2,notumor,0.783707857131958,0.19682802259922028,0.590312105014522,1.8332226276397705,0.19682802259922028,-0.5122676491737366,0.018856167793273926,3.21492862701416,0.783707857131958,-3.9467437267303467,0.0006079660379327834
D3B_icdc_glioma,GLIOMA01-i_502F,1.3.6.1.4.1.14519.5.2.1.212328576300822964287697094625288806431,1.3.6.1.4.1.14519.5.2.1.300091175080975745865361767253344587917,T1/SAG/SE +C,T1/SAG/SE +C,HEAD,glioma,collection_level_icdc_glioma,data/processed/D3B_icdc_glioma_selected_slices/GLIOMA01-i_502F/GLIOMA01-i_502F__253344587917__central02_idx0009.png,data/raw/D3B_icdc_glioma/1.3.6.1.4.1.14519.5.2.1.300091175080975745865361767253344587917/1-10.dcm,2,9,21,2,notumor,0.8825837969779968,0.09928123652935028,0.4144352048994884,1.4230833053588867,0.09928123652935028,-0.3029750883579254,0.01767052710056305,3.607980489730835,0.8825837969779968,-3.94201922416687,0.0004643364227376878
D3B_icdc_glioma,GLIOMA01-i_502F,1.3.6.1.4.1.14519.5.2.1.212328576300822964287697094625288806431,1.3.6.1.4.1.14519.5.2.1.300091175080975745865361767253344587917,T1/SAG/SE +C,T1/SAG/SE +C,HEAD,glioma,collection_level_icdc_glioma,data/processed/D3B_icdc_glioma_selected_slices/GLIOMA01-i_502F/GLIOMA01-i_502F__253344587917__central03_idx0010.png,data/raw/D3B_icdc_glioma/1.3.6.1.4.1.14519.5.2.1.300091175080975745865361767253344587917/1-11.dcm,3,10,21,2,notumor,0.9555487632751465,0.027310552075505257,0.21336615154804128,0.5048403739929199,0.027310552075505257,0.01557963714003563,0.01674354076385498,4.0598530769348145,0.9555487632751465,-3.725964307785034,0.0003971142286900431
D3B_icdc_glioma,GLIOMA01-i_502F,1.3.6.1.4.1.14519.5.2.1.212328576300822964287697094625288806431,1.3.6.1.4.1.14519.5.2.1.300091175080975745865361767253344587917,T1/SAG/SE +C,T1/SAG/SE +C,HEAD,glioma,collection_level_icdc_glioma,data/processed/D3B_icdc_glioma_selected_slices/GLIOMA01-i_502F/GLIOMA01-i_502F__253344587917__central04_idx0011.png,data/raw/D3B_icdc_glioma/1.3.6.1.4.1.14519.5.2.1.300091175080975745865361767253344587917/1-12.dcm,4,11,21,2,notumor,0.9865114688873291,0.010459674522280693,0.07927119118433931,0.4283818304538727,0.010459674522280693,-0.8632425665855408,0.002874569268897176,4.975029468536377,0.9865114688873291,-3.788205623626709,0.00015426859317813069
D3B_icdc_glioma,GLIOMA01-i_502F,1.3.6.1.4.1.14519.5.2.1.212328576300822964287697094625288806431,1.3.6.1.4.1.14519.5.2.1.300091175080975745865361767253344587917,T1/SAG/SE +C,T1/SAG/SE +C,HEAD,glioma,collection_level_icdc_glioma,data/processed/D3B_icdc_glioma_selected_slices/GLIOMA01-i_502F/GLIOMA01-i_502F__253344587917__central05_idx0012.png,data/raw/D3B_icdc_glioma/1.3.6.1.4.1.14519.5.2.1.300091175080975745865361767253344587917/1-13.dcm,5,12,21,2,notumor,0.9059861302375793,0.07688894122838974,0.3576602056513356,1.3305240869522095,0.07688894122838974,-0.18608540296554565,0.016873633489012718,3.7971861362457275,0.9059861302375793,-4.393245220184326,0.0002512246719561517
D3B_icdc_glioma,GLIOMA01-i_3F8C,1.3.6.1.4.1.14519.5.2.1.237207137877983610409321185946069216444,1.3.6.1.4.1.14519.5.2.1.306487070196134498715471133536062558120,O-Ax T1 SE S,"Brain, Head Coil/",HEAD,glioma,collection_level_icdc_glioma,data/processed/D3B_icdc_glioma_selected_slices/GLIOMA01-i_3F8C/GLIOMA01-i_3F8C__536062558120__central01_idx0008.png,data/raw/D3B_icdc_glioma/1.3.6.1.4.1.14519.5.2.1.306487070196134498715471133536062558120/1-09.dcm,1,8,20,2,notumor,0.7071303725242615,0.289617657661438,0.6248180097883491,2.4929304122924805,0.289617657661438,-2.630358934402466,0.0017250784439966083,3.3855838775634766,0.7071303725242615,-2.7524466514587402,0.001526815933175385
D3B_icdc_glioma,GLIOMA01-i_3F8C,1.3.6.1.4.1.14519.5.2.1.237207137877983610409321185946069216444,1.3.6.1.4.1.14519.5.2.1.306487070196134498715471133536062558120,O-Ax T1 SE S,"Brain, Head Coil/",HEAD,glioma,collection_level_icdc_glioma,data/processed/D3B_icdc_glioma_selected_slices/GLIOMA01-i_3F8C/GLIOMA01-i_3F8C__536062558120__central02_idx0009.png,data/raw/D3B_icdc_glioma/1.3.6.1.4.1.14519.5.2.1.306487070196134498715471133536062558120/1-10.dcm,2,9,20,2,notumor,0.9671933054924011,0.03217099606990814,0.14794110389678936,1.7156411409378052,0.03217099606990814,-3.001516103744507,0.0002876267535611987,5.118974208831787,0.9671933054924011,-2.81085467338562,0.00034804263850674033
D3B_icdc_glioma,GLIOMA01-i_3F8C,1.3.6.1.4.1.14519.5.2.1.237207137877983610409321185946069216444,1.3.6.1.4.1.14519.5.2.1.306487070196134498715471133536062558120,O-Ax T1 SE S,"Brain, Head Coil/",HEAD,glioma,collection_level_icdc_glioma,data/processed/D3B_icdc_glioma_selected_slices/GLIOMA01-i_3F8C/GLIOMA01-i_3F8C__536062558120__central03_idx0010.png,data/raw/D3B_icdc_glioma/1.3.6.1.4.1.14519.5.2.1.306487070196134498715471133536062558120/1-11.dcm,3,10,20,0,glioma,0.5690774917602539,0.5690774917602539,0.891612079635933,2.152057647705078,0.5690774917602539,0.09243591129779816,0.07255862653255463,1.6838154792785645,0.3563005030155182,-3.467644691467285,0.0020633155945688486
D3B_icdc_glioma,GLIOMA01-i_3F8C,1.3.6.1.4.1.14519.5.2.1.237207137877983610409321185946069216444,1.3.6.1.4.1.14519.5.2.1.306487070196134498715471133536062558120,O-Ax T1 SE S,"Brain, Head Coil/",HEAD,glioma,collection_level_icdc_glioma,data/processed/D3B_icdc_glioma_selected_slices/GLIOMA01-i_3F8C/GLIOMA01-i_3F8C__536062558120__central04_idx0011.png,data/raw/D3B_icdc_glioma/1.3.6.1.4.1.14519.5.2.1.306487070196134498715471133536062558120/1-12.dcm,4,11,20,0,glioma,0.8124964237213135,0.8124964237213135,0.5394199311668947,3.2327170372009277,0.8124964237213135,-0.7594159841537476,0.014998921193182468,1.6789462566375732,0.17180167138576508,-3.819761276245117,0.0007030222332105041
D3B_icdc_glioma,GLIOMA01-i_3F8C,1.3.6.1.4.1.14519.5.2.1.237207137877983610409321185946069216444,1.3.6.1.4.1.14519.5.2.1.306487070196134498715471133536062558120,O-Ax T1 SE S,"Brain, Head Coil/",HEAD,glioma,collection_level_icdc_glioma,data/processed/D3B_icdc_glioma_selected_slices/GLIOMA01-i_3F8C/GLIOMA01-i_3F8C__536062558120__central05_idx0012.png,data/raw/D3B_icdc_glioma/1.3.6.1.4.1.14519.5.2.1.306487070196134498715471133536062558120/1-13.dcm,5,12,20,0,glioma,0.9718573093414307,0.9718573093414307,0.15219443422582452,3.8632380962371826,0.9718573093414307,-0.4350389242172241,0.013209446333348751,-0.4066010117530823,0.01359048206359148,-2.721278429031372,0.0013427133671939373
D3B_icdc_glioma,GLIOMA01-i_607E,1.3.6.1.4.1.14519.5.2.1.225257061635076869524524609393333127594,1.3.6.1.4.1.14519.5.2.1.306624957209322479359954530111792131781,AX FSE T1,BRAIN ARRAY COIL/4,HEAD,glioma,collection_level_icdc_glioma,data/processed/D3B_icdc_glioma_selected_slices/GLIOMA01-i_607E/GLIOMA01-i_607E__111792131781__central01_idx0011.png,data/raw/D3B_icdc_glioma/1.3.6.1.4.1.14519.5.2.1.306624957209322479359954530111792131781/1-12.dcm,1,11,26,0,glioma,0.6863462328910828,0.6863462328910828,0.8734806969221189,1.9039981365203857,0.6863462328910828,0.4977593719959259,0.16819825768470764,0.28549426794052124,0.1360304057598114,-2.384004592895508,0.009425127878785133
D3B_icdc_glioma,GLIOMA01-i_607E,1.3.6.1.4.1.14519.5.2.1.225257061635076869524524609393333127594,1.3.6.1.4.1.14519.5.2.1.306624957209322479359954530111792131781,AX FSE T1,BRAIN ARRAY COIL/4,HEAD,glioma,collection_level_icdc_glioma,data/processed/D3B_icdc_glioma_selected_slices/GLIOMA01-i_607E/GLIOMA01-i_607E__111792131781__central02_idx0012.png,data/raw/D3B_icdc_glioma/1.3.6.1.4.1.14519.5.2.1.306624957209322479359954530111792131781/1-13.dcm,2,12,26,0,glioma,0.9502442479133606,0.9502442479133606,0.2247915065337936,3.7934789657592773,0.9502442479133606,-0.9354591369628906,0.008396213874220848,0.6365637183189392,0.04043937101960182,-3.1463394165039062,0.0009202597429975867
D3B_icdc_glioma,GLIOMA01-i_607E,1.3.6.1.4.1.14519.5.2.1.225257061635076869524524609393333127594,1.3.6.1.4.1.14519.5.2.1.306624957209322479359954530111792131781,AX FSE T1,BRAIN ARRAY COIL/4,HEAD,glioma,collection_level_icdc_glioma,data/processed/D3B_icdc_glioma_selected_slices/GLIOMA01-i_607E/GLIOMA01-i_607E__111792131781__central03_idx0013.png,data/raw/D3B_icdc_glioma/1.3.6.1.4.1.14519.5.2.1.306624957209322479359954530111792131781/1-14.dcm,3,13,26,0,glioma,0.9551663398742676,0.9551663398742676,0.2032072580790471,3.9272267818450928,0.9551663398742676,-1.3852753639221191,0.004708566702902317,0.7288992404937744,0.038999855518341064,-2.8166003227233887,0.001125310081988573
D3B_icdc_glioma,GLIOMA01-i_607E,1.3.6.1.4.1.14519.5.2.1.225257061635076869524524609393333127594,1.3.6.1.4.1.14519.5.2.1.306624957209322479359954530111792131781,AX FSE T1,BRAIN ARRAY COIL/4,HEAD,glioma,collection_level_icdc_glioma,data/processed/D3B_icdc_glioma_selected_slices/GLIOMA01-i_607E/GLIOMA01-i_607E__111792131781__central04_idx0014.png,data/raw/D3B_icdc_glioma/1.3.6.1.4.1.14519.5.2.1.306624957209322479359954530111792131781/1-15.dcm,4,14,26,0,glioma,0.874760091304779,0.874760091304779,0.48354719599375434,2.748490333557129,0.874760091304779,0.14337177574634552,0.0646398514509201,-0.02540690079331398,0.05460101738572121,-2.2338521480560303,0.005999084562063217
D3B_icdc_glioma,GLIOMA01-i_607E,1.3.6.1.4.1.14519.5.2.1.225257061635076869524524609393333127594,1.3.6.1.4.1.14519.5.2.1.306624957209322479359954530111792131781,AX FSE T1,BRAIN ARRAY COIL/4,HEAD,glioma,collection_level_icdc_glioma,data/processed/D3B_icdc_glioma_selected_slices/GLIOMA01-i_607E/GLIOMA01-i_607E__111792131781__central05_idx0015.png,data/raw/D3B_icdc_glioma/1.3.6.1.4.1.14519.5.2.1.306624957209322479359954530111792131781/1-16.dcm,5,15,26,0,glioma,0.9465280771255493,0.9465280771255493,0.24673589709633403,3.549065351486206,0.9465280771255493,-0.5475359559059143,0.01573990471661091,0.2912011742591858,0.03641338273882866,-3.0271832942962646,0.001318575581535697
D3B_icdc_glioma,GLIOMA01-i_B023,1.3.6.1.4.1.14519.5.2.1.15975872366833990003685019916291150527,1.3.6.1.4.1.14519.5.2.1.317090003371004067547517013110583858701,FSPGR 3D,BRAIN KNEE COIL/8,HEAD,glioma,collection_level_icdc_glioma,data/processed/D3B_icdc_glioma_selected_slices/GLIOMA01-i_B023/GLIOMA01-i_B023__110583858701__central01_idx0064.png,data/raw/D3B_icdc_glioma/1.3.6.1.4.1.14519.5.2.1.317090003371004067547517013110583858701/1-065.dcm,1,64,132,2,notumor,0.8346009850502014,0.15441171824932098,0.4947605720386215,1.522718906402588,0.15441171824932098,-1.3731571435928345,0.008531342260539532,3.210050106048584,0.8346009850502014,-2.618384838104248,0.00245596282184124
D3B_icdc_glioma,GLIOMA01-i_B023,1.3.6.1.4.1.14519.5.2.1.15975872366833990003685019916291150527,1.3.6.1.4.1.14519.5.2.1.317090003371004067547517013110583858701,FSPGR 3D,BRAIN KNEE COIL/8,HEAD,glioma,collection_level_icdc_glioma,data/processed/D3B_icdc_glioma_selected_slices/GLIOMA01-i_B023/GLIOMA01-i_B023__110583858701__central02_idx0065.png,data/raw/D3B_icdc_glioma/1.3.6.1.4.1.14519.5.2.1.317090003371004067547517013110583858701/1-066.dcm,2,65,132,2,notumor,0.8028076887130737,0.1865973025560379,0.5431085249406563,1.7010740041732788,0.1865973025560379,-1.3939430713653564,0.008448053151369095,3.160236358642578,0.8028076887130737,-2.7638251781463623,0.0021469611674547195
D3B_icdc_glioma,GLIOMA01-i_B023,1.3.6.1.4.1.14519.5.2.1.15975872366833990003685019916291150527,1.3.6.1.4.1.14519.5.2.1.317090003371004067547517013110583858701,FSPGR 3D,BRAIN KNEE COIL/8,HEAD,glioma,collection_level_icdc_glioma,data/processed/D3B_icdc_glioma_selected_slices/GLIOMA01-i_B023/GLIOMA01-i_B023__110583858701__central03_idx0066.png,data/raw/D3B_icdc_glioma/1.3.6.1.4.1.14519.5.2.1.317090003371004067547517013110583858701/1-067.dcm,3,66,132,2,notumor,0.82857346534729,0.14138253033161163,0.5469216958408712,1.149524450302124,0.14138253033161163,-0.4956217408180237,0.027284616604447365,2.9177608489990234,0.82857346534729,-2.7869436740875244,0.002759366761893034
D3B_icdc_glioma,GLIOMA01-i_B023,1.3.6.1.4.1.14519.5.2.1.15975872366833990003685019916291150527,1.3.6.1.4.1.14519.5.2.1.317090003371004067547517013110583858701,FSPGR 3D,BRAIN KNEE COIL/8,HEAD,glioma,collection_level_icdc_glioma,data/processed/D3B_icdc_glioma_selected_slices/GLIOMA01-i_B023/GLIOMA01-i_B023__110583858701__central04_idx0067.png,data/raw/D3B_icdc_glioma/1.3.6.1.4.1.14519.5.2.1.317090003371004067547517013110583858701/1-068.dcm,4,67,132,2,notumor,0.8525141477584839,0.1270289421081543,0.4852338132772459,1.228239893913269,0.1270289421081543,-0.7264107465744019,0.01798906736075878,3.132014751434326,0.8525141477584839,-2.712815046310425,0.002467881888151169
D3B_icdc_glioma,GLIOMA01-i_B023,1.3.6.1.4.1.14519.5.2.1.15975872366833990003685019916291150527,1.3.6.1.4.1.14519.5.2.1.317090003371004067547517013110583858701,FSPGR 3D,BRAIN KNEE COIL/8,HEAD,glioma,collection_level_icdc_glioma,data/processed/D3B_icdc_glioma_selected_slices/GLIOMA01-i_B023/GLIOMA01-i_B023__110583858701__central05_idx0068.png,data/raw/D3B_icdc_glioma/1.3.6.1.4.1.14519.5.2.1.317090003371004067547517013110583858701/1-069.dcm,5,68,132,2,notumor,0.885812520980835,0.10312344878911972,0.3971895619781523,1.2088645696640015,0.10312344878911972,-1.2579412460327148,0.008750587701797485,3.359443187713623,0.885812520980835,-2.5883350372314453,0.0023134201765060425
D3B_icdc_glioma,GLIOMA01-i_63FE,1.3.6.1.4.1.14519.5.2.1.268122105092414152433318447645908388078,1.3.6.1.4.1.14519.5.2.1.321083631867174200131833288604644381133,MP RAGE FS +C,MP RAGE FS +C,HEAD,glioma,collection_level_icdc_glioma,data/processed/D3B_icdc_glioma_selected_slices/GLIOMA01-i_63FE/GLIOMA01-i_63FE__604644381133__central01_idx0126.png,data/raw/D3B_icdc_glioma/1.3.6.1.4.1.14519.5.2.1.321083631867174200131833288604644381133/1-127.dcm,1,126,256,0,glioma,0.9191364049911499,0.9191364049911499,0.3146993366517836,3.5986714363098145,0.9191364049911499,-0.9076932072639465,0.010145899839699268,1.02592933177948,0.07015397399663925,-3.7980263233184814,0.0005636828718706965
D3B_icdc_glioma,GLIOMA01-i_63FE,1.3.6.1.4.1.14519.5.2.1.268122105092414152433318447645908388078,1.3.6.1.4.1.14519.5.2.1.321083631867174200131833288604644381133,MP RAGE FS +C,MP RAGE FS +C,HEAD,glioma,collection_level_icdc_glioma,data/processed/D3B_icdc_glioma_selected_slices/GLIOMA01-i_63FE/GLIOMA01-i_63FE__604644381133__central02_idx0127.png,data/raw/D3B_icdc_glioma/1.3.6.1.4.1.14519.5.2.1.321083631867174200131833288604644381133/1-128.dcm,2,127,256,0,glioma,0.9006888270378113,0.9006888270378113,0.3678727119864144,3.5510201454162598,0.9006888270378113,-0.5723363757133484,0.014582227915525436,1.1818338632583618,0.0842655748128891,-4.0214104652404785,0.000463350850623101
D3B_icdc_glioma,GLIOMA01-i_63FE,1.3.6.1.4.1.14519.5.2.1.268122105092414152433318447645908388078,1.3.6.1.4.1.14519.5.2.1.321083631867174200131833288604644381133,MP RAGE FS +C,MP RAGE FS +C,HEAD,glioma,collection_level_icdc_glioma,data/processed/D3B_icdc_glioma_selected_slices/GLIOMA01-i_63FE/GLIOMA01-i_63FE__604644381133__central03_idx0128.png,data/raw/D3B_icdc_glioma/1.3.6.1.4.1.14519.5.2.1.321083631867174200131833288604644381133/1-129.dcm,3,128,256,0,glioma,0.9706692099571228,0.9706692099571228,0.14541503681293275,4.459099292755127,0.9706692099571228,-1.0243875980377197,0.00403295224532485,0.803097665309906,0.025077831000089645,-3.933011293411255,0.00022000058379489928
D3B_icdc_glioma,GLIOMA01-i_63FE,1.3.6.1.4.1.14519.5.2.1.268122105092414152433318447645908388078,1.3.6.1.4.1.14519.5.2.1.321083631867174200131833288604644381133,MP RAGE FS +C,MP RAGE FS +C,HEAD,glioma,collection_level_icdc_glioma,data/processed/D3B_icdc_glioma_selected_slices/GLIOMA01-i_63FE/GLIOMA01-i_63FE__604644381133__central04_idx0129.png,data/raw/D3B_icdc_glioma/1.3.6.1.4.1.14519.5.2.1.321083631867174200131833288604644381133/1-130.dcm,4,129,256,0,glioma,0.9748774766921997,0.9748774766921997,0.13554752346331098,4.424263954162598,0.9748774766921997,-0.02739446982741356,0.011366307735443115,0.15140783786773682,0.013591649010777473,-4.262162208557129,0.00016462018538732082
D3B_icdc_glioma,GLIOMA01-i_63FE,1.3.6.1.4.1.14519.5.2.1.268122105092414152433318447645908388078,1.3.6.1.4.1.14519.5.2.1.321083631867174200131833288604644381133,MP RAGE FS +C,MP RAGE FS +C,HEAD,glioma,collection_level_icdc_glioma,data/processed/D3B_icdc_glioma_selected_slices/GLIOMA01-i_63FE/GLIOMA01-i_63FE__604644381133__central05_idx0130.png,data/raw/D3B_icdc_glioma/1.3.6.1.4.1.14519.5.2.1.321083631867174200131833288604644381133/1-131.dcm,5,130,256,0,glioma,0.983112633228302,0.983112633228302,0.09497947986164122,4.670909881591797,0.983112633228302,0.37683603167533875,0.013418705202639103,-1.032642126083374,0.0032777965534478426,-3.8755929470062256,0.00019094317394774407
D3B_icdc_glioma,GLIOMA01-i_6B06,1.3.6.1.4.1.14519.5.2.1.241559876656285616590145262926108179030,1.3.6.1.4.1.14519.5.2.1.32113195686616053137284503358780862941,O-Ax T1-POST,BRAIN NVARRAY/,HEAD,glioma,collection_level_icdc_glioma,data/processed/D3B_icdc_glioma_selected_slices/GLIOMA01-i_6B06/GLIOMA01-i_6B06__358780862941__central01_idx0011.png,data/raw/D3B_icdc_glioma/1.3.6.1.4.1.14519.5.2.1.32113195686616053137284503358780862941/1-12.dcm,1,11,26,0,glioma,0.91420978307724,0.91420978307724,0.3076282402044514,4.361196517944336,0.91420978307724,-1.3584731817245483,0.0029993338976055384,1.9559311866760254,0.08249971270561218,-3.6908740997314453,0.0002911226765718311
D3B_icdc_glioma,GLIOMA01-i_6B06,1.3.6.1.4.1.14519.5.2.1.241559876656285616590145262926108179030,1.3.6.1.4.1.14519.5.2.1.32113195686616053137284503358780862941,O-Ax T1-POST,BRAIN NVARRAY/,HEAD,glioma,collection_level_icdc_glioma,data/processed/D3B_icdc_glioma_selected_slices/GLIOMA01-i_6B06/GLIOMA01-i_6B06__358780862941__central02_idx0012.png,data/raw/D3B_icdc_glioma/1.3.6.1.4.1.14519.5.2.1.32113195686616053137284503358780862941/1-13.dcm,2,12,26,0,glioma,0.9693627953529358,0.9693627953529358,0.15870040863653978,4.577025413513184,0.9693627953529358,0.34074148535728455,0.014018181711435318,0.5047399401664734,0.016516391187906265,-4.575982570648193,0.00010265632590744644
D3B_icdc_glioma,GLIOMA01-i_6B06,1.3.6.1.4.1.14519.5.2.1.241559876656285616590145262926108179030,1.3.6.1.4.1.14519.5.2.1.32113195686616053137284503358780862941,O-Ax T1-POST,BRAIN NVARRAY/,HEAD,glioma,collection_level_icdc_glioma,data/processed/D3B_icdc_glioma_selected_slices/GLIOMA01-i_6B06/GLIOMA01-i_6B06__358780862941__central03_idx0013.png,data/raw/D3B_icdc_glioma/1.3.6.1.4.1.14519.5.2.1.32113195686616053137284503358780862941/1-14.dcm,3,13,26,0,glioma,0.5397881269454956,0.5397881269454956,0.7673981482678992,2.9202144145965576,0.5397881269454956,2.720942974090576,0.44226324558258057,-0.5013288259506226,0.01763055846095085,-4.516421794891357,0.00031807777122594416
D3B_icdc_glioma,GLIOMA01-i_6B06,1.3.6.1.4.1.14519.5.2.1.241559876656285616590145262926108179030,1.3.6.1.4.1.14519.5.2.1.32113195686616053137284503358780862941,O-Ax T1-POST,BRAIN NVARRAY/,HEAD,glioma,collection_level_icdc_glioma,data/processed/D3B_icdc_glioma_selected_slices/GLIOMA01-i_6B06/GLIOMA01-i_6B06__358780862941__central04_idx0014.png,data/raw/D3B_icdc_glioma/1.3.6.1.4.1.14519.5.2.1.32113195686616053137284503358780862941/1-15.dcm,4,14,26,0,glioma,0.927265465259552,0.927265465259552,0.2982597061056084,4.002180576324463,0.927265465259552,1.2324730157852173,0.05812130123376846,-0.16287076473236084,0.014399426989257336,-4.37252950668335,0.0002138521958841011
D3B_icdc_glioma,GLIOMA01-i_6B06,1.3.6.1.4.1.14519.5.2.1.241559876656285616590145262926108179030,1.3.6.1.4.1.14519.5.2.1.32113195686616053137284503358780862941,O-Ax T1-POST,BRAIN NVARRAY/,HEAD,glioma,collection_level_icdc_glioma,data/processed/D3B_icdc_glioma_selected_slices/GLIOMA01-i_6B06/GLIOMA01-i_6B06__358780862941__central05_idx0015.png,data/raw/D3B_icdc_glioma/1.3.6.1.4.1.14519.5.2.1.32113195686616053137284503358780862941/1-16.dcm,5,15,26,0,glioma,0.5438830256462097,0.5438830256462097,0.7426092150418668,3.194570541381836,0.5438830256462097,-0.7468475699424744,0.010562563315033913,2.9942893981933594,0.4451685845851898,-4.056488513946533,0.0003858429554384202
D3B_icdc_glioma,GLIOMA01-i_95FC,1.3.6.1.4.1.14519.5.2.1.32607098121563258959209747383281107696,1.3.6.1.4.1.14519.5.2.1.328926962979706136389170255320442389748,T1 FS TRANS +C,T1 FS TRANS +C,HEAD,glioma,collection_level_icdc_glioma,data/processed/D3B_icdc_glioma_selected_slices/GLIOMA01-i_95FC/GLIOMA01-i_95FC__320442389748__central01_idx0020.png,data/raw/D3B_icdc_glioma/1.3.6.1.4.1.14519.5.2.1.328926962979706136389170255320442389748/1-21.dcm,1,20,45,2,notumor,0.9900572896003723,0.00850750133395195,0.060317964650931234,0.5510011911392212,0.00850750133395195,-1.3372180461883545,0.0012875342508777976,5.3078155517578125,0.9900572896003723,-3.5026113986968994,0.00014768645633012056
D3B_icdc_glioma,GLIOMA01-i_95FC,1.3.6.1.4.1.14519.5.2.1.32607098121563258959209747383281107696,1.3.6.1.4.1.14519.5.2.1.328926962979706136389170255320442389748,T1 FS TRANS +C,T1 FS TRANS +C,HEAD,glioma,collection_level_icdc_glioma,data/processed/D3B_icdc_glioma_selected_slices/GLIOMA01-i_95FC/GLIOMA01-i_95FC__320442389748__central02_idx0021.png,data/raw/D3B_icdc_glioma/1.3.6.1.4.1.14519.5.2.1.328926962979706136389170255320442389748/1-22.dcm,2,21,45,2,notumor,0.9957250356674194,0.0039600348100066185,0.028902642420653435,0.4532947540283203,0.0039600348100066185,-2.4394469261169434,0.00021948115318082273,5.980513095855713,0.9957250356674194,-3.272933006286621,9.537149890093133e-05
D3B_icdc_glioma,GLIOMA01-i_95FC,1.3.6.1.4.1.14519.5.2.1.32607098121563258959209747383281107696,1.3.6.1.4.1.14519.5.2.1.328926962979706136389170255320442389748,T1 FS TRANS +C,T1 FS TRANS +C,HEAD,glioma,collection_level_icdc_glioma,data/processed/D3B_icdc_glioma_selected_slices/GLIOMA01-i_95FC/GLIOMA01-i_95FC__320442389748__central03_idx0022.png,data/raw/D3B_icdc_glioma/1.3.6.1.4.1.14519.5.2.1.328926962979706136389170255320442389748/1-23.dcm,3,22,45,2,notumor,0.9979021549224854,0.0019153542816638947,0.01577841269364369,0.15126651525497437,0.0019153542816638947,-2.814990997314453,9.863250306807458e-05,6.407019138336182,0.9979021549224854,-2.977487802505493,8.383941894862801e-05
D3B_icdc_glioma,GLIOMA01-i_95FC,1.3.6.1.4.1.14519.5.2.1.32607098121563258959209747383281107696,1.3.6.1.4.1.14519.5.2.1.328926962979706136389170255320442389748,T1 FS TRANS +C,T1 FS TRANS +C,HEAD,glioma,collection_level_icdc_glioma,data/processed/D3B_icdc_glioma_selected_slices/GLIOMA01-i_95FC/GLIOMA01-i_95FC__320442389748__central04_idx0023.png,data/raw/D3B_icdc_glioma/1.3.6.1.4.1.14519.5.2.1.328926962979706136389170255320442389748/1-24.dcm,4,23,45,2,notumor,0.9915435314178467,0.007354474160820246,0.05271662201338892,0.16686220467090607,0.007354474160820246,-2.0715296268463135,0.0007842067279852927,5.0708160400390625,0.9915435314178467,-2.9746789932250977,0.0003178320184815675
D3B_icdc_glioma,GLIOMA01-i_95FC,1.3.6.1.4.1.14519.5.2.1.32607098121563258959209747383281107696,1.3.6.1.4.1.14519.5.2.1.328926962979706136389170255320442389748,T1 FS TRANS +C,T1 FS TRANS +C,HEAD,glioma,collection_level_icdc_glioma,data/processed/D3B_icdc_glioma_selected_slices/GLIOMA01-i_95FC/GLIOMA01-i_95FC__320442389748__central05_idx0024.png,data/raw/D3B_icdc_glioma/1.3.6.1.4.1.14519.5.2.1.328926962979706136389170255320442389748/1-25.dcm,5,24,45,2,notumor,0.9981290698051453,0.0014233635738492012,0.014939702771781452,-0.6088067293167114,0.0014233635738492012,-2.193638563156128,0.0002917643287219107,5.9440531730651855,0.9981290698051453,-2.820984125137329,0.00015580425679218024
D3B_icdc_glioma,GLIOMA01-i_D732,1.3.6.1.4.1.14519.5.2.1.335715158217205186181304599894479668501,1.3.6.1.4.1.14519.5.2.1.337844480109732035358856530488685359157,BRAIN/T1_TRANS,,HEAD,glioma,collection_level_icdc_glioma,data/processed/D3B_icdc_glioma_selected_slices/GLIOMA01-i_D732/GLIOMA01-i_D732__488685359157__central01_idx0010.png,data/raw/D3B_icdc_glioma/1.3.6.1.4.1.14519.5.2.1.337844480109732035358856530488685359157/1-11.dcm,1,10,24,0,glioma,0.9349417686462402,0.9349417686462402,0.29525427335179927,3.0144898891448975,0.9349417686462402,-1.310154676437378,0.012376997619867325,-0.03299957886338234,0.04438914358615875,-1.710690975189209,0.008292103186249733
D3B_icdc_glioma,GLIOMA01-i_D732,1.3.6.1.4.1.14519.5.2.1.335715158217205186181304599894479668501,1.3.6.1.4.1.14519.5.2.1.337844480109732035358856530488685359157,BRAIN/T1_TRANS,,HEAD,glioma,collection_level_icdc_glioma,data/processed/D3B_icdc_glioma_selected_slices/GLIOMA01-i_D732/GLIOMA01-i_D732__488685359157__central02_idx0011.png,data/raw/D3B_icdc_glioma/1.3.6.1.4.1.14519.5.2.1.337844480109732035358856530488685359157/1-12.dcm,2,11,24,0,glioma,0.9861822128295898,0.9861822128295898,0.0818161657717262,4.359932899475098,0.9861822128295898,-2.232416868209839,0.001351873273961246,-0.13556139171123505,0.011004968546330929,-2.154883623123169,0.0014608594356104732
D3B_icdc_glioma,GLIOMA01-i_D732,1.3.6.1.4.1.14519.5.2.1.335715158217205186181304599894479668501,1.3.6.1.4.1.14519.5.2.1.337844480109732035358856530488685359157,BRAIN/T1_TRANS,,HEAD,glioma,collection_level_icdc_glioma,data/processed/D3B_icdc_glioma_selected_slices/GLIOMA01-i_D732/GLIOMA01-i_D732__488685359157__central03_idx0012.png,data/raw/D3B_icdc_glioma/1.3.6.1.4.1.14519.5.2.1.337844480109732035358856530488685359157/1-13.dcm,3,12,24,2,notumor,0.5877223610877991,0.4034128487110138,0.726102452074121,2.273737668991089,0.4034128487110138,-1.9440336227416992,0.005942851305007935,2.650031805038452,0.5877223610877991,-2.6539690494537354,0.002921957755461335
D3B_icdc_glioma,GLIOMA01-i_D732,1.3.6.1.4.1.14519.5.2.1.335715158217205186181304599894479668501,1.3.6.1.4.1.14519.5.2.1.337844480109732035358856530488685359157,BRAIN/T1_TRANS,,HEAD,glioma,collection_level_icdc_glioma,data/processed/D3B_icdc_glioma_selected_slices/GLIOMA01-i_D732/GLIOMA01-i_D732__488685359157__central04_idx0013.png,data/raw/D3B_icdc_glioma/1.3.6.1.4.1.14519.5.2.1.337844480109732035358856530488685359157/1-14.dcm,4,13,24,0,glioma,0.6523458361625671,0.6523458361625671,0.6559976076720848,3.739175319671631,0.6523458361625671,-2.639754295349121,0.001106990734115243,3.1056997776031494,0.3462286591529846,-3.8855555057525635,0.000318492588121444
D3B_icdc_glioma,GLIOMA01-i_D732,1.3.6.1.4.1.14519.5.2.1.335715158217205186181304599894479668501,1.3.6.1.4.1.14519.5.2.1.337844480109732035358856530488685359157,BRAIN/T1_TRANS,,HEAD,glioma,collection_level_icdc_glioma,data/processed/D3B_icdc_glioma_selected_slices/GLIOMA01-i_D732/GLIOMA01-i_D732__488685359157__central05_idx0014.png,data/raw/D3B_icdc_glioma/1.3.6.1.4.1.14519.5.2.1.337844480109732035358856530488685359157/1-15.dcm,5,14,24,0,glioma,0.7223673462867737,0.7223673462867737,0.6025237261644704,3.6875863075256348,0.7223673462867737,-2.7886691093444824,0.0011121314018964767,2.7249915599823,0.2758725881576538,-3.3288934230804443,0.0006479474832303822
D3B_icdc_glioma,GLIOMA01-i_5CE5,1.3.6.1.4.1.14519.5.2.1.324883944824750333580564872603998887234,1.3.6.1.4.1.14519.5.2.1.34731033828785369140030954328661790126,Ax 3DT1 SPGR S,CED Post/,HEAD,glioma,collection_level_icdc_glioma,data/processed/D3B_icdc_glioma_selected_slices/GLIOMA01-i_5CE5/GLIOMA01-i_5CE5__328661790126__central01_idx0035.png,data/raw/D3B_icdc_glioma/1.3.6.1.4.1.14519.5.2.1.34731033828785369140030954328661790126/1-36.dcm,1,35,74,0,glioma,0.6832429766654968,0.6832429766654968,0.835744056938464,2.6450300216674805,0.6832429766654968,0.8460365533828735,0.11305304616689682,1.4311704635620117,0.20295637845993042,-4.172669887542725,0.0007476282771676779
D3B_icdc_glioma,GLIOMA01-i_5CE5,1.3.6.1.4.1.14519.5.2.1.324883944824750333580564872603998887234,1.3.6.1.4.1.14519.5.2.1.34731033828785369140030954328661790126,Ax 3DT1 SPGR S,CED Post/,HEAD,glioma,collection_level_icdc_glioma,data/processed/D3B_icdc_glioma_selected_slices/GLIOMA01-i_5CE5/GLIOMA01-i_5CE5__328661790126__central02_idx0036.png,data/raw/D3B_icdc_glioma/1.3.6.1.4.1.14519.5.2.1.34731033828785369140030954328661790126/1-37.dcm,2,36,74,0,glioma,0.6624155640602112,0.6624155640602112,0.8639433508953678,2.550593376159668,0.6624155640602112,1.4470994472503662,0.21972991526126862,0.8149477243423462,0.11677481234073639,-3.8686137199401855,0.0010797029826790094
D3B_icdc_glioma,GLIOMA01-i_5CE5,1.3.6.1.4.1.14519.5.2.1.324883944824750333580564872603998887234,1.3.6.1.4.1.14519.5.2.1.34731033828785369140030954328661790126,Ax 3DT1 SPGR S,CED Post/,HEAD,glioma,collection_level_icdc_glioma,data/processed/D3B_icdc_glioma_selected_slices/GLIOMA01-i_5CE5/GLIOMA01-i_5CE5__328661790126__central03_idx0037.png,data/raw/D3B_icdc_glioma/1.3.6.1.4.1.14519.5.2.1.34731033828785369140030954328661790126/1-38.dcm,3,37,74,0,glioma,0.8226619958877563,0.8226619958877563,0.557325615429431,3.237034320831299,0.8226619958877563,0.031127680093050003,0.03333602845668793,1.4896239042282104,0.14332789182662964,-3.869858980178833,0.0006741193355992436
D3B_icdc_glioma,GLIOMA01-i_5CE5,1.3.6.1.4.1.14519.5.2.1.324883944824750333580564872603998887234,1.3.6.1.4.1.14519.5.2.1.34731033828785369140030954328661790126,Ax 3DT1 SPGR S,CED Post/,HEAD,glioma,collection_level_icdc_glioma,data/processed/D3B_icdc_glioma_selected_slices/GLIOMA01-i_5CE5/GLIOMA01-i_5CE5__328661790126__central04_idx0038.png,data/raw/D3B_icdc_glioma/1.3.6.1.4.1.14519.5.2.1.34731033828785369140030954328661790126/1-39.dcm,4,38,74,0,glioma,0.8535500764846802,0.8535500764846802,0.5179350781945117,3.1432385444641113,0.8535500764846802,0.38551440834999084,0.05414578318595886,0.909389078617096,0.09142826497554779,-3.738664388656616,0.0008759042248129845
D3B_icdc_glioma,GLIOMA01-i_5CE5,1.3.6.1.4.1.14519.5.2.1.324883944824750333580564872603998887234,1.3.6.1.4.1.14519.5.2.1.34731033828785369140030954328661790126,Ax 3DT1 SPGR S,CED Post/,HEAD,glioma,collection_level_icdc_glioma,data/processed/D3B_icdc_glioma_selected_slices/GLIOMA01-i_5CE5/GLIOMA01-i_5CE5__328661790126__central05_idx0039.png,data/raw/D3B_icdc_glioma/1.3.6.1.4.1.14519.5.2.1.34731033828785369140030954328661790126/1-40.dcm,5,39,74,0,glioma,0.58477783203125,0.58477783203125,0.9795369888404633,2.0183377265930176,0.58477783203125,1.1082693338394165,0.2353711575269699,0.8203110098838806,0.17647962272167206,-3.1375679969787598,0.003371394006535411
D3B_icdc_glioma,GLIOMA01-i_4AAB,1.3.6.1.4.1.14519.5.2.1.308860575078322289211430912146810693215,1.3.6.1.4.1.14519.5.2.1.41256014704240471733645258105139906766,BRAIN/T1_SAG,,HEAD,glioma,collection_level_icdc_glioma,data/processed/D3B_icdc_glioma_selected_slices/GLIOMA01-i_4AAB/GLIOMA01-i_4AAB__105139906766__central01_idx0007.png,data/raw/D3B_icdc_glioma/1.3.6.1.4.1.14519.5.2.1.41256014704240471733645258105139906766/1-08.dcm,1,7,19,0,glioma,0.9090736508369446,0.9090736508369446,0.3394225770699325,3.7424283027648926,0.9090736508369446,-0.8179156184196472,0.009507512673735619,1.3202875852584839,0.08066344261169434,-3.350573778152466,0.0007553483592346311
D3B_icdc_glioma,GLIOMA01-i_4AAB,1.3.6.1.4.1.14519.5.2.1.308860575078322289211430912146810693215,1.3.6.1.4.1.14519.5.2.1.41256014704240471733645258105139906766,BRAIN/T1_SAG,,HEAD,glioma,collection_level_icdc_glioma,data/processed/D3B_icdc_glioma_selected_slices/GLIOMA01-i_4AAB/GLIOMA01-i_4AAB__105139906766__central02_idx0008.png,data/raw/D3B_icdc_glioma/1.3.6.1.4.1.14519.5.2.1.41256014704240471733645258105139906766/1-09.dcm,2,8,19,2,notumor,0.560763955116272,0.42936140298843384,0.739513147203231,2.3592700958251953,0.42936140298843384,-2.3947463035583496,0.0036998139694333076,2.6262712478637695,0.560763955116272,-1.882549524307251,0.006174819078296423
D3B_icdc_glioma,GLIOMA01-i_4AAB,1.3.6.1.4.1.14519.5.2.1.308860575078322289211430912146810693215,1.3.6.1.4.1.14519.5.2.1.41256014704240471733645258105139906766,BRAIN/T1_SAG,,HEAD,glioma,collection_level_icdc_glioma,data/processed/D3B_icdc_glioma_selected_slices/GLIOMA01-i_4AAB/GLIOMA01-i_4AAB__105139906766__central03_idx0009.png,data/raw/D3B_icdc_glioma/1.3.6.1.4.1.14519.5.2.1.41256014704240471733645258105139906766/1-10.dcm,3,9,19,2,notumor,0.45979219675064087,0.1305426061153412,1.0737846059312703,-0.11622314155101776,0.1305426061153412,0.9727409482002258,0.3878674805164337,1.1428518295288086,0.45979219675064087,-1.9061179161071777,0.02179770916700363
D3B_icdc_glioma,GLIOMA01-i_4AAB,1.3.6.1.4.1.14519.5.2.1.308860575078322289211430912146810693215,1.3.6.1.4.1.14519.5.2.1.41256014704240471733645258105139906766,BRAIN/T1_SAG,,HEAD,glioma,collection_level_icdc_glioma,data/processed/D3B_icdc_glioma_selected_slices/GLIOMA01-i_4AAB/GLIOMA01-i_4AAB__105139906766__central04_idx0010.png,data/raw/D3B_icdc_glioma/1.3.6.1.4.1.14519.5.2.1.41256014704240471733645258105139906766/1-11.dcm,4,10,19,2,notumor,0.6658250093460083,0.32135090231895447,0.7001910447308995,2.012138843536377,0.32135090231895447,-1.747839093208313,0.007482417393475771,2.7406320571899414,0.6658250093460083,-2.084859609603882,0.005341651849448681
D3B_icdc_glioma,GLIOMA01-i_4AAB,1.3.6.1.4.1.14519.5.2.1.308860575078322289211430912146810693215,1.3.6.1.4.1.14519.5.2.1.41256014704240471733645258105139906766,BRAIN/T1_SAG,,HEAD,glioma,collection_level_icdc_glioma,data/processed/D3B_icdc_glioma_selected_slices/GLIOMA01-i_4AAB/GLIOMA01-i_4AAB__105139906766__central05_idx0011.png,data/raw/D3B_icdc_glioma/1.3.6.1.4.1.14519.5.2.1.41256014704240471733645258105139906766/1-12.dcm,5,11,19,2,notumor,0.9035595655441284,0.08933283388614655,0.34719195430558214,1.172682285308838,0.08933283388614655,-2.3915669918060303,0.002529747551307082,3.4866552352905273,0.9035595655441284,-1.7984533309936523,0.004577868152409792
D3B_icdc_glioma,GLIOMA01-i_1166,1.3.6.1.4.1.14519.5.2.1.301043018215445696675284359835713259960,1.3.6.1.4.1.14519.5.2.1.48524611659073752048977841008163432015,FSPGR 3D,BRAIN CARDIAC COIL/8,HEAD,glioma,collection_level_icdc_glioma,data/processed/D3B_icdc_glioma_selected_slices/GLIOMA01-i_1166/GLIOMA01-i_1166__008163432015__central01_idx0080.png,data/raw/D3B_icdc_glioma/1.3.6.1.4.1.14519.5.2.1.48524611659073752048977841008163432015/1-081.dcm,1,80,164,2,notumor,0.9355958700180054,0.045374952256679535,0.2865895709058097,0.031917840242385864,0.045374952256679535,-2.627542734146118,0.0031756090465933084,3.0581412315368652,0.9355958700180054,-1.019644856452942,0.01585361734032631
D3B_icdc_glioma,GLIOMA01-i_1166,1.3.6.1.4.1.14519.5.2.1.301043018215445696675284359835713259960,1.3.6.1.4.1.14519.5.2.1.48524611659073752048977841008163432015,FSPGR 3D,BRAIN CARDIAC COIL/8,HEAD,glioma,collection_level_icdc_glioma,data/processed/D3B_icdc_glioma_selected_slices/GLIOMA01-i_1166/GLIOMA01-i_1166__008163432015__central02_idx0081.png,data/raw/D3B_icdc_glioma/1.3.6.1.4.1.14519.5.2.1.48524611659073752048977841008163432015/1-082.dcm,2,81,164,2,notumor,0.9381182193756104,0.03655706346035004,0.282891444679404,-0.22023044526576996,0.03655706346035004,-2.7717294692993164,0.0028501604683697224,3.024771213531494,0.9381182193756104,-0.7067235708236694,0.022474493831396103
D3B_icdc_glioma,GLIOMA01-i_1166,1.3.6.1.4.1.14519.5.2.1.301043018215445696675284359835713259960,1.3.6.1.4.1.14519.5.2.1.48524611659073752048977841008163432015,FSPGR 3D,BRAIN CARDIAC COIL/8,HEAD,glioma,collection_level_icdc_glioma,data/processed/D3B_icdc_glioma_selected_slices/GLIOMA01-i_1166/GLIOMA01-i_1166__008163432015__central03_idx0082.png,data/raw/D3B_icdc_glioma/1.3.6.1.4.1.14519.5.2.1.48524611659073752048977841008163432015/1-083.dcm,3,82,164,2,notumor,0.9758561849594116,0.01732221618294716,0.13054814895507744,-0.09172788262367249,0.01732221618294716,-3.195775270462036,0.0007771997479721904,3.9395976066589355,0.9758561849594116,-1.1445789337158203,0.006044438574463129
D3B_icdc_glioma,GLIOMA01-i_1166,1.3.6.1.4.1.14519.5.2.1.301043018215445696675284359835713259960,1.3.6.1.4.1.14519.5.2.1.48524611659073752048977841008163432015,FSPGR 3D,BRAIN CARDIAC COIL/8,HEAD,glioma,collection_level_icdc_glioma,data/processed/D3B_icdc_glioma_selected_slices/GLIOMA01-i_1166/GLIOMA01-i_1166__008163432015__central04_idx0083.png,data/raw/D3B_icdc_glioma/1.3.6.1.4.1.14519.5.2.1.48524611659073752048977841008163432015/1-084.dcm,4,83,164,2,notumor,0.9797295331954956,0.013237896375358105,0.11453297972633013,-0.2692395746707916,0.013237896375358105,-3.1585631370544434,0.0007362097967416048,4.034953594207764,0.9797295331954956,-1.012343406677246,0.006296409759670496
D3B_icdc_glioma,GLIOMA01-i_1166,1.3.6.1.4.1.14519.5.2.1.301043018215445696675284359835713259960,1.3.6.1.4.1.14519.5.2.1.48524611659073752048977841008163432015,FSPGR 3D,BRAIN CARDIAC COIL/8,HEAD,glioma,collection_level_icdc_glioma,data/processed/D3B_icdc_glioma_selected_slices/GLIOMA01-i_1166/GLIOMA01-i_1166__008163432015__central05_idx0084.png,data/raw/D3B_icdc_glioma/1.3.6.1.4.1.14519.5.2.1.48524611659073752048977841008163432015/1-085.dcm,5,84,164,2,notumor,0.9578065872192383,0.02702724188566208,0.20756112284822048,-0.12221670150756836,0.02702724188566208,-2.9372873306274414,0.0016189449233934283,3.4455838203430176,0.9578065872192383,-0.8128801584243774,0.013547228649258614
D3B_icdc_glioma,GLIOMA01-i_C561,1.3.6.1.4.1.14519.5.2.1.338926131208003786731409141472142449490,1.3.6.1.4.1.14519.5.2.1.54142935137696016152030943683568150861,MP RAGE FS TRANS+C,MP RAGE FS +C,HEAD,glioma,collection_level_icdc_glioma,data/processed/D3B_icdc_glioma_selected_slices/GLIOMA01-i_C561/GLIOMA01-i_C561__683568150861__central01_idx0018.png,data/raw/D3B_icdc_glioma/1.3.6.1.4.1.14519.5.2.1.54142935137696016152030943683568150861/1-19.dcm,1,18,40,2,notumor,0.7872654795646667,0.20852170884609222,0.5402991140488785,2.21610164642334,0.20852170884609222,-3.346348762512207,0.0008005889831110835,3.544624090194702,0.7872654795646667,-1.8965668678283691,0.0034122599754482508
D3B_icdc_glioma,GLIOMA01-i_C561,1.3.6.1.4.1.14519.5.2.1.338926131208003786731409141472142449490,1.3.6.1.4.1.14519.5.2.1.54142935137696016152030943683568150861,MP RAGE FS TRANS+C,MP RAGE FS +C,HEAD,glioma,collection_level_icdc_glioma,data/processed/D3B_icdc_glioma_selected_slices/GLIOMA01-i_C561/GLIOMA01-i_C561__683568150861__central02_idx0019.png,data/raw/D3B_icdc_glioma/1.3.6.1.4.1.14519.5.2.1.54142935137696016152030943683568150861/1-20.dcm,2,19,40,2,notumor,0.820320725440979,0.17331907153129578,0.5027209634546269,1.8492517471313477,0.17331907153129578,-1.993278980255127,0.0037158355116844177,3.403812885284424,0.820320725440979,-2.333462715148926,0.0026443356182426214
D3B_icdc_glioma,GLIOMA01-i_C561,1.3.6.1.4.1.14519.5.2.1.338926131208003786731409141472142449490,1.3.6.1.4.1.14519.5.2.1.54142935137696016152030943683568150861,MP RAGE FS TRANS+C,MP RAGE FS +C,HEAD,glioma,collection_level_icdc_glioma,data/processed/D3B_icdc_glioma_selected_slices/GLIOMA01-i_C561/GLIOMA01-i_C561__683568150861__central03_idx0020.png,data/raw/D3B_icdc_glioma/1.3.6.1.4.1.14519.5.2.1.54142935137696016152030943683568150861/1-21.dcm,3,20,40,0,glioma,0.7937893867492676,0.7937893867492676,0.5978364953458802,2.722217082977295,0.7937893867492676,-0.7231122255325317,0.025317326188087463,1.2307374477386475,0.178633913397789,-3.139497756958008,0.0022594090551137924
D3B_icdc_glioma,GLIOMA01-i_C561,1.3.6.1.4.1.14519.5.2.1.338926131208003786731409141472142449490,1.3.6.1.4.1.14519.5.2.1.54142935137696016152030943683568150861,MP RAGE FS TRANS+C,MP RAGE FS +C,HEAD,glioma,collection_level_icdc_glioma,data/processed/D3B_icdc_glioma_selected_slices/GLIOMA01-i_C561/GLIOMA01-i_C561__683568150861__central04_idx0021.png,data/raw/D3B_icdc_glioma/1.3.6.1.4.1.14519.5.2.1.54142935137696016152030943683568150861/1-22.dcm,4,21,40,1,meningioma,0.865472137928009,0.09952445328235626,0.476510806710037,0.9062042236328125,0.09952445328235626,3.0690760612487793,0.865472137928009,-0.1672922819852829,0.03401857987046242,-3.709538459777832,0.0009847776964306831
D3B_icdc_glioma,GLIOMA01-i_C561,1.3.6.1.4.1.14519.5.2.1.338926131208003786731409141472142449490,1.3.6.1.4.1.14519.5.2.1.54142935137696016152030943683568150861,MP RAGE FS TRANS+C,MP RAGE FS +C,HEAD,glioma,collection_level_icdc_glioma,data/processed/D3B_icdc_glioma_selected_slices/GLIOMA01-i_C561/GLIOMA01-i_C561__683568150861__central05_idx0022.png,data/raw/D3B_icdc_glioma/1.3.6.1.4.1.14519.5.2.1.54142935137696016152030943683568150861/1-23.dcm,5,22,40,2,notumor,0.6531410217285156,0.33708763122558594,0.696404350158909,2.093644142150879,0.33708763122558594,-2.4549734592437744,0.0035670013166964054,2.755094289779663,0.6531410217285156,-1.9014346599578857,0.006204432807862759
D3B_icdc_glioma,GLIOMA01-i_750B,1.3.6.1.4.1.14519.5.2.1.324035417769663580990183580766753392159,1.3.6.1.4.1.14519.5.2.1.58630146911723509869060343989181468732,BRAIN/T1_TRANS,,HEAD,glioma,collection_level_icdc_glioma,data/processed/D3B_icdc_glioma_selected_slices/GLIOMA01-i_750B/GLIOMA01-i_750B__989181468732__central01_idx0007.png,data/raw/D3B_icdc_glioma/1.3.6.1.4.1.14519.5.2.1.58630146911723509869060343989181468732/1-08.dcm,1,7,19,0,glioma,0.7517077922821045,0.7517077922821045,0.73312048704569,2.623875617980957,0.7517077922821045,1.0427409410476685,0.1546574980020523,0.5235724449157715,0.09202354401350021,-3.5215189456939697,0.001611158368177712
D3B_icdc_glioma,GLIOMA01-i_750B,1.3.6.1.4.1.14519.5.2.1.324035417769663580990183580766753392159,1.3.6.1.4.1.14519.5.2.1.58630146911723509869060343989181468732,BRAIN/T1_TRANS,,HEAD,glioma,collection_level_icdc_glioma,data/processed/D3B_icdc_glioma_selected_slices/GLIOMA01-i_750B/GLIOMA01-i_750B__989181468732__central02_idx0008.png,data/raw/D3B_icdc_glioma/1.3.6.1.4.1.14519.5.2.1.58630146911723509869060343989181468732/1-09.dcm,2,8,19,2,notumor,0.8879870772361755,0.08192123472690582,0.4261599542963242,0.5173186659812927,0.08192123472690582,-2.713452100753784,0.003238102188333869,2.900517702102661,0.8879870772361755,-0.5980424284934998,0.026853522285819054
D3B_icdc_glioma,GLIOMA01-i_750B,1.3.6.1.4.1.14519.5.2.1.324035417769663580990183580766753392159,1.3.6.1.4.1.14519.5.2.1.58630146911723509869060343989181468732,BRAIN/T1_TRANS,,HEAD,glioma,collection_level_icdc_glioma,data/processed/D3B_icdc_glioma_selected_slices/GLIOMA01-i_750B/GLIOMA01-i_750B__989181468732__central03_idx0009.png,data/raw/D3B_icdc_glioma/1.3.6.1.4.1.14519.5.2.1.58630146911723509869060343989181468732/1-10.dcm,3,9,19,2,notumor,0.9017564058303833,0.08868000656366348,0.35885326016780117,0.9104811549186707,0.08868000656366348,-2.318981885910034,0.0035098441876471043,3.2297911643981934,0.9017564058303833,-1.773887038230896,0.0060536786913871765
D3B_icdc_glioma,GLIOMA01-i_750B,1.3.6.1.4.1.14519.5.2.1.324035417769663580990183580766753392159,1.3.6.1.4.1.14519.5.2.1.58630146911723509869060343989181468732,BRAIN/T1_TRANS,,HEAD,glioma,collection_level_icdc_glioma,data/processed/D3B_icdc_glioma_selected_slices/GLIOMA01-i_750B/GLIOMA01-i_750B__989181468732__central04_idx0010.png,data/raw/D3B_icdc_glioma/1.3.6.1.4.1.14519.5.2.1.58630146911723509869060343989181468732/1-11.dcm,4,10,19,2,notumor,0.8897144794464111,0.1068282201886177,0.364475528339824,1.7091277837753296,0.1068282201886177,-2.0260095596313477,0.0025499777402728796,3.8288064002990723,0.8897144794464111,-3.0593624114990234,0.0009073126711882651
D3B_icdc_glioma,GLIOMA01-i_750B,1.3.6.1.4.1.14519.5.2.1.324035417769663580990183580766753392159,1.3.6.1.4.1.14519.5.2.1.58630146911723509869060343989181468732,BRAIN/T1_TRANS,,HEAD,glioma,collection_level_icdc_glioma,data/processed/D3B_icdc_glioma_selected_slices/GLIOMA01-i_750B/GLIOMA01-i_750B__989181468732__central05_idx0011.png,data/raw/D3B_icdc_glioma/1.3.6.1.4.1.14519.5.2.1.58630146911723509869060343989181468732/1-12.dcm,5,11,19,2,notumor,0.8974258303642273,0.10104740411043167,0.33955984280984447,2.1562678813934326,0.10104740411043167,-2.377986192703247,0.001084734802134335,4.340208530426025,0.8974258303642273,-3.2758407592773438,0.0004419675678946078
D3B_icdc_glioma,GLIOMA01-i_F5BE,1.3.6.1.4.1.14519.5.2.1.266241108102756309499677510319986834116,1.3.6.1.4.1.14519.5.2.1.86659809258805330797698804820787776503,T1 FLAIR FS TRANS +C,T1 FLAIR FS TRANS +C,HEAD,glioma,collection_level_icdc_glioma,data/processed/D3B_icdc_glioma_selected_slices/GLIOMA01-i_F5BE/GLIOMA01-i_F5BE__820787776503__central01_idx0013.png,data/raw/D3B_icdc_glioma/1.3.6.1.4.1.14519.5.2.1.86659809258805330797698804820787776503/1-14.dcm,1,13,31,0,glioma,0.8219560980796814,0.8219560980796814,0.5828147724999969,2.9684927463531494,0.8219560980796814,1.0609114170074463,0.12201033532619476,0.2712211310863495,0.05539090931415558,-4.185320854187012,0.0006426684558391571
D3B_icdc_glioma,GLIOMA01-i_F5BE,1.3.6.1.4.1.14519.5.2.1.266241108102756309499677510319986834116,1.3.6.1.4.1.14519.5.2.1.86659809258805330797698804820787776503,T1 FLAIR FS TRANS +C,T1 FLAIR FS TRANS +C,HEAD,glioma,collection_level_icdc_glioma,data/processed/D3B_icdc_glioma_selected_slices/GLIOMA01-i_F5BE/GLIOMA01-i_F5BE__820787776503__central02_idx0014.png,data/raw/D3B_icdc_glioma/1.3.6.1.4.1.14519.5.2.1.86659809258805330797698804820787776503/1-15.dcm,2,14,31,2,notumor,0.6714878082275391,0.3100590705871582,0.7083193818123809,1.9355745315551758,0.3100590705871582,-0.9468614459037781,0.017362747341394424,2.7083075046539307,0.6714878082275391,-3.7146899700164795,0.00109034962952137
D3B_icdc_glioma,GLIOMA01-i_F5BE,1.3.6.1.4.1.14519.5.2.1.266241108102756309499677510319986834116,1.3.6.1.4.1.14519.5.2.1.86659809258805330797698804820787776503,T1 FLAIR FS TRANS +C,T1 FLAIR FS TRANS +C,HEAD,glioma,collection_level_icdc_glioma,data/processed/D3B_icdc_glioma_selected_slices/GLIOMA01-i_F5BE/GLIOMA01-i_F5BE__820787776503__central03_idx0015.png,data/raw/D3B_icdc_glioma/1.3.6.1.4.1.14519.5.2.1.86659809258805330797698804820787776503/1-16.dcm,3,15,31,2,notumor,0.8848338723182678,0.11114449799060822,0.37707315059802704,1.5764561891555786,0.11114449799060822,-2.096304178237915,0.0028237649239599705,3.65102481842041,0.8848338723182678,-2.9538280963897705,0.0011978726834058762
D3B_icdc_glioma,GLIOMA01-i_F5BE,1.3.6.1.4.1.14519.5.2.1.266241108102756309499677510319986834116,1.3.6.1.4.1.14519.5.2.1.86659809258805330797698804820787776503,T1 FLAIR FS TRANS +C,T1 FLAIR FS TRANS +C,HEAD,glioma,collection_level_icdc_glioma,data/processed/D3B_icdc_glioma_selected_slices/GLIOMA01-i_F5BE/GLIOMA01-i_F5BE__820787776503__central04_idx0016.png,data/raw/D3B_icdc_glioma/1.3.6.1.4.1.14519.5.2.1.86659809258805330797698804820787776503/1-17.dcm,4,16,31,2,notumor,0.9418281316757202,0.05462534725666046,0.23754200913618062,1.068414568901062,0.05462534725666046,-2.084263324737549,0.0023345518857240677,3.9157392978668213,0.9418281316757202,-2.7398717403411865,0.0012119272723793983
D3B_icdc_glioma,GLIOMA01-i_F5BE,1.3.6.1.4.1.14519.5.2.1.266241108102756309499677510319986834116,1.3.6.1.4.1.14519.5.2.1.86659809258805330797698804820787776503,T1 FLAIR FS TRANS +C,T1 FLAIR FS TRANS +C,HEAD,glioma,collection_level_icdc_glioma,data/processed/D3B_icdc_glioma_selected_slices/GLIOMA01-i_F5BE/GLIOMA01-i_F5BE__820787776503__central05_idx0017.png,data/raw/D3B_icdc_glioma/1.3.6.1.4.1.14519.5.2.1.86659809258805330797698804820787776503/1-18.dcm,5,17,31,2,notumor,0.7471681833267212,0.24163660407066345,0.6190226479563575,1.5884844064712524,0.24163660407066345,-2.150660514831543,0.005744772031903267,2.7173397541046143,0.7471681833267212,-2.203256130218506,0.005450427997857332
