dataset_id,patient_id,study_instance_uid,series_instance_uid,series_description,protocol_name,body_part_examined,label,label_source,output_image_path,source_dicom_path,selected_rank,slice_index_in_sorted_series,total_valid_slices_in_series,pred_index,pred_label,max_confidence,glioma_probability,entropy,logit_glioma,prob_glioma,logit_meningioma,prob_meningioma,logit_notumor,prob_notumor,logit_pituitary,prob_pituitary,raw_prob_glioma,scaled_prob_glioma,raw_prob_meningioma,scaled_prob_meningioma,raw_prob_notumor,scaled_prob_notumor,raw_prob_pituitary,scaled_prob_pituitary,raw_pred_index,raw_pred_label,raw_max_confidence,raw_entropy,scaled_pred_index,scaled_pred_label,scaled_max_confidence,scaled_entropy
D3B_icdc_glioma,GLIOMA01-i_6561,1.3.6.1.4.1.14519.5.2.1.292789083954857865766838322795931209494,1.3.6.1.4.1.14519.5.2.1.107039555734442993329560765265677753034,FSPGR 3D,BRAIN KNEE COIL/8,HEAD,glioma,collection_level_icdc_glioma,data/processed/D3B_icdc_glioma_selected_slices/GLIOMA01-i_6561/GLIOMA01-i_6561__265677753034__central01_idx0066.png,data/raw/D3B_icdc_glioma/1.3.6.1.4.1.14519.5.2.1.107039555734442993329560765265677753034/1-067.dcm,1,66,136,2,notumor,0.672156810760498,0.2377744764089584,0.844485939294993,0.9539142847061156,0.2377744764089584,-0.0730788260698318,0.0851427763700485,1.993083357810974,0.672156810760498,-2.9228994846343994,0.0049259099178016,0.23777447448828312,0.2619009090640373,0.08514277280533983,0.11274781571974593,0.672156843495635,0.6144767976846904,0.004925909210742072,0.010874477531526358,2,notumor,0.672156843495635,0.8444859104596802,2,notumor,0.6144767976846904,0.9453831536300759
D3B_icdc_glioma,GLIOMA01-i_6561,1.3.6.1.4.1.14519.5.2.1.292789083954857865766838322795931209494,1.3.6.1.4.1.14519.5.2.1.107039555734442993329560765265677753034,FSPGR 3D,BRAIN KNEE COIL/8,HEAD,glioma,collection_level_icdc_glioma,data/processed/D3B_icdc_glioma_selected_slices/GLIOMA01-i_6561/GLIOMA01-i_6561__265677753034__central02_idx0067.png,data/raw/D3B_icdc_glioma/1.3.6.1.4.1.14519.5.2.1.107039555734442993329560765265677753034/1-068.dcm,2,67,136,2,notumor,0.628683865070343,0.3287838995456695,0.8045254169190109,1.453391671180725,0.3287838995456695,-0.6843827962875366,0.0387692116200923,2.1016194820404053,0.628683865070343,-3.016785860061645,0.0037630249280482,0.3287839068315809,0.34473023847028195,0.03876920513295561,0.05964290876637117,0.6286838629212266,0.5868311406879017,0.0037630251142369616,0.00879571207544529,2,notumor,0.6286838629212266,0.8045254051455919,2,notumor,0.5868311406879017,0.8897174269333498
D3B_icdc_glioma,GLIOMA01-i_6561,1.3.6.1.4.1.14519.5.2.1.292789083954857865766838322795931209494,1.3.6.1.4.1.14519.5.2.1.107039555734442993329560765265677753034,FSPGR 3D,BRAIN KNEE COIL/8,HEAD,glioma,collection_level_icdc_glioma,data/processed/D3B_icdc_glioma_selected_slices/GLIOMA01-i_6561/GLIOMA01-i_6561__265677753034__central03_idx0068.png,data/raw/D3B_icdc_glioma/1.3.6.1.4.1.14519.5.2.1.107039555734442993329560765265677753034/1-069.dcm,3,68,136,2,notumor,0.897346556186676,0.0795748606324195,0.39365502215533,0.54449862241745,0.0795748606324195,-0.8115919232368469,0.0205037482082843,2.967242479324341,0.897346556186676,-2.8864219188690186,0.0025748151820153,0.07957486649188303,0.11505866465784616,0.020503749046643458,0.03780919258940471,0.8973465692883399,0.8402438630866897,0.0025748151731335017,0.006888279666059321,2,notumor,0.8973465692883399,0.3936550218203162,2,notumor,0.8402438630866897,0.5531705115853874
D3B_icdc_glioma,GLIOMA01-i_6561,1.3.6.1.4.1.14519.5.2.1.292789083954857865766838322795931209494,1.3.6.1.4.1.14519.5.2.1.107039555734442993329560765265677753034,FSPGR 3D,BRAIN KNEE COIL/8,HEAD,glioma,collection_level_icdc_glioma,data/processed/D3B_icdc_glioma_selected_slices/GLIOMA01-i_6561/GLIOMA01-i_6561__265677753034__central04_idx0069.png,data/raw/D3B_icdc_glioma/1.3.6.1.4.1.14519.5.2.1.107039555734442993329560765265677753034/1-070.dcm,4,69,136,2,notumor,0.8257660269737244,0.0858593806624412,0.5991516039902265,0.2383242398500442,0.0858593806624412,0.2225231826305389,0.0845133885741233,2.501924753189087,0.8257660269737244,-2.863415479660034,0.0038611737545579,0.08585939235585911,0.11800532042489922,0.08451338535628447,0.11648498833873498,0.8257660483504111,0.7562538518998584,0.003861173937445443,0.009255839336507407,2,notumor,0.8257660483504111,0.5991515998208509,2,notumor,0.7562538518998584,0.7572435767636625
D3B_icdc_glioma,GLIOMA01-i_6561,1.3.6.1.4.1.14519.5.2.1.292789083954857865766838322795931209494,1.3.6.1.4.1.14519.5.2.1.107039555734442993329560765265677753034,FSPGR 3D,BRAIN KNEE COIL/8,HEAD,glioma,collection_level_icdc_glioma,data/processed/D3B_icdc_glioma_selected_slices/GLIOMA01-i_6561/GLIOMA01-i_6561__265677753034__central05_idx0070.png,data/raw/D3B_icdc_glioma/1.3.6.1.4.1.14519.5.2.1.107039555734442993329560765265677753034/1-071.dcm,5,70,136,2,notumor,0.7386435866355896,0.1568288505077362,0.777116913724897,0.5551624298095703,0.1568288505077362,0.0759151726961135,0.0971161499619484,2.104822874069214,0.7386435866355896,-2.4969654083251958,0.0074114562012255,0.15682883910195672,0.18784303651654763,0.09711615698169868,0.1267615087982873,0.7386435459561643,0.6700495885520182,0.007411457960180128,0.015345866133146872,2,notumor,0.7386435459561643,0.7771169485738123,2,notumor,0.6700495885520182,0.9083092779198558
D3B_icdc_glioma,GLIOMA01-i_C3C0,1.3.6.1.4.1.14519.5.2.1.113382896337534967069897355516395220267,1.3.6.1.4.1.14519.5.2.1.107125424522044836954758152178866258390,t1_cor_tse post gad,t1_cor_tse post gad,HEAD,glioma,collection_level_icdc_glioma,data/processed/D3B_icdc_glioma_selected_slices/GLIOMA01-i_C3C0/GLIOMA01-i_C3C0__178866258390__central01_idx0005.png,data/raw/D3B_icdc_glioma/1.3.6.1.4.1.14519.5.2.1.107125424522044836954758152178866258390/1-06.dcm,1,5,14,2,notumor,0.9246532917022704,0.048835102468729,0.3241542650071709,0.0331831723451614,0.048835102468729,-0.6721654534339905,0.0241214334964752,2.9741525650024414,0.9246532917022704,-2.9838929176330566,0.0023901911918073,0.048835105586553004,0.07801507648459138,0.024121433575416275,0.0437307004720262,0.9246532696899372,0.8716947707485363,0.0023901911480933556,0.006559452294845986,2,notumor,0.9246532696899372,0.3241542915859031,2,notumor,0.8716947707485363,0.48854015973943543
D3B_icdc_glioma,GLIOMA01-i_C3C0,1.3.6.1.4.1.14519.5.2.1.113382896337534967069897355516395220267,1.3.6.1.4.1.14519.5.2.1.107125424522044836954758152178866258390,t1_cor_tse post gad,t1_cor_tse post gad,HEAD,glioma,collection_level_icdc_glioma,data/processed/D3B_icdc_glioma_selected_slices/GLIOMA01-i_C3C0/GLIOMA01-i_C3C0__178866258390__central02_idx0006.png,data/raw/D3B_icdc_glioma/1.3.6.1.4.1.14519.5.2.1.107125424522044836954758152178866258390/1-07.dcm,2,6,14,2,notumor,0.9148334860801696,0.0546285063028335,0.3514053176744267,0.2019416540861129,0.0546285063028335,-0.4151020646095276,0.0294741038233041,3.020128011703491,0.9148334860801696,-3.7366864681243896,0.0010638854000717,0.05462850061505737,0.08514588135867901,0.029474103110898868,0.05131497744905462,0.9148335109428917,0.8601786412577856,0.0010638853311521052,0.003360499934480606,2,notumor,0.9148335109428917,0.3514052819759147,2,notumor,0.8601786412577856,0.5108375149234434
D3B_icdc_glioma,GLIOMA01-i_C3C0,1.3.6.1.4.1.14519.5.2.1.113382896337534967069897355516395220267,1.3.6.1.4.1.14519.5.2.1.107125424522044836954758152178866258390,t1_cor_tse post gad,t1_cor_tse post gad,HEAD,glioma,collection_level_icdc_glioma,data/processed/D3B_icdc_glioma_selected_slices/GLIOMA01-i_C3C0/GLIOMA01-i_C3C0__178866258390__central03_idx0007.png,data/raw/D3B_icdc_glioma/1.3.6.1.4.1.14519.5.2.1.107125424522044836954758152178866258390/1-08.dcm,3,7,14,1,meningioma,0.8396827578544617,0.1410430520772934,0.5008508321199132,1.2991974353790283,0.1410430520772934,3.0831563472747803,0.8396827578544617,-0.7095528841018677,0.0189218036830425,-4.693053245544434,0.0003523304767441,0.14104306735247407,0.1810617297989567,0.8396827969589692,0.782788485077877,0.018921805108058853,0.03482502030569479,0.00035233058049782086,0.0013247648174714113,1,meningioma,0.8396827969589692,0.50085081944218,1,meningioma,0.782788485077877,0.626819514171666
D3B_icdc_glioma,GLIOMA01-i_C3C0,1.3.6.1.4.1.14519.5.2.1.113382896337534967069897355516395220267,1.3.6.1.4.1.14519.5.2.1.107125424522044836954758152178866258390,t1_cor_tse post gad,t1_cor_tse post gad,HEAD,glioma,collection_level_icdc_glioma,data/processed/D3B_icdc_glioma_selected_slices/GLIOMA01-i_C3C0/GLIOMA01-i_C3C0__178866258390__central04_idx0008.png,data/raw/D3B_icdc_glioma/1.3.6.1.4.1.14519.5.2.1.107125424522044836954758152178866258390/1-09.dcm,4,8,14,1,meningioma,0.50678950548172,0.4841887354850769,0.7397987545756787,2.402698040008545,0.4841887354850769,2.4483189582824707,0.50678950548172,-1.628111481666565,0.008599167689681,-4.641051292419434,0.0004226230958011,0.48418873120838873,0.4812717799234211,0.506789479473201,0.4996317986173157,0.008599166238497446,0.017610692219406754,0.00042262307991286404,0.0014857292398566156,1,meningioma,0.506789479473201,0.7397987585238244,1,meningioma,0.4996317986173157,0.779460443442508
D3B_icdc_glioma,GLIOMA01-i_C3C0,1.3.6.1.4.1.14519.5.2.1.113382896337534967069897355516395220267,1.3.6.1.4.1.14519.5.2.1.107125424522044836954758152178866258390,t1_cor_tse post gad,t1_cor_tse post gad,HEAD,glioma,collection_level_icdc_glioma,data/processed/D3B_icdc_glioma_selected_slices/GLIOMA01-i_C3C0/GLIOMA01-i_C3C0__178866258390__central05_idx0009.png,data/raw/D3B_icdc_glioma/1.3.6.1.4.1.14519.5.2.1.107125424522044836954758152178866258390/1-10.dcm,5,9,14,1,meningioma,0.936647355556488,0.04141191765666,0.2786934174119637,0.1545180827379226,0.04141191765666,3.273256301879883,0.936647355556488,-0.4960252940654754,0.021607169881463,-4.666977882385254,0.0003335617075208,0.04141191469996392,0.06880496555845665,0.9366473524185851,0.8895369017049058,0.02160717115068657,0.040342306321437274,0.0003335617307644796,0.0013158264152003407,1,meningioma,0.9366473524185851,0.2786934176472632,1,meningioma,0.8895369017049058,0.4265205444038214
D3B_icdc_glioma,GLIOMA01-i_BF76,1.3.6.1.4.1.14519.5.2.1.235952234679028716357676607704854589953,1.3.6.1.4.1.14519.5.2.1.118531727331753402487140000387827365827,Ax T1 +C,SM BRAIN-MD/,HEAD,glioma,collection_level_icdc_glioma,data/processed/D3B_icdc_glioma_selected_slices/GLIOMA01-i_BF76/GLIOMA01-i_BF76__387827365827__central01_idx0013.png,data/raw/D3B_icdc_glioma/1.3.6.1.4.1.14519.5.2.1.118531727331753402487140000387827365827/1-14.dcm,1,13,30,0,glioma,0.6003899574279785,0.6003899574279785,1.0072574391667373,1.479871392250061,0.6003899574279785,0.4214906394481659,0.2083456814289093,0.2418453693389892,0.1740867048501968,-2.074103116989136,0.0171775761991739,0.6003900197727151,0.5447488931172153,0.20834570101720823,0.22854970835446775,0.1740867005398929,0.19722120414518063,0.017177578670183696,0.0294801943831363,0,glioma,0.6003900197727151,1.007257424112405,0,glioma,0.5447488931172153,1.0923006967659548
D3B_icdc_glioma,GLIOMA01-i_BF76,1.3.6.1.4.1.14519.5.2.1.235952234679028716357676607704854589953,1.3.6.1.4.1.14519.5.2.1.118531727331753402487140000387827365827,Ax T1 +C,SM BRAIN-MD/,HEAD,glioma,collection_level_icdc_glioma,data/processed/D3B_icdc_glioma_selected_slices/GLIOMA01-i_BF76/GLIOMA01-i_BF76__387827365827__central02_idx0014.png,data/raw/D3B_icdc_glioma/1.3.6.1.4.1.14519.5.2.1.118531727331753402487140000387827365827/1-15.dcm,2,14,30,0,glioma,0.5885508060455322,0.5885508060455322,0.9956037347696848,1.7367801666259766,0.5885508060455322,0.6050973534584045,0.189801812171936,0.7236804962158203,0.2136979699134826,-2.567779302597046,0.0079494565725326,0.5885507877991975,0.5377153365386557,0.1898018076745717,0.21242776297864535,0.21369794649494508,0.234139826405812,0.007949458031285658,0.015717074076886866,0,glioma,0.5885507877991975,0.9956037332405953,0,glioma,0.5377153365386557,1.0679016716885974
D3B_icdc_glioma,GLIOMA01-i_BF76,1.3.6.1.4.1.14519.5.2.1.235952234679028716357676607704854589953,1.3.6.1.4.1.14519.5.2.1.118531727331753402487140000387827365827,Ax T1 +C,SM BRAIN-MD/,HEAD,glioma,collection_level_icdc_glioma,data/processed/D3B_icdc_glioma_selected_slices/GLIOMA01-i_BF76/GLIOMA01-i_BF76__387827365827__central03_idx0015.png,data/raw/D3B_icdc_glioma/1.3.6.1.4.1.14519.5.2.1.118531727331753402487140000387827365827/1-16.dcm,3,15,30,1,meningioma,0.4646358489990234,0.3441028296947479,1.0637678687455872,1.0103681087493896,0.3441028296947479,1.3106815814971924,0.4646358489990234,0.3950717747211456,0.1859809458255767,-3.1665618419647217,0.0052804457955062,0.34410280205801047,0.34299726152525656,0.46463582591229124,0.4388588563378158,0.1859809263393508,0.20701124255590736,0.0052804456903476306,0.011132639581020272,1,meningioma,0.46463582591229124,1.0637678585517283,1,meningioma,0.4388588563378158,1.1045648013442608
D3B_icdc_glioma,GLIOMA01-i_BF76,1.3.6.1.4.1.14519.5.2.1.235952234679028716357676607704854589953,1.3.6.1.4.1.14519.5.2.1.118531727331753402487140000387827365827,Ax T1 +C,SM BRAIN-MD/,HEAD,glioma,collection_level_icdc_glioma,data/processed/D3B_icdc_glioma_selected_slices/GLIOMA01-i_BF76/GLIOMA01-i_BF76__387827365827__central04_idx0016.png,data/raw/D3B_icdc_glioma/1.3.6.1.4.1.14519.5.2.1.118531727331753402487140000387827365827/1-17.dcm,4,16,30,0,glioma,0.5548064708709717,0.5548064708709717,0.8971077651976997,1.656599044799805,0.5548064708709717,1.28131365776062,0.3812037408351898,-0.6621513366699219,0.054590992629528,-2.4214351177215576,0.0093988282606005,0.554806454075964,0.5210330295493623,0.3812037215638318,0.3829220967387309,0.05459099487182541,0.07770399954498648,0.009398829488378673,0.01834087416692048,0,glioma,0.554806454075964,0.8971077815643341,0,glioma,0.5210330295493623,0.9791194289119218
D3B_icdc_glioma,GLIOMA01-i_BF76,1.3.6.1.4.1.14519.5.2.1.235952234679028716357676607704854589953,1.3.6.1.4.1.14519.5.2.1.118531727331753402487140000387827365827,Ax T1 +C,SM BRAIN-MD/,HEAD,glioma,collection_level_icdc_glioma,data/processed/D3B_icdc_glioma_selected_slices/GLIOMA01-i_BF76/GLIOMA01-i_BF76__387827365827__central05_idx0017.png,data/raw/D3B_icdc_glioma/1.3.6.1.4.1.14519.5.2.1.118531727331753402487140000387827365827/1-18.dcm,5,17,30,0,glioma,0.4635126888751983,0.4635126888751983,1.0713594233640946,1.0906257629394531,0.4635126888751983,0.9654442071914672,0.4089742302894592,-0.741637110710144,0.074185661971569,-1.071758270263672,0.0533273704349994,0.463512700426457,0.43587474884157235,0.4089742640657374,0.3933199403626294,0.0741856631214604,0.09690094532824858,0.05332737238634528,0.07390436546754958,0,glioma,0.463512700426457,1.0713594227278769,0,glioma,0.43587474884157235,1.1476627736648013
D3B_icdc_glioma,GLIOMA01-i_1165,1.3.6.1.4.1.14519.5.2.1.138967438947378494828155132414366986280,1.3.6.1.4.1.14519.5.2.1.119497583346189757803560372667170222172,MP RAGE FS +C SUB,MP RAGE FS +C,HEAD,glioma,collection_level_icdc_glioma,data/processed/D3B_icdc_glioma_selected_slices/GLIOMA01-i_1165/GLIOMA01-i_1165__667170222172__central01_idx0126.png,data/raw/D3B_icdc_glioma/1.3.6.1.4.1.14519.5.2.1.119497583346189757803560372667170222172/1-127.dcm,1,126,256,2,notumor,0.9603463411331176,0.0147128719836473,0.2054965550900486,-0.61774742603302,0.0147128719836473,-1.6961222887039185,0.005004552192986,3.560823917388916,0.9603463411331176,-0.3139346241950989,0.0199361648410558,0.014712871448608927,0.029808505932371127,0.0050045517921590305,0.012302643999267253,0.9603464097218704,0.9196397155104434,0.019936167037361747,0.038249134557918125,2,notumor,0.9603464097218704,0.20549649223437427,2,notumor,0.9196397155104434,0.3606948791870538
D3B_icdc_glioma,GLIOMA01-i_1165,1.3.6.1.4.1.14519.5.2.1.138967438947378494828155132414366986280,1.3.6.1.4.1.14519.5.2.1.119497583346189757803560372667170222172,MP RAGE FS +C SUB,MP RAGE FS +C,HEAD,glioma,collection_level_icdc_glioma,data/processed/D3B_icdc_glioma_selected_slices/GLIOMA01-i_1165/GLIOMA01-i_1165__667170222172__central02_idx0127.png,data/raw/D3B_icdc_glioma/1.3.6.1.4.1.14519.5.2.1.119497583346189757803560372667170222172/1-128.dcm,2,127,256,2,notumor,0.8439885973930359,0.0283292979001998,0.5613395459277805,-0.823729932308197,0.0283292979001998,-1.2015502452850342,0.0194155890494585,2.570512533187866,0.8439885973930359,0.5169692039489746,0.108266495168209,0.0283292984555745,0.04774045148767785,0.019415587779976415,0.03501291152518449,0.8439886239113147,0.7737892810608786,0.10826648985313435,0.14345735592625908,2,notumor,0.8439886239113147,0.5613395150957422,2,notumor,0.7737892810608786,0.7395862566242284
D3B_icdc_glioma,GLIOMA01-i_1165,1.3.6.1.4.1.14519.5.2.1.138967438947378494828155132414366986280,1.3.6.1.4.1.14519.5.2.1.119497583346189757803560372667170222172,MP RAGE FS +C SUB,MP RAGE FS +C,HEAD,glioma,collection_level_icdc_glioma,data/processed/D3B_icdc_glioma_selected_slices/GLIOMA01-i_1165/GLIOMA01-i_1165__667170222172__central03_idx0128.png,data/raw/D3B_icdc_glioma/1.3.6.1.4.1.14519.5.2.1.119497583346189757803560372667170222172/1-129.dcm,3,128,256,2,notumor,0.911709189414978,0.0384775213897228,0.3838234178203224,-0.2629269361495971,0.0384775213897228,-1.6241222620010376,0.0098638702183961,2.902320146560669,0.911709189414978,-0.2253862768411636,0.0399494357407093,0.03847751223356342,0.06333165379749835,0.009863870596010751,0.020724283123840698,0.9117091780681328,0.8506309128279302,0.03994943910229309,0.06531315025073084,2,notumor,0.9117091780681328,0.3838234162763715,2,notumor,0.8506309128279302,0.5709155470883165
D3B_icdc_glioma,GLIOMA01-i_1165,1.3.6.1.4.1.14519.5.2.1.138967438947378494828155132414366986280,1.3.6.1.4.1.14519.5.2.1.119497583346189757803560372667170222172,MP RAGE FS +C SUB,MP RAGE FS +C,HEAD,glioma,collection_level_icdc_glioma,data/processed/D3B_icdc_glioma_selected_slices/GLIOMA01-i_1165/GLIOMA01-i_1165__667170222172__central04_idx0129.png,data/raw/D3B_icdc_glioma/1.3.6.1.4.1.14519.5.2.1.119497583346189757803560372667170222172/1-130.dcm,4,129,256,2,notumor,0.9596977829933168,0.021863741800189,0.2076359701659658,-0.370258092880249,0.021863741800189,-1.811617612838745,0.0051730894483625,3.4115307331085205,0.9596977829933168,-0.8699288368225098,0.0132653936743736,0.021863740723729555,0.0412418309316936,0.005173089384950754,0.012636460411518021,0.959697773813322,0.9187531997330559,0.013265396077997739,0.027368508923732358,2,notumor,0.959697773813322,0.20763598364542632,2,notumor,0.9187531997330559,0.36306240881020563
D3B_icdc_glioma,GLIOMA01-i_1165,1.3.6.1.4.1.14519.5.2.1.138967438947378494828155132414366986280,1.3.6.1.4.1.14519.5.2.1.119497583346189757803560372667170222172,MP RAGE FS +C SUB,MP RAGE FS +C,HEAD,glioma,collection_level_icdc_glioma,data/processed/D3B_icdc_glioma_selected_slices/GLIOMA01-i_1165/GLIOMA01-i_1165__667170222172__central05_idx0130.png,data/raw/D3B_icdc_glioma/1.3.6.1.4.1.14519.5.2.1.119497583346189757803560372667170222172/1-131.dcm,5,130,256,2,notumor,0.9885709881782532,0.004870296921581,0.074458194086413,-0.9218398332595824,0.004870296921581,-1.711621642112732,0.0022108405828475,4.391265869140625,0.9885709881782532,-1.035286784172058,0.0043479637242853,0.004870295738926523,0.012389844767906959,0.002210840705844414,0.006480090528977218,0.9885708994619161,0.969841663659834,0.0043479640933130346,0.011288401043281682,2,notumor,0.9885708994619161,0.07445827893527426,2,notumor,0.969841663659834,0.16737150031348308
D3B_icdc_glioma,GLIOMA01-i_8743,1.3.6.1.4.1.14519.5.2.1.292914470163135235245310885293451696300,1.3.6.1.4.1.14519.5.2.1.126374909903560581946131420797090115492,AX FSE T1,BRAIN CARDIAC COIL/4,HEAD,glioma,collection_level_icdc_glioma,data/processed/D3B_icdc_glioma_selected_slices/GLIOMA01-i_8743/GLIOMA01-i_8743__797090115492__central01_idx0012.png,data/raw/D3B_icdc_glioma/1.3.6.1.4.1.14519.5.2.1.126374909903560581946131420797090115492/1-13.dcm,1,12,28,2,notumor,0.5117722153663635,0.4085858166217804,0.9450075912488056,1.428935170173645,0.4085858166217804,-0.3801341354846954,0.0669290274381637,1.6541128158569336,0.5117722153663635,-2.041151762008667,0.0127128725871443,0.40858585129874075,0.4020050850591506,0.06692902629245492,0.09108864264632827,0.5117722491521196,0.48360048589962634,0.01271287325668463,0.023305786394894692,2,notumor,0.5117722491521196,0.9450075767567385,2,notumor,0.48360048589962634,1.0235263223270454
D3B_icdc_glioma,GLIOMA01-i_8743,1.3.6.1.4.1.14519.5.2.1.292914470163135235245310885293451696300,1.3.6.1.4.1.14519.5.2.1.126374909903560581946131420797090115492,AX FSE T1,BRAIN CARDIAC COIL/4,HEAD,glioma,collection_level_icdc_glioma,data/processed/D3B_icdc_glioma_selected_slices/GLIOMA01-i_8743/GLIOMA01-i_8743__797090115492__central02_idx0013.png,data/raw/D3B_icdc_glioma/1.3.6.1.4.1.14519.5.2.1.126374909903560581946131420797090115492/1-14.dcm,2,13,28,0,glioma,0.5643229484558105,0.5643229484558105,0.9565315945334804,1.4638041257858276,0.5643229484558105,-1.118844509124756,0.042647898197174,0.991060733795166,0.3517368733882904,-1.1511480808258057,0.0412922427058219,0.5643229873793943,0.5220609747727937,0.0426479038634604,0.06269657547398554,0.35173687021145017,0.3541861390171504,0.04129223854569504,0.061056310736070436,0,glioma,0.5643229873793943,0.956531580847691,0,glioma,0.5220609747727937,1.0512916643851056
D3B_icdc_glioma,GLIOMA01-i_8743,1.3.6.1.4.1.14519.5.2.1.292914470163135235245310885293451696300,1.3.6.1.4.1.14519.5.2.1.126374909903560581946131420797090115492,AX FSE T1,BRAIN CARDIAC COIL/4,HEAD,glioma,collection_level_icdc_glioma,data/processed/D3B_icdc_glioma_selected_slices/GLIOMA01-i_8743/GLIOMA01-i_8743__797090115492__central03_idx0014.png,data/raw/D3B_icdc_glioma/1.3.6.1.4.1.14519.5.2.1.126374909903560581946131420797090115492/1-15.dcm,3,14,28,0,glioma,0.7478161454200745,0.7478161454200745,0.6143512459688812,2.8185789585113525,0.7478161454200745,-1.7753487825393677,0.0075627076439559,1.6892856359481812,0.2417402565479278,-2.7404863834381104,0.0028808682691305,0.7478161609315718,0.6996321767044161,0.00756270879748554,0.016127082126419796,0.2417402617119571,0.27693653966406734,0.002880868558985556,0.00730420150509667,0,glioma,0.7478161609315718,0.6143512430199423,0,glioma,0.6996321767044161,0.7079785279178034
D3B_icdc_glioma,GLIOMA01-i_8743,1.3.6.1.4.1.14519.5.2.1.292914470163135235245310885293451696300,1.3.6.1.4.1.14519.5.2.1.126374909903560581946131420797090115492,AX FSE T1,BRAIN CARDIAC COIL/4,HEAD,glioma,collection_level_icdc_glioma,data/processed/D3B_icdc_glioma_selected_slices/GLIOMA01-i_8743/GLIOMA01-i_8743__797090115492__central04_idx0015.png,data/raw/D3B_icdc_glioma/1.3.6.1.4.1.14519.5.2.1.126374909903560581946131420797090115492/1-16.dcm,4,15,28,0,glioma,0.666265070438385,0.666265070438385,0.656802936158012,3.3127341270446777,0.666265070438385,-2.833058357238769,0.0014274577843025,2.6119000911712646,0.3305815756320953,-2.6431851387023926,0.0017259338637813,0.6662650220085143,0.6342719459933951,0.0014274577116513661,0.00409132566627484,0.3305815864466361,0.35685553350796834,0.001725933833198147,0.004781194832361803,0,glioma,0.6662650220085143,0.6568029655108334,0,glioma,0.6342719459933951,0.7045262956221074
D3B_icdc_glioma,GLIOMA01-i_8743,1.3.6.1.4.1.14519.5.2.1.292914470163135235245310885293451696300,1.3.6.1.4.1.14519.5.2.1.126374909903560581946131420797090115492,AX FSE T1,BRAIN CARDIAC COIL/4,HEAD,glioma,collection_level_icdc_glioma,data/processed/D3B_icdc_glioma_selected_slices/GLIOMA01-i_8743/GLIOMA01-i_8743__797090115492__central05_idx0016.png,data/raw/D3B_icdc_glioma/1.3.6.1.4.1.14519.5.2.1.126374909903560581946131420797090115492/1-17.dcm,5,16,28,0,glioma,0.9873422384262084,0.9873422384262084,0.0717425030417901,5.0496602058410645,0.9873422384262084,-2.564711570739746,0.0004870663105975,0.6194117665290833,0.0117607591673731,-2.737080335617065,0.0004099485522601,0.9873422286640755,0.9708971258039538,0.0004870662827208375,0.0018764971696639066,0.011760756589672414,0.025597402641530122,0.00040994846353131705,0.0016289743848522395,0,glioma,0.9873422286640755,0.07174250301652542,0,glioma,0.9708971258039538,0.14473546535232706
D3B_icdc_glioma,GLIOMA01-i_FECA,1.3.6.1.4.1.14519.5.2.1.219496406064454363522821095725012577639,1.3.6.1.4.1.14519.5.2.1.129647912181564009003674418318949601014,T1/T/SE  +C,T1/T/SE  +C,HEAD,glioma,collection_level_icdc_glioma,data/processed/D3B_icdc_glioma_selected_slices/GLIOMA01-i_FECA/GLIOMA01-i_FECA__318949601014__central01_idx0006.png,data/raw/D3B_icdc_glioma/1.3.6.1.4.1.14519.5.2.1.129647912181564009003674418318949601014/1-07.dcm,1,6,16,0,glioma,0.574588418006897,0.574588418006897,0.9904892460023162,1.5602346658706665,0.574588418006897,0.5810650587081909,0.2158285528421402,0.5395618677139282,0.2070543467998504,-3.8657243251800537,0.0025286737363785,0.574588432896042,0.5285100991314421,0.21582856423945013,0.23662962487922704,0.20705432894059084,0.2287057236444049,0.002528673923916886,0.006154552344925907,0,glioma,0.574588432896042,0.9904892361100328,0,glioma,0.5285100991314421,1.046816061553141
D3B_icdc_glioma,GLIOMA01-i_FECA,1.3.6.1.4.1.14519.5.2.1.219496406064454363522821095725012577639,1.3.6.1.4.1.14519.5.2.1.129647912181564009003674418318949601014,T1/T/SE  +C,T1/T/SE  +C,HEAD,glioma,collection_level_icdc_glioma,data/processed/D3B_icdc_glioma_selected_slices/GLIOMA01-i_FECA/GLIOMA01-i_FECA__318949601014__central02_idx0007.png,data/raw/D3B_icdc_glioma/1.3.6.1.4.1.14519.5.2.1.129647912181564009003674418318949601014/1-08.dcm,2,7,16,0,glioma,0.4838434159755707,0.4838434159755707,1.0039002326340485,1.553023099899292,0.4838434159755707,0.2696704566478729,0.134076252579689,1.3100367784500122,0.3794698119163513,-3.669148206710816,0.0026106259319931,0.4838433705960515,0.4583370727448267,0.13407624043422567,0.15987753829738638,0.3794697632466011,0.37547639969694013,0.0026106257231217943,0.006308989260846694,0,glioma,0.4838433705960515,1.0039002332855178,0,glioma,0.4583370727448267,1.050444362886258
D3B_icdc_glioma,GLIOMA01-i_FECA,1.3.6.1.4.1.14519.5.2.1.219496406064454363522821095725012577639,1.3.6.1.4.1.14519.5.2.1.129647912181564009003674418318949601014,T1/T/SE  +C,T1/T/SE  +C,HEAD,glioma,collection_level_icdc_glioma,data/processed/D3B_icdc_glioma_selected_slices/GLIOMA01-i_FECA/GLIOMA01-i_FECA__318949601014__central03_idx0008.png,data/raw/D3B_icdc_glioma/1.3.6.1.4.1.14519.5.2.1.129647912181564009003674418318949601014/1-09.dcm,3,8,16,0,glioma,0.6350913047790527,0.6350913047790527,0.9199327421102436,1.9579769372940063,0.6350913047790527,0.7193844318389893,0.1840442419052124,0.6910563707351685,0.1789037883281707,-3.822516679763794,0.0019606479909271,0.635091299255906,0.5800012375020412,0.18404425803017657,0.20988638655602251,0.1789037944805839,0.20506328705867832,0.0019606482333335822,0.005049088883257757,0,glioma,0.635091299255906,0.919932761997959,0,glioma,0.5800012375020412,0.995225627384155
D3B_icdc_glioma,GLIOMA01-i_FECA,1.3.6.1.4.1.14519.5.2.1.219496406064454363522821095725012577639,1.3.6.1.4.1.14519.5.2.1.129647912181564009003674418318949601014,T1/T/SE  +C,T1/T/SE  +C,HEAD,glioma,collection_level_icdc_glioma,data/processed/D3B_icdc_glioma_selected_slices/GLIOMA01-i_FECA/GLIOMA01-i_FECA__318949601014__central04_idx0009.png,data/raw/D3B_icdc_glioma/1.3.6.1.4.1.14519.5.2.1.129647912181564009003674418318949601014/1-10.dcm,4,9,16,1,meningioma,0.6748005747795105,0.1212164610624313,0.861129567736775,0.2488528043031692,0.1212164610624313,1.9656922817230225,0.6748005747795105,0.7544896602630615,0.2009818404912948,-3.4497249126434326,0.0030011634808033,0.12121643899658141,0.15028574832513109,0.6748005577028245,0.6149129480749057,0.2009818399927804,0.22757836370322235,0.0030011633078138034,0.007222939896740917,1,meningioma,0.6748005577028245,0.8611295524663033,1,meningioma,0.6149129480749057,0.9563285565145687
D3B_icdc_glioma,GLIOMA01-i_FECA,1.3.6.1.4.1.14519.5.2.1.219496406064454363522821095725012577639,1.3.6.1.4.1.14519.5.2.1.129647912181564009003674418318949601014,T1/T/SE  +C,T1/T/SE  +C,HEAD,glioma,collection_level_icdc_glioma,data/processed/D3B_icdc_glioma_selected_slices/GLIOMA01-i_FECA/GLIOMA01-i_FECA__318949601014__central05_idx0010.png,data/raw/D3B_icdc_glioma/1.3.6.1.4.1.14519.5.2.1.129647912181564009003674418318949601014/1-11.dcm,5,10,16,1,meningioma,0.7999202013015747,0.1629989892244339,0.6011328793390478,0.9953984022140504,0.1629989892244339,2.586166381835937,0.7999202013015747,-0.5134082436561584,0.0360511057078838,-4.069076061248779,0.001029702136293,0.16299898990576528,0.2001990763583819,0.7999202086549267,0.7386266634487139,0.036051099335889084,0.058037788771555694,0.0010297021034187527,0.003136471421348576,1,meningioma,0.7999202086549267,0.6011328591876597,1,meningioma,0.7386266634487139,0.7290797079785964
D3B_icdc_glioma,GLIOMA01-i_05CA,1.3.6.1.4.1.14519.5.2.1.204647078142213578871402112392304405271,1.3.6.1.4.1.14519.5.2.1.134195134137667202942465181548202178049,T1 FS TRANS +C,T1 FS TRANS +C,HEAD,glioma,collection_level_icdc_glioma,data/processed/D3B_icdc_glioma_selected_slices/GLIOMA01-i_05CA/GLIOMA01-i_05CA__548202178049__central01_idx0014.png,data/raw/D3B_icdc_glioma/1.3.6.1.4.1.14519.5.2.1.134195134137667202942465181548202178049/1-15.dcm,1,14,32,2,notumor,0.9643719792366028,0.0093509322032332,0.1846861106246538,-1.3768526315689087,0.0093509322032332,-0.4883313477039337,0.0227370876818895,3.259148359298706,0.9643719792366028,-2.3481900691986084,0.003540042322129,0.009350932384019451,0.02064815076198872,0.022737086148651317,0.042811211994990446,0.9643719393631349,0.927236235852937,0.0035400421041943,0.009304401390083974,2,notumor,0.9643719393631349,0.18468614443531195,2,notumor,0.927236235852937,0.3285827180923109
D3B_icdc_glioma,GLIOMA01-i_05CA,1.3.6.1.4.1.14519.5.2.1.204647078142213578871402112392304405271,1.3.6.1.4.1.14519.5.2.1.134195134137667202942465181548202178049,T1 FS TRANS +C,T1 FS TRANS +C,HEAD,glioma,collection_level_icdc_glioma,data/processed/D3B_icdc_glioma_selected_slices/GLIOMA01-i_05CA/GLIOMA01-i_05CA__548202178049__central02_idx0015.png,data/raw/D3B_icdc_glioma/1.3.6.1.4.1.14519.5.2.1.134195134137667202942465181548202178049/1-16.dcm,2,15,32,2,notumor,0.9834684133529664,0.0040460638701915,0.1010579542277998,-1.7631999254226685,0.0040460638701915,-0.995313048362732,0.0087201045826077,3.7301411628723145,0.9834684133529664,-1.8350896835327148,0.0037654021289199,0.004046063560790631,0.010573504408837139,0.008720105401885858,0.019856386024741553,0.9834684288054136,0.959602366285205,0.003765402231909922,0.009967743281216317,2,notumor,0.9834684288054136,0.10105794117526945,2,notumor,0.959602366285205,0.2114306719127772
D3B_icdc_glioma,GLIOMA01-i_05CA,1.3.6.1.4.1.14519.5.2.1.204647078142213578871402112392304405271,1.3.6.1.4.1.14519.5.2.1.134195134137667202942465181548202178049,T1 FS TRANS +C,T1 FS TRANS +C,HEAD,glioma,collection_level_icdc_glioma,data/processed/D3B_icdc_glioma_selected_slices/GLIOMA01-i_05CA/GLIOMA01-i_05CA__548202178049__central03_idx0016.png,data/raw/D3B_icdc_glioma/1.3.6.1.4.1.14519.5.2.1.134195134137667202942465181548202178049/1-17.dcm,3,16,32,2,notumor,0.9295920729637146,0.0183062627911567,0.3270619641541115,-1.2696105241775513,0.0183062627911567,-0.5867070555686951,0.0362393818795681,2.657892227172852,0.9295920729637146,-1.4129061698913574,0.0158623345196247,0.018306259508382775,0.03478567120594897,0.03623938531806894,0.06092462323205472,0.9295920205829366,0.8733633581539099,0.01586233459061183,0.030926347408086526,2,notumor,0.9295920205829366,0.32706201105286437,2,notumor,0.8733633581539099,0.5130647420859794
D3B_icdc_glioma,GLIOMA01-i_05CA,1.3.6.1.4.1.14519.5.2.1.204647078142213578871402112392304405271,1.3.6.1.4.1.14519.5.2.1.134195134137667202942465181548202178049,T1 FS TRANS +C,T1 FS TRANS +C,HEAD,glioma,collection_level_icdc_glioma,data/processed/D3B_icdc_glioma_selected_slices/GLIOMA01-i_05CA/GLIOMA01-i_05CA__548202178049__central04_idx0017.png,data/raw/D3B_icdc_glioma/1.3.6.1.4.1.14519.5.2.1.134195134137667202942465181548202178049/1-18.dcm,4,17,32,2,notumor,0.8796808123588562,0.0052026719786226,0.4199322438406321,-2.063633680343628,0.0052026719786226,-1.5444239377975464,0.0087441261857748,3.0667531490325928,0.8796808123588562,0.9541397094726562,0.1063723564147949,0.005202671993183266,0.012223634308512017,0.008744125303546723,0.018717636567767728,0.8796808470061045,0.8235932864578097,0.1063723556971655,0.14546544266591052,2,notumor,0.8796808470061045,0.419932209507613,2,notumor,0.8235932864578097,0.5685741744162327
D3B_icdc_glioma,GLIOMA01-i_05CA,1.3.6.1.4.1.14519.5.2.1.204647078142213578871402112392304405271,1.3.6.1.4.1.14519.5.2.1.134195134137667202942465181548202178049,T1 FS TRANS +C,T1 FS TRANS +C,HEAD,glioma,collection_level_icdc_glioma,data/processed/D3B_icdc_glioma_selected_slices/GLIOMA01-i_05CA/GLIOMA01-i_05CA__548202178049__central05_idx0018.png,data/raw/D3B_icdc_glioma/1.3.6.1.4.1.14519.5.2.1.134195134137667202942465181548202178049/1-19.dcm,5,18,32,2,notumor,0.8485707640647888,0.0291621182113885,0.5835436509779416,-1.159796953201294,0.0291621182113885,-0.5217471718788147,0.0551976487040519,2.210886001586914,0.8485707640647888,-0.3269374966621399,0.0670695453882217,0.029162115671974267,0.048622037773090016,0.05519764226275623,0.08208038679959175,0.8485707072045267,0.7729876205109265,0.06706953486074295,0.0963099549163917,2,notumor,0.8485707072045267,0.5835436619284116,2,notumor,0.7729876205109265,0.7766442782667276
D3B_icdc_glioma,GLIOMA01-i_D026,1.3.6.1.4.1.14519.5.2.1.147967266238547574979539666384120283684,1.3.6.1.4.1.14519.5.2.1.140279437954891376987651232566447039670,FSPGR 3D,BRAIN CARDIAC COIL/8,HEAD,glioma,collection_level_icdc_glioma,data/processed/D3B_icdc_glioma_selected_slices/GLIOMA01-i_D026/GLIOMA01-i_D026__566447039670__central01_idx0080.png,data/raw/D3B_icdc_glioma/1.3.6.1.4.1.14519.5.2.1.140279437954891376987651232566447039670/1-081.dcm,1,80,164,2,notumor,0.8565208911895752,0.1100161671638488,0.5093071724329974,0.6622939705848694,0.1100161671638488,-1.7659660577774048,0.0097023444250226,2.714545249938965,0.8565208911895752,-0.8703028559684753,0.0237606447190046,0.11001617198031753,0.14686966082522449,0.00970234243623067,0.0200207371035867,0.8565208428206297,0.7913552391080859,0.02376064276282224,0.04175436296310295,2,notumor,0.8565208428206297,0.5093072065353877,2,notumor,0.7913552391080859,0.6778211784957209
D3B_icdc_glioma,GLIOMA01-i_D026,1.3.6.1.4.1.14519.5.2.1.147967266238547574979539666384120283684,1.3.6.1.4.1.14519.5.2.1.140279437954891376987651232566447039670,FSPGR 3D,BRAIN CARDIAC COIL/8,HEAD,glioma,collection_level_icdc_glioma,data/processed/D3B_icdc_glioma_selected_slices/GLIOMA01-i_D026/GLIOMA01-i_D026__566447039670__central02_idx0081.png,data/raw/D3B_icdc_glioma/1.3.6.1.4.1.14519.5.2.1.140279437954891376987651232566447039670/1-082.dcm,2,81,164,2,notumor,0.8041360974311829,0.1541497111320495,0.6200762151261529,0.888701856136322,0.1541497111320495,-1.7544680833816528,0.0109655018895864,2.540546178817749,0.8041360974311829,-0.7233767509460449,0.0307486355304718,0.15414970986460685,0.19012422314332283,0.010965503861876598,0.02172649887072047,0.8041361493651981,0.7375109617712997,0.030748636908318427,0.05063831621465699,2,notumor,0.8041361493651981,0.6200761837589504,2,notumor,0.7375109617712997,0.774426186454823
D3B_icdc_glioma,GLIOMA01-i_D026,1.3.6.1.4.1.14519.5.2.1.147967266238547574979539666384120283684,1.3.6.1.4.1.14519.5.2.1.140279437954891376987651232566447039670,FSPGR 3D,BRAIN CARDIAC COIL/8,HEAD,glioma,collection_level_icdc_glioma,data/processed/D3B_icdc_glioma_selected_slices/GLIOMA01-i_D026/GLIOMA01-i_D026__566447039670__central03_idx0082.png,data/raw/D3B_icdc_glioma/1.3.6.1.4.1.14519.5.2.1.140279437954891376987651232566447039670/1-083.dcm,3,82,164,2,notumor,0.7309056520462036,0.2129465341567993,0.7453460929960753,1.1201486587524414,0.2129465341567993,-2.0132863521575928,0.0092776305973529,2.3533918857574463,0.7309056520462036,-0.3935100436210632,0.0468702130019664,0.21294653304657613,0.2429265075532037,0.00927762980032926,0.01856490198335313,0.730905621488252,0.6683639681080815,0.04687021566484257,0.07014462235536173,2,notumor,0.730905621488252,0.7453461159213747,2,notumor,0.6683639681080815,0.8734355981501327
D3B_icdc_glioma,GLIOMA01-i_D026,1.3.6.1.4.1.14519.5.2.1.147967266238547574979539666384120283684,1.3.6.1.4.1.14519.5.2.1.140279437954891376987651232566447039670,FSPGR 3D,BRAIN CARDIAC COIL/8,HEAD,glioma,collection_level_icdc_glioma,data/processed/D3B_icdc_glioma_selected_slices/GLIOMA01-i_D026/GLIOMA01-i_D026__566447039670__central04_idx0083.png,data/raw/D3B_icdc_glioma/1.3.6.1.4.1.14519.5.2.1.140279437954891376987651232566447039670/1-084.dcm,4,83,164,2,notumor,0.8320825099945068,0.1094518974423408,0.5946890367811096,0.4682889580726623,0.1094518974423408,-1.5002391338348389,0.0152863012626767,2.4967353343963623,0.8320825099945068,-0.4618340134620666,0.0431793443858623,0.10945189831193573,0.14390937225467074,0.01528630112481507,0.028608120584651984,0.8320824581335594,0.7604036690418582,0.0431793424296899,0.0670788381188191,2,notumor,0.8320824581335594,0.5946890755335692,2,notumor,0.7604036690418582,0.7701721496920602
D3B_icdc_glioma,GLIOMA01-i_D026,1.3.6.1.4.1.14519.5.2.1.147967266238547574979539666384120283684,1.3.6.1.4.1.14519.5.2.1.140279437954891376987651232566447039670,FSPGR 3D,BRAIN CARDIAC COIL/8,HEAD,glioma,collection_level_icdc_glioma,data/processed/D3B_icdc_glioma_selected_slices/GLIOMA01-i_D026/GLIOMA01-i_D026__566447039670__central05_idx0084.png,data/raw/D3B_icdc_glioma/1.3.6.1.4.1.14519.5.2.1.140279437954891376987651232566447039670/1-085.dcm,5,84,164,2,notumor,0.9123287200927734,0.0503784343600273,0.3797032119010799,0.0960008203983306,0.0503784343600273,-1.4069461822509766,0.0112078664824366,2.992438077926636,0.9123287200927734,-0.5622043609619141,0.0260849352926015,0.05037843230157784,0.07907391191077116,0.01120786932983541,0.02303405704771072,0.9123287626646394,0.8518193553630765,0.02608493570394728,0.04607267567844155,2,notumor,0.9123287626646394,0.3797031801720477,2,notumor,0.8518193553630765,0.5659020965657263
D3B_icdc_glioma,GLIOMA01-i_0FF0,1.3.6.1.4.1.14519.5.2.1.158198985759400658053234760166855309047,1.3.6.1.4.1.14519.5.2.1.145185012510140618200318931731146332261,O-Ax T1 SE S,"Brain, Dual Coil/",HEAD,glioma,collection_level_icdc_glioma,data/processed/D3B_icdc_glioma_selected_slices/GLIOMA01-i_0FF0/GLIOMA01-i_0FF0__731146332261__central01_idx0008.png,data/raw/D3B_icdc_glioma/1.3.6.1.4.1.14519.5.2.1.145185012510140618200318931731146332261/1-09.dcm,1,8,20,2,notumor,0.9089645147323608,0.002248536562547,0.3191069838386783,-1.979000210762024,0.002248536562547,-3.286376953125,0.0006082937470637,4.023026466369629,0.9089645147323608,1.6900861263275146,0.0881787315011024,0.0022485359363234748,0.00627247299485143,0.0006082937130984747,0.0021452547772979886,0.9089644518951654,0.8641933612977539,0.08817871845541278,0.12738891093009663,2,notumor,0.9089644518951654,0.3191070186340811,2,notumor,0.8641933612977539,0.4336156595744877
D3B_icdc_glioma,GLIOMA01-i_0FF0,1.3.6.1.4.1.14519.5.2.1.158198985759400658053234760166855309047,1.3.6.1.4.1.14519.5.2.1.145185012510140618200318931731146332261,O-Ax T1 SE S,"Brain, Dual Coil/",HEAD,glioma,collection_level_icdc_glioma,data/processed/D3B_icdc_glioma_selected_slices/GLIOMA01-i_0FF0/GLIOMA01-i_0FF0__731146332261__central02_idx0009.png,data/raw/D3B_icdc_glioma/1.3.6.1.4.1.14519.5.2.1.145185012510140618200318931731146332261/1-10.dcm,2,9,20,2,notumor,0.6160008907318115,0.0540781393647193,0.9022799835135796,-0.6968657970428467,0.0540781393647193,-1.6068240404129028,0.0217686742544174,1.7359524965286257,0.6160008907318115,1.0432982444763184,0.3081523180007934,0.054078143587144384,0.07687596945575804,0.021768671751987715,0.03643123843607992,0.6160008833586035,0.5660662187515093,0.3081523013022644,0.32062657335665284,2,notumor,0.6160008833586035,0.9022799853767717,2,notumor,0.5660662187515093,1.0047247267448276
D3B_icdc_glioma,GLIOMA01-i_0FF0,1.3.6.1.4.1.14519.5.2.1.158198985759400658053234760166855309047,1.3.6.1.4.1.14519.5.2.1.145185012510140618200318931731146332261,O-Ax T1 SE S,"Brain, Dual Coil/",HEAD,glioma,collection_level_icdc_glioma,data/processed/D3B_icdc_glioma_selected_slices/GLIOMA01-i_0FF0/GLIOMA01-i_0FF0__731146332261__central03_idx0010.png,data/raw/D3B_icdc_glioma/1.3.6.1.4.1.14519.5.2.1.145185012510140618200318931731146332261/1-11.dcm,3,10,20,2,notumor,0.8599222898483276,0.0116235632449388,0.4583726884873833,-1.1630100011825562,0.0116235632449388,-2.612401008605957,0.0027282037772238,3.1407978534698486,0.8599222898483276,1.2180601358413696,0.1257259100675583,0.011623561419365661,0.023500282498877978,0.002728203100447851,0.0071531626093610905,0.859922311409353,0.8035000806906891,0.12572592407083352,0.1658464742010718,2,notumor,0.859922311409353,0.4583726755890015,2,notumor,0.8035000806906891,0.5972448720739765
D3B_icdc_glioma,GLIOMA01-i_0FF0,1.3.6.1.4.1.14519.5.2.1.158198985759400658053234760166855309047,1.3.6.1.4.1.14519.5.2.1.145185012510140618200318931731146332261,O-Ax T1 SE S,"Brain, Dual Coil/",HEAD,glioma,collection_level_icdc_glioma,data/processed/D3B_icdc_glioma_selected_slices/GLIOMA01-i_0FF0/GLIOMA01-i_0FF0__731146332261__central04_idx0011.png,data/raw/D3B_icdc_glioma/1.3.6.1.4.1.14519.5.2.1.145185012510140618200318931731146332261/1-12.dcm,4,11,20,2,notumor,0.9932236671447754,0.0009293595212511,0.044548220969775,-1.8972042798995967,0.0009293595212511,-2.961430311203003,0.000320624152664,5.0770111083984375,0.9932236671447754,-0.1144043803215026,0.0055264220573008,0.0009293595577358171,0.003208220311390647,0.00032062418372066334,0.0013395693225774182,0.9932235957392558,0.9815952215714122,0.005526420519287564,0.013856988794619853,2,notumor,0.9932235957392558,0.044548285869883894,2,notumor,0.9815952215714122,0.10481146199660984
D3B_icdc_glioma,GLIOMA01-i_0FF0,1.3.6.1.4.1.14519.5.2.1.158198985759400658053234760166855309047,1.3.6.1.4.1.14519.5.2.1.145185012510140618200318931731146332261,O-Ax T1 SE S,"Brain, Dual Coil/",HEAD,glioma,collection_level_icdc_glioma,data/processed/D3B_icdc_glioma_selected_slices/GLIOMA01-i_0FF0/GLIOMA01-i_0FF0__731146332261__central05_idx0012.png,data/raw/D3B_icdc_glioma/1.3.6.1.4.1.14519.5.2.1.145185012510140618200318931731146332261/1-13.dcm,5,12,20,2,notumor,0.963797926902771,0.0026006367988884,0.1840197703596401,-2.3019373416900635,0.0026006367988884,-1.1195836067199707,0.00848338752985,3.6131880283355713,0.963797926902771,-0.0341043248772621,0.0251181162893772,0.002600636481414886,0.007227430181407743,0.008483388443404932,0.01907148847715609,0.9637978617467856,0.9272219058287133,0.025118113328394705,0.04647917551272294,2,notumor,0.9637978617467856,0.18401982703696673,2,notumor,0.9272219058287133,0.32384111089672185
D3B_icdc_glioma,GLIOMA01-i_6454,1.3.6.1.4.1.14519.5.2.1.131202284249283473488626711122269899807,1.3.6.1.4.1.14519.5.2.1.14543132867466309601670285112662324635,RAGE FS +C TRANS,MP RAGE FS +C,HEAD,glioma,collection_level_icdc_glioma,data/processed/D3B_icdc_glioma_selected_slices/GLIOMA01-i_6454/GLIOMA01-i_6454__112662324635__central01_idx0019.png,data/raw/D3B_icdc_glioma/1.3.6.1.4.1.14519.5.2.1.14543132867466309601670285112662324635/1-20.dcm,1,19,42,2,notumor,0.9804014563560486,0.0126233408227562,0.1119234829854793,-0.1126453429460525,0.0126233408227562,-2.748103618621826,0.0009049180080182,4.239769458770752,0.9804014563560486,-0.8447803258895874,0.0060703260824084,0.012623337668017126,0.02684860742688561,0.0009049179711136873,0.0030876108657775085,0.9804014183408077,0.9553412404495928,0.006070326020061461,0.014722541257743917,2,notumor,0.9804014183408077,0.11192350913223832,2,notumor,0.9553412404495928,0.22072502187033274
D3B_icdc_glioma,GLIOMA01-i_6454,1.3.6.1.4.1.14519.5.2.1.131202284249283473488626711122269899807,1.3.6.1.4.1.14519.5.2.1.14543132867466309601670285112662324635,RAGE FS +C TRANS,MP RAGE FS +C,HEAD,glioma,collection_level_icdc_glioma,data/processed/D3B_icdc_glioma_selected_slices/GLIOMA01-i_6454/GLIOMA01-i_6454__112662324635__central02_idx0020.png,data/raw/D3B_icdc_glioma/1.3.6.1.4.1.14519.5.2.1.14543132867466309601670285112662324635/1-21.dcm,2,20,42,2,notumor,0.9546554684638976,0.0147907584905624,0.2291044411995168,-0.8304766416549683,0.0147907584905624,-1.642573356628418,0.0065660080872476,3.336871385574341,0.9546554684638976,-0.3469339609146118,0.0239877924323081,0.014790756946549105,0.02978907637144305,0.00656600604714532,0.015297449497415488,0.954655442571428,0.9106142966333916,0.023987794434877478,0.044299177497749836,2,notumor,0.954655442571428,0.22910445818266545,2,notumor,0.9106142966333916,0.39194904407458686
D3B_icdc_glioma,GLIOMA01-i_6454,1.3.6.1.4.1.14519.5.2.1.131202284249283473488626711122269899807,1.3.6.1.4.1.14519.5.2.1.14543132867466309601670285112662324635,RAGE FS +C TRANS,MP RAGE FS +C,HEAD,glioma,collection_level_icdc_glioma,data/processed/D3B_icdc_glioma_selected_slices/GLIOMA01-i_6454/GLIOMA01-i_6454__112662324635__central03_idx0021.png,data/raw/D3B_icdc_glioma/1.3.6.1.4.1.14519.5.2.1.14543132867466309601670285112662324635/1-22.dcm,3,21,42,2,notumor,0.9877471923828124,0.0053394045680761,0.0779398249926942,-0.9031313061714172,0.0053394045680761,-2.2676377296447754,0.0013642541598528,4.31718111038208,0.9877471923828124,-0.8645957708358765,0.0055491784587502,0.005339405618267462,0.013351849428406563,0.0013642542138730647,0.004357325574162228,0.9877471618016647,0.9685099811812187,0.005549178366194791,0.013780843816212378,2,notumor,0.9877471618016647,0.07793985955607682,2,notumor,0.9685099811812187,0.17134650629900297
D3B_icdc_glioma,GLIOMA01-i_6454,1.3.6.1.4.1.14519.5.2.1.131202284249283473488626711122269899807,1.3.6.1.4.1.14519.5.2.1.14543132867466309601670285112662324635,RAGE FS +C TRANS,MP RAGE FS +C,HEAD,glioma,collection_level_icdc_glioma,data/processed/D3B_icdc_glioma_selected_slices/GLIOMA01-i_6454/GLIOMA01-i_6454__112662324635__central04_idx0022.png,data/raw/D3B_icdc_glioma/1.3.6.1.4.1.14519.5.2.1.14543132867466309601670285112662324635/1-23.dcm,4,22,42,2,notumor,0.9642869830131532,0.0147071881219744,0.1885337271088123,-0.5934566855430603,0.0147071881219744,-1.888729453086853,0.0040271687321364,3.5895957946777344,0.9642869830131532,-0.4498322606086731,0.0169787183403968,0.014707188776490736,0.029908087731181917,0.00402716896538449,0.010331007589362423,0.9642869216408202,0.9261114846649733,0.01697872061730477,0.0336494200144823,2,notumor,0.9642869216408202,0.18853379641276247,2,notumor,0.9261114846649733,0.3374254996263797
D3B_icdc_glioma,GLIOMA01-i_6454,1.3.6.1.4.1.14519.5.2.1.131202284249283473488626711122269899807,1.3.6.1.4.1.14519.5.2.1.14543132867466309601670285112662324635,RAGE FS +C TRANS,MP RAGE FS +C,HEAD,glioma,collection_level_icdc_glioma,data/processed/D3B_icdc_glioma_selected_slices/GLIOMA01-i_6454/GLIOMA01-i_6454__112662324635__central05_idx0023.png,data/raw/D3B_icdc_glioma/1.3.6.1.4.1.14519.5.2.1.14543132867466309601670285112662324635/1-24.dcm,5,23,42,2,notumor,0.8643164038658142,0.054146759212017,0.507599103578096,0.0427044853568077,0.054146759212017,-2.3045544624328613,0.0051781041547656,2.8129453659057617,0.8643164038658142,0.3864490985870361,0.076358750462532,0.05414675338837148,0.08207334359507788,0.005178104527462144,0.011956926370777518,0.8643163920772973,0.7971480165718038,0.0763587500068692,0.10882171346234078,2,notumor,0.8643163920772973,0.5075991033616948,2,notumor,0.7971480165718038,0.680218409210237
D3B_icdc_glioma,GLIOMA01-i_A71E,1.3.6.1.4.1.14519.5.2.1.103043962838632210500037872750432735043,1.3.6.1.4.1.14519.5.2.1.14701725966354560681293302391612854512,T1/T/SE  +C,T1/T/SE  +C,HEAD,glioma,collection_level_icdc_glioma,data/processed/D3B_icdc_glioma_selected_slices/GLIOMA01-i_A71E/GLIOMA01-i_A71E__391612854512__central01_idx0008.png,data/raw/D3B_icdc_glioma/1.3.6.1.4.1.14519.5.2.1.14701725966354560681293302391612854512/1-09.dcm,1,8,20,0,glioma,0.9228929877281188,0.9228929877281188,0.3072668259503653,3.236202955245972,0.9228929877281188,0.5865997672080994,0.0652293860912323,-1.172014832496643,0.0112379379570484,-4.038013458251953,0.0006397336255759,0.9228929427784038,0.8748337328918216,0.0652293845974728,0.09944545802582258,0.011237938854440327,0.023485516310522547,0.0006397337696828586,0.00223529277183319,0,glioma,0.9228929427784038,0.30726686875548936,0,glioma,0.8748337328918216,0.4482643903998258
D3B_icdc_glioma,GLIOMA01-i_A71E,1.3.6.1.4.1.14519.5.2.1.103043962838632210500037872750432735043,1.3.6.1.4.1.14519.5.2.1.14701725966354560681293302391612854512,T1/T/SE  +C,T1/T/SE  +C,HEAD,glioma,collection_level_icdc_glioma,data/processed/D3B_icdc_glioma_selected_slices/GLIOMA01-i_A71E/GLIOMA01-i_A71E__391612854512__central02_idx0009.png,data/raw/D3B_icdc_glioma/1.3.6.1.4.1.14519.5.2.1.14701725966354560681293302391612854512/1-10.dcm,2,9,20,0,glioma,0.993877112865448,0.993877112865448,0.0402347967844423,5.2003374099731445,0.993877112865448,-2.0441367626190186,0.0007097369525581,-0.0431516990065574,0.0052494551055133,-3.5110676288604736,0.0001636883098399,0.9938771185106724,0.9833518131270517,0.0007097371442889019,0.0025746499904130402,0.005249456076742334,0.013301048670495839,0.00016368826829633523,0.000772488212039244,0,glioma,0.9938771185106724,0.04023479617907463,0,glioma,0.9833518131270517,0.09485393443063674
D3B_icdc_glioma,GLIOMA01-i_A71E,1.3.6.1.4.1.14519.5.2.1.103043962838632210500037872750432735043,1.3.6.1.4.1.14519.5.2.1.14701725966354560681293302391612854512,T1/T/SE  +C,T1/T/SE  +C,HEAD,glioma,collection_level_icdc_glioma,data/processed/D3B_icdc_glioma_selected_slices/GLIOMA01-i_A71E/GLIOMA01-i_A71E__391612854512__central03_idx0010.png,data/raw/D3B_icdc_glioma/1.3.6.1.4.1.14519.5.2.1.14701725966354560681293302391612854512/1-11.dcm,3,10,20,0,glioma,0.9111868739128112,0.9111868739128112,0.3642590844799233,3.077581882476806,0.9111868739128112,-0.218407317996025,0.0337425209581851,0.2507568895816803,0.0539427362382411,-3.616878271102905,0.0011278218589723,0.9111869181597753,0.8552295699221976,0.03374252309469484,0.05719588707904878,0.05394273723892034,0.08405795455563896,0.0011278215066096347,0.003516588443114771,0,glioma,0.9111869181597753,0.36425904933421016,0,glioma,0.8552295699221976,0.5254164942703636
D3B_icdc_glioma,GLIOMA01-i_A71E,1.3.6.1.4.1.14519.5.2.1.103043962838632210500037872750432735043,1.3.6.1.4.1.14519.5.2.1.14701725966354560681293302391612854512,T1/T/SE  +C,T1/T/SE  +C,HEAD,glioma,collection_level_icdc_glioma,data/processed/D3B_icdc_glioma_selected_slices/GLIOMA01-i_A71E/GLIOMA01-i_A71E__391612854512__central04_idx0011.png,data/raw/D3B_icdc_glioma/1.3.6.1.4.1.14519.5.2.1.14701725966354560681293302391612854512/1-12.dcm,4,11,20,1,meningioma,0.5356152653694153,0.2569908499717712,1.0232725274044578,0.9456464052200316,0.2569908499717712,1.680022120475769,0.5356152653694153,0.7192082405090332,0.2049164324998855,-3.696183204650879,0.0024774027988314,0.2569908478610505,0.27177059401705767,0.5356153045945826,0.4965237925799314,0.20491644447284335,0.22568257180380286,0.002477403071523656,0.006023041599208194,1,meningioma,0.5356153045945826,1.0232725202815722,1,meningioma,0.4965237925799314,1.0684377419480195
D3B_icdc_glioma,GLIOMA01-i_A71E,1.3.6.1.4.1.14519.5.2.1.103043962838632210500037872750432735043,1.3.6.1.4.1.14519.5.2.1.14701725966354560681293302391612854512,T1/T/SE  +C,T1/T/SE  +C,HEAD,glioma,collection_level_icdc_glioma,data/processed/D3B_icdc_glioma_selected_slices/GLIOMA01-i_A71E/GLIOMA01-i_A71E__391612854512__central05_idx0012.png,data/raw/D3B_icdc_glioma/1.3.6.1.4.1.14519.5.2.1.14701725966354560681293302391612854512/1-13.dcm,5,12,20,0,glioma,0.9063825607299804,0.9063825607299804,0.3789516404170708,3.2278859615325928,0.9063825607299804,0.3376323282718658,0.0503605417907238,0.1697126924991607,0.0425758995115757,-3.965827226638794,0.0006809600163251,0.9063826070735564,0.8493851740781141,0.05036053775068922,0.07924909139962806,0.042575895145758845,0.06904724260134101,0.0006809600299953912,0.002318491920916731,0,glioma,0.9063826070735564,0.3789515812662539,0,glioma,0.8493851740781141,0.5381915787475977
D3B_icdc_glioma,GLIOMA01-i_E952,1.3.6.1.4.1.14519.5.2.1.117926907228339261453178550732951473986,1.3.6.1.4.1.14519.5.2.1.149772195201549816296268757789670216014,BRAIN/T1_TRANS,,HEAD,glioma,collection_level_icdc_glioma,data/processed/D3B_icdc_glioma_selected_slices/GLIOMA01-i_E952/GLIOMA01-i_E952__789670216014__central01_idx0007.png,data/raw/D3B_icdc_glioma/1.3.6.1.4.1.14519.5.2.1.149772195201549816296268757789670216014/1-08.dcm,1,7,19,1,meningioma,0.961666703224182,0.028302002698183,0.1906868752237078,-0.307127833366394,0.028302002698183,3.2186076641082764,0.961666703224182,-1.6870626211166382,0.0071206409484148,-2.581682682037353,0.0029106538277119,0.028301998914766646,0.05119791518703822,0.9616667074278714,0.9243866655396147,0.007120640273507307,0.01649802907102847,0.002910653383854719,0.007917390202318589,1,meningioma,0.9616667074278714,0.1906868566701978,1,meningioma,0.9243866655396147,0.3308690581859611
D3B_icdc_glioma,GLIOMA01-i_E952,1.3.6.1.4.1.14519.5.2.1.117926907228339261453178550732951473986,1.3.6.1.4.1.14519.5.2.1.149772195201549816296268757789670216014,BRAIN/T1_TRANS,,HEAD,glioma,collection_level_icdc_glioma,data/processed/D3B_icdc_glioma_selected_slices/GLIOMA01-i_E952/GLIOMA01-i_E952__789670216014__central02_idx0008.png,data/raw/D3B_icdc_glioma/1.3.6.1.4.1.14519.5.2.1.149772195201549816296268757789670216014/1-09.dcm,2,8,19,1,meningioma,0.509494423866272,0.011022170074284,0.7827289167175573,-2.06174635887146,0.011022170074284,1.771763801574707,0.509494423866272,1.696099042892456,0.4723660051822662,-2.499114751815796,0.00711738364771,0.011022170554726778,0.021374226125136373,0.5094944246493559,0.49680417810126387,0.47236601998279715,0.4668933535194569,0.007117384813120196,0.01492824225414276,1,meningioma,0.5094944246493559,0.7827289190455322,1,meningioma,0.49680417810126387,0.8481172570347412
D3B_icdc_glioma,GLIOMA01-i_E952,1.3.6.1.4.1.14519.5.2.1.117926907228339261453178550732951473986,1.3.6.1.4.1.14519.5.2.1.149772195201549816296268757789670216014,BRAIN/T1_TRANS,,HEAD,glioma,collection_level_icdc_glioma,data/processed/D3B_icdc_glioma_selected_slices/GLIOMA01-i_E952/GLIOMA01-i_E952__789670216014__central03_idx0009.png,data/raw/D3B_icdc_glioma/1.3.6.1.4.1.14519.5.2.1.149772195201549816296268757789670216014/1-10.dcm,3,9,19,2,notumor,0.8750030398368835,0.0277225412428379,0.5022464538827655,-1.077470064163208,0.0277225412428379,-0.1774341017007827,0.0681888908147811,2.374511480331421,0.8750030398368835,-1.029478669166565,0.0290854256600141,0.02772254306309854,0.047330607055747646,0.06818890536403288,0.0990654831975212,0.8750031231813825,0.8043720086750762,0.029085428391486173,0.04923190107165506,2,notumor,0.8750031231813825,0.5022464178269188,2,notumor,0.8043720086750762,0.6967777584937748
D3B_icdc_glioma,GLIOMA01-i_E952,1.3.6.1.4.1.14519.5.2.1.117926907228339261453178550732951473986,1.3.6.1.4.1.14519.5.2.1.149772195201549816296268757789670216014,BRAIN/T1_TRANS,,HEAD,glioma,collection_level_icdc_glioma,data/processed/D3B_icdc_glioma_selected_slices/GLIOMA01-i_E952/GLIOMA01-i_E952__789670216014__central04_idx0010.png,data/raw/D3B_icdc_glioma/1.3.6.1.4.1.14519.5.2.1.149772195201549816296268757789670216014/1-11.dcm,4,10,19,1,meningioma,0.3762554228305816,0.2231369316577911,1.3461955032384736,-0.0948367267847061,0.2231369316577911,0.4276459217071533,0.3762554228305816,-0.1573522090911865,0.2096145004034042,-0.2503848075866699,0.1909931302070617,0.22313692687901482,0.22906705996193935,0.37625543208597184,0.35170601381870653,0.20961449856516975,0.21761138095443788,0.19099314246984353,0.20161554526491626,1,meningioma,0.37625543208597184,1.3461955076453558,1,meningioma,0.35170601381870653,1.3598366698257658
D3B_icdc_glioma,GLIOMA01-i_E952,1.3.6.1.4.1.14519.5.2.1.117926907228339261453178550732951473986,1.3.6.1.4.1.14519.5.2.1.149772195201549816296268757789670216014,BRAIN/T1_TRANS,,HEAD,glioma,collection_level_icdc_glioma,data/processed/D3B_icdc_glioma_selected_slices/GLIOMA01-i_E952/GLIOMA01-i_E952__789670216014__central05_idx0011.png,data/raw/D3B_icdc_glioma/1.3.6.1.4.1.14519.5.2.1.149772195201549816296268757789670216014/1-12.dcm,5,11,19,1,meningioma,0.613150417804718,0.3640725016593933,0.7644646119229935,1.6223937273025513,0.3640725016593933,2.143651008605957,0.613150417804718,-1.3408914804458618,0.0188039690256118,-2.895397901535034,0.0039731576107442,0.3640724801763042,0.37789291416062615,0.6131503962627596,0.5796277510215228,0.018803965180061628,0.033206974202154835,0.0039731583808746244,0.009272360615696267,1,meningioma,0.6131503962627596,0.7644646147561729,1,meningioma,0.5796277510215228,0.8403263892577679
D3B_icdc_glioma,GLIOMA01-i_2C4F,1.3.6.1.4.1.14519.5.2.1.291980711097592015449079747618518953007,1.3.6.1.4.1.14519.5.2.1.151890012878496215654971844639837033156,RAGE FS TRANS +C,MP RAGE FS +C,HEAD,glioma,collection_level_icdc_glioma,data/processed/D3B_icdc_glioma_selected_slices/GLIOMA01-i_2C4F/GLIOMA01-i_2C4F__639837033156__central01_idx0029.png,data/raw/D3B_icdc_glioma/1.3.6.1.4.1.14519.5.2.1.151890012878496215654971844639837033156/1-30.dcm,1,29,62,1,meningioma,0.9046031832695008,0.0689394772052764,0.3772292524704662,0.3654274940490722,0.0689394772052764,2.939694881439209,0.9046031832695008,-0.6548869013786316,0.0248514115810394,-3.394139528274536,0.0016058636829257,0.06893948224346974,0.1025821071359783,0.9046032395217168,0.8483242452032387,0.024851414075848205,0.04440410248543308,0.0016058641589652327,0.004689545175350003,1,meningioma,0.9046032395217168,0.3772292196045761,1,meningioma,0.8483242452032387,0.5365722063655467
D3B_icdc_glioma,GLIOMA01-i_2C4F,1.3.6.1.4.1.14519.5.2.1.291980711097592015449079747618518953007,1.3.6.1.4.1.14519.5.2.1.151890012878496215654971844639837033156,RAGE FS TRANS +C,MP RAGE FS +C,HEAD,glioma,collection_level_icdc_glioma,data/processed/D3B_icdc_glioma_selected_slices/GLIOMA01-i_2C4F/GLIOMA01-i_2C4F__639837033156__central02_idx0030.png,data/raw/D3B_icdc_glioma/1.3.6.1.4.1.14519.5.2.1.151890012878496215654971844639837033156/1-31.dcm,2,30,62,0,glioma,0.462681233882904,0.462681233882904,0.9589032510480958,1.5694782733917236,0.462681233882904,1.5100497007369995,0.4359858632087707,0.0345346480607986,0.0996929332613945,-4.072883605957031,0.0016399680171161,0.4626812496318493,0.4452561747940977,0.4359858543295311,0.4240617628410061,0.09969292842814508,0.12634070692184074,0.0016399676104744145,0.004341355443055466,0,glioma,0.4626812496318493,0.9589032404335415,0,glioma,0.4452561747940977,1.009037038804899
D3B_icdc_glioma,GLIOMA01-i_2C4F,1.3.6.1.4.1.14519.5.2.1.291980711097592015449079747618518953007,1.3.6.1.4.1.14519.5.2.1.151890012878496215654971844639837033156,RAGE FS TRANS +C,MP RAGE FS +C,HEAD,glioma,collection_level_icdc_glioma,data/processed/D3B_icdc_glioma_selected_slices/GLIOMA01-i_2C4F/GLIOMA01-i_2C4F__639837033156__central03_idx0031.png,data/raw/D3B_icdc_glioma/1.3.6.1.4.1.14519.5.2.1.151890012878496215654971844639837033156/1-32.dcm,3,31,62,1,meningioma,0.6212265491485596,0.3561029732227325,0.7520798324940168,1.8192989826202397,0.3561029732227325,2.37577486038208,0.6212265491485596,-0.9620975255966188,0.022061264142394,-4.551563262939453,0.0006091795512475,0.3561029869544751,0.3722726829643918,0.6212265660004566,0.5877515605809318,0.022061267519561376,0.03797942345529742,0.000609179525506959,0.0019963329993789663,1,meningioma,0.6212265660004566,0.7520798334496829,1,meningioma,0.5877515605809318,0.8168442295947459
D3B_icdc_glioma,GLIOMA01-i_2C4F,1.3.6.1.4.1.14519.5.2.1.291980711097592015449079747618518953007,1.3.6.1.4.1.14519.5.2.1.151890012878496215654971844639837033156,RAGE FS TRANS +C,MP RAGE FS +C,HEAD,glioma,collection_level_icdc_glioma,data/processed/D3B_icdc_glioma_selected_slices/GLIOMA01-i_2C4F/GLIOMA01-i_2C4F__639837033156__central04_idx0032.png,data/raw/D3B_icdc_glioma/1.3.6.1.4.1.14519.5.2.1.151890012878496215654971844639837033156/1-33.dcm,4,32,62,1,meningioma,0.6868564486503601,0.2260913848876953,0.8191115024864192,0.8738808631896973,0.2260913848876953,1.9850668907165527,0.6868564486503601,-0.1134454384446144,0.0842351987957954,-3.511399269104004,0.0028169623110443,0.2260913862285262,0.2524512003347637,0.6868564434648157,0.6283669915151744,0.08423520788463994,0.11227579815956193,0.002816962422018152,0.006906009990499869,1,meningioma,0.6868564434648157,0.8191115203157815,1,meningioma,0.6283669915151744,0.9193515006853321
D3B_icdc_glioma,GLIOMA01-i_2C4F,1.3.6.1.4.1.14519.5.2.1.291980711097592015449079747618518953007,1.3.6.1.4.1.14519.5.2.1.151890012878496215654971844639837033156,RAGE FS TRANS +C,MP RAGE FS +C,HEAD,glioma,collection_level_icdc_glioma,data/processed/D3B_icdc_glioma_selected_slices/GLIOMA01-i_2C4F/GLIOMA01-i_2C4F__639837033156__central05_idx0033.png,data/raw/D3B_icdc_glioma/1.3.6.1.4.1.14519.5.2.1.151890012878496215654971844639837033156/1-34.dcm,5,33,62,1,meningioma,0.5815967917442322,0.1652983427047729,1.0019833646248486,0.1697803139686584,0.1652983427047729,1.4278056621551514,0.5815967917442322,0.5563336610794067,0.2433024793863296,-2.655344009399414,0.0098024019971489,0.1652983523475025,0.18940934710783075,0.5815967774184473,0.5318290830063178,0.24330246572390193,0.2601190914579425,0.009802404510148173,0.01864247842790893,1,meningioma,0.5815967774184473,1.001983382361804,1,meningioma,0.5318290830063178,1.075482871232786
D3B_icdc_glioma,GLIOMA01-i_51A5,1.3.6.1.4.1.14519.5.2.1.237825955229018344850174911332763633144,1.3.6.1.4.1.14519.5.2.1.152746322830901759275276801603448021196,MP RAGE FS +C,MP RAGE FS +C,HEAD,glioma,collection_level_icdc_glioma,data/processed/D3B_icdc_glioma_selected_slices/GLIOMA01-i_51A5/GLIOMA01-i_51A5__603448021196__central01_idx0126.png,data/raw/D3B_icdc_glioma/1.3.6.1.4.1.14519.5.2.1.152746322830901759275276801603448021196/1-127.dcm,1,126,256,2,notumor,0.9988974332809448,0.0004662653955165,0.0097743352685247,-1.8194727897644043,0.0004662653955165,-1.9442214965820312,0.0004115811607334,5.850179672241211,0.9988974332809448,-2.5496792793273926,0.0002246511867269,0.0004662653954248681,0.0018386956036364587,0.00041158118179557594,0.0016597717296571485,0.998897502329852,0.9954916796109838,0.0002246510929275441,0.0010098530557225405,2,notumor,0.998897502329852,0.009774265744098322,2,notumor,0.9954916796109838,0.03366977251863064
D3B_icdc_glioma,GLIOMA01-i_51A5,1.3.6.1.4.1.14519.5.2.1.237825955229018344850174911332763633144,1.3.6.1.4.1.14519.5.2.1.152746322830901759275276801603448021196,MP RAGE FS +C,MP RAGE FS +C,HEAD,glioma,collection_level_icdc_glioma,data/processed/D3B_icdc_glioma_selected_slices/GLIOMA01-i_51A5/GLIOMA01-i_51A5__603448021196__central02_idx0127.png,data/raw/D3B_icdc_glioma/1.3.6.1.4.1.14519.5.2.1.152746322830901759275276801603448021196/1-128.dcm,2,127,256,2,notumor,0.9987877011299132,0.0004768415237776,0.0106564114594914,-1.8141694068908687,0.0004768415237776,-1.8742313385009768,0.0004490446008276,5.832943916320801,0.9987877011299132,-2.3240067958831787,0.0002863877161871,0.00047684153568148353,0.0018723104264409618,0.0004490446355262024,0.0017822609220556104,0.9987877260287988,0.9951132673107536,0.00028638779999335285,0.0012321613407499656,2,notumor,0.9987877260287988,0.01065638750261907,2,notumor,0.9951132673107536,0.03616968782286995
D3B_icdc_glioma,GLIOMA01-i_51A5,1.3.6.1.4.1.14519.5.2.1.237825955229018344850174911332763633144,1.3.6.1.4.1.14519.5.2.1.152746322830901759275276801603448021196,MP RAGE FS +C,MP RAGE FS +C,HEAD,glioma,collection_level_icdc_glioma,data/processed/D3B_icdc_glioma_selected_slices/GLIOMA01-i_51A5/GLIOMA01-i_51A5__603448021196__central03_idx0128.png,data/raw/D3B_icdc_glioma/1.3.6.1.4.1.14519.5.2.1.152746322830901759275276801603448021196/1-129.dcm,3,128,256,2,notumor,0.9965792298316956,0.00157639849931,0.0262386326536199,-1.2888237237930298,0.00157639849931,-1.4213237762451172,0.0013807717477902,5.160362243652344,0.9965792298316956,-2.512546300888061,0.0004636709636542,0.0015763981711157755,0.004972120395223245,0.0013807717109756,0.004459821919142594,0.996579159090527,0.9887466936678756,0.00046367102738163486,0.0018213640177586227,2,notumor,0.996579159090527,0.02623870158271687,2,notumor,0.9887466936678756,0.0731903349598907
D3B_icdc_glioma,GLIOMA01-i_51A5,1.3.6.1.4.1.14519.5.2.1.237825955229018344850174911332763633144,1.3.6.1.4.1.14519.5.2.1.152746322830901759275276801603448021196,MP RAGE FS +C,MP RAGE FS +C,HEAD,glioma,collection_level_icdc_glioma,data/processed/D3B_icdc_glioma_selected_slices/GLIOMA01-i_51A5/GLIOMA01-i_51A5__603448021196__central04_idx0129.png,data/raw/D3B_icdc_glioma/1.3.6.1.4.1.14519.5.2.1.152746322830901759275276801603448021196/1-130.dcm,4,129,256,2,notumor,0.995837926864624,0.002630672417581,0.0307249425288286,-0.7556151747703552,0.002630672417581,-1.776848554611206,0.00094743759837,5.180729866027832,0.995837926864624,-2.2607266902923584,0.0005839895457029,0.002630672331102859,0.007560348170868873,0.0009474378601619888,0.0032701354617901838,0.9958379001843642,0.9869711120949947,0.0005839896243709383,0.0021984042723463314,2,notumor,0.9958379001843642,0.03072497073836692,2,notumor,0.9869711120949947,0.08204373934531951
D3B_icdc_glioma,GLIOMA01-i_51A5,1.3.6.1.4.1.14519.5.2.1.237825955229018344850174911332763633144,1.3.6.1.4.1.14519.5.2.1.152746322830901759275276801603448021196,MP RAGE FS +C,MP RAGE FS +C,HEAD,glioma,collection_level_icdc_glioma,data/processed/D3B_icdc_glioma_selected_slices/GLIOMA01-i_51A5/GLIOMA01-i_51A5__603448021196__central05_idx0130.png,data/raw/D3B_icdc_glioma/1.3.6.1.4.1.14519.5.2.1.152746322830901759275276801603448021196/1-131.dcm,5,130,256,2,notumor,0.8191582560539246,0.1502051353454589,0.5645202306888728,1.1008883714675903,0.1502051353454589,-0.588099479675293,0.0277438461780548,2.797163724899292,0.8191582560539246,-2.848899602890014,0.0028927682433277,0.1502051360614043,0.18824189976747557,0.027743846904054903,0.047070304537422974,0.8191582486584912,0.7573260793566982,0.002892768376049565,0.007361716338403338,2,notumor,0.8191582486584912,0.5645202397700217,2,notumor,0.7573260793566982,0.7048854888385941
D3B_icdc_glioma,GLIOMA01-i_B02B,1.3.6.1.4.1.14519.5.2.1.48000078879291226449747674378581962603,1.3.6.1.4.1.14519.5.2.1.158450620566163718321055713384281015557,O-Ax T1 SE S,,HEAD,glioma,collection_level_icdc_glioma,data/processed/D3B_icdc_glioma_selected_slices/GLIOMA01-i_B02B/GLIOMA01-i_B02B__384281015557__central01_idx0007.png,data/raw/D3B_icdc_glioma/1.3.6.1.4.1.14519.5.2.1.158450620566163718321055713384281015557/1-08.dcm,1,7,19,1,meningioma,0.8705171346664429,0.0855092331767082,0.4925545946267036,-0.0064361859112977,0.0855092331767082,2.314027070999145,0.8705171346664429,-0.9445969462394714,0.0334637686610221,-2.102740526199341,0.0105099231004714,0.08550921414244356,0.11966237361482747,0.870517092945658,0.8035075802328016,0.033463770552059464,0.05541015070462296,0.010509922359839054,0.021419895447748152,1,meningioma,0.870517092945658,0.4925546046887678,1,meningioma,0.8035075802328016,0.6724623218919398
D3B_icdc_glioma,GLIOMA01-i_B02B,1.3.6.1.4.1.14519.5.2.1.48000078879291226449747674378581962603,1.3.6.1.4.1.14519.5.2.1.158450620566163718321055713384281015557,O-Ax T1 SE S,,HEAD,glioma,collection_level_icdc_glioma,data/processed/D3B_icdc_glioma_selected_slices/GLIOMA01-i_B02B/GLIOMA01-i_B02B__384281015557__central02_idx0008.png,data/raw/D3B_icdc_glioma/1.3.6.1.4.1.14519.5.2.1.158450620566163718321055713384281015557/1-09.dcm,2,8,19,1,meningioma,0.905198574066162,0.056117907166481,0.4040811981095903,-0.1639152318239212,0.056117907166481,2.61678409576416,0.905198574066162,-1.1048740148544312,0.0219002068042755,-1.3709819316864014,0.0167833659797906,0.05611790648777695,0.08598674474299425,0.9051985192369341,0.8423563003828606,0.02190020871842396,0.039725190406742335,0.01678336555686497,0.031931764467403,1,meningioma,0.9051985192369341,0.40408125029618847,1,meningioma,0.8423563003828606,0.5936041254026887
D3B_icdc_glioma,GLIOMA01-i_B02B,1.3.6.1.4.1.14519.5.2.1.48000078879291226449747674378581962603,1.3.6.1.4.1.14519.5.2.1.158450620566163718321055713384281015557,O-Ax T1 SE S,,HEAD,glioma,collection_level_icdc_glioma,data/processed/D3B_icdc_glioma_selected_slices/GLIOMA01-i_B02B/GLIOMA01-i_B02B__384281015557__central03_idx0009.png,data/raw/D3B_icdc_glioma/1.3.6.1.4.1.14519.5.2.1.158450620566163718321055713384281015557/1-10.dcm,3,9,19,2,notumor,0.925280749797821,0.0109837837517261,0.3226490097321222,-1.414667725563049,0.0109837837517261,-1.624515414237976,0.0089046359062194,3.019009590148926,0.925280749797821,0.1931657940149307,0.0548308715224266,0.010983782274574234,0.02292542460891049,0.008904637046721408,0.019298605575320236,0.9252807101699536,0.8720005998787517,0.05483087050875067,0.0857753699370176,2,notumor,0.9252807101699536,0.3226490434102717,2,notumor,0.8720005998787517,0.4928407008467779
D3B_icdc_glioma,GLIOMA01-i_B02B,1.3.6.1.4.1.14519.5.2.1.48000078879291226449747674378581962603,1.3.6.1.4.1.14519.5.2.1.158450620566163718321055713384281015557,O-Ax T1 SE S,,HEAD,glioma,collection_level_icdc_glioma,data/processed/D3B_icdc_glioma_selected_slices/GLIOMA01-i_B02B/GLIOMA01-i_B02B__384281015557__central04_idx0010.png,data/raw/D3B_icdc_glioma/1.3.6.1.4.1.14519.5.2.1.158450620566163718321055713384281015557/1-11.dcm,4,10,19,2,notumor,0.6468736529350281,0.2205940783023834,0.9747109998764424,0.4112217426300049,0.2205940783023834,-0.7399088144302368,0.0697692707180976,1.4870485067367554,0.6468736529350281,-0.845737636089325,0.0627629533410072,0.22059408422839755,0.24020368776386167,0.06976927542236301,0.09339146446119233,0.6468736916180221,0.5807821484611145,0.06276294873121736,0.08562269931383144,2,notumor,0.6468736916180221,0.9747109807438956,2,notumor,0.5807821484611145,1.0900508567786646
D3B_icdc_glioma,GLIOMA01-i_B02B,1.3.6.1.4.1.14519.5.2.1.48000078879291226449747674378581962603,1.3.6.1.4.1.14519.5.2.1.158450620566163718321055713384281015557,O-Ax T1 SE S,,HEAD,glioma,collection_level_icdc_glioma,data/processed/D3B_icdc_glioma_selected_slices/GLIOMA01-i_B02B/GLIOMA01-i_B02B__384281015557__central05_idx0011.png,data/raw/D3B_icdc_glioma/1.3.6.1.4.1.14519.5.2.1.158450620566163718321055713384281015557/1-12.dcm,5,11,19,2,notumor,0.4956367909908294,0.0354873463511467,1.1457836359552118,-1.7209725379943848,0.0354873463511467,0.1099762916564941,0.2214340567588806,0.9156948328018188,0.4956367909908294,0.2210269123315811,0.2474417984485626,0.03548733979524056,0.05230245815318232,0.22143405765114219,0.23501060511592817,0.49563678897548996,0.4552523920462302,0.24744181357812722,0.2574345446846593,2,notumor,0.49563678897548996,1.1457836276774744,2,notumor,0.4552523920462302,1.2022297937124997
D3B_icdc_glioma,GLIOMA01-i_8228,1.3.6.1.4.1.14519.5.2.1.291836991082241242236980188284146645457,1.3.6.1.4.1.14519.5.2.1.160517712131822755904251928055723278732,MP RAGE TRANS +C,MP RAGE FS +C,HEAD,glioma,collection_level_icdc_glioma,data/processed/D3B_icdc_glioma_selected_slices/GLIOMA01-i_8228/GLIOMA01-i_8228__055723278732__central01_idx0022.png,data/raw/D3B_icdc_glioma/1.3.6.1.4.1.14519.5.2.1.160517712131822755904251928055723278732/1-23.dcm,1,22,49,2,notumor,0.8839386701583862,0.0799493864178657,0.4527605310675907,0.2003058940172195,0.0799493864178657,-0.939247727394104,0.0255807470530271,2.603299856185913,0.8839386701583862,-1.8267364501953125,0.0105312941595911,0.07994937501100817,0.11405995019949784,0.025580747060463687,0.044769970526456204,0.8839385831681343,0.8195589002314994,0.010531294760393661,0.021611179042546648,2,notumor,0.8839385831681343,0.4527605920697899,2,notumor,0.8195589002314994,0.6326452143184592
D3B_icdc_glioma,GLIOMA01-i_8228,1.3.6.1.4.1.14519.5.2.1.291836991082241242236980188284146645457,1.3.6.1.4.1.14519.5.2.1.160517712131822755904251928055723278732,MP RAGE TRANS +C,MP RAGE FS +C,HEAD,glioma,collection_level_icdc_glioma,data/processed/D3B_icdc_glioma_selected_slices/GLIOMA01-i_8228/GLIOMA01-i_8228__055723278732__central02_idx0023.png,data/raw/D3B_icdc_glioma/1.3.6.1.4.1.14519.5.2.1.160517712131822755904251928055723278732/1-24.dcm,2,23,49,2,notumor,0.5697541832923889,0.1922159492969513,1.0143904967218005,0.4047174453735351,0.1922159492969513,0.5840231776237488,0.2299645543098449,1.4913030862808228,0.5697541832923889,-2.7663354873657227,0.0080652656033635,0.19221594592367347,0.21404376169790543,0.22996455551904157,0.24797541519474137,0.5697542339076943,0.5221204649844086,0.008065264649590693,0.015860358122944708,2,notumor,0.5697542339076943,1.0143904693149557,2,notumor,0.5221204649844086,1.080775613560797
D3B_icdc_glioma,GLIOMA01-i_8228,1.3.6.1.4.1.14519.5.2.1.291836991082241242236980188284146645457,1.3.6.1.4.1.14519.5.2.1.160517712131822755904251928055723278732,MP RAGE TRANS +C,MP RAGE FS +C,HEAD,glioma,collection_level_icdc_glioma,data/processed/D3B_icdc_glioma_selected_slices/GLIOMA01-i_8228/GLIOMA01-i_8228__055723278732__central03_idx0024.png,data/raw/D3B_icdc_glioma/1.3.6.1.4.1.14519.5.2.1.160517712131822755904251928055723278732/1-25.dcm,3,24,49,2,notumor,0.5527610182762146,0.1940926164388656,1.0443025344725845,0.2920312881469726,0.1940926164388656,0.5058218240737915,0.2403571903705597,1.3386214971542358,0.5527610182762146,-2.427705764770508,0.0127891646698117,0.19409263416518752,0.21460845488717817,0.2403571823378804,0.2557664345137333,0.5527610164532549,0.5065942605419572,0.012789167043677163,0.0230308500571312,2,notumor,0.5527610164532549,1.0443025511046442,2,notumor,0.5065942605419572,1.1103590166008757
D3B_icdc_glioma,GLIOMA01-i_8228,1.3.6.1.4.1.14519.5.2.1.291836991082241242236980188284146645457,1.3.6.1.4.1.14519.5.2.1.160517712131822755904251928055723278732,MP RAGE TRANS +C,MP RAGE FS +C,HEAD,glioma,collection_level_icdc_glioma,data/processed/D3B_icdc_glioma_selected_slices/GLIOMA01-i_8228/GLIOMA01-i_8228__055723278732__central04_idx0025.png,data/raw/D3B_icdc_glioma/1.3.6.1.4.1.14519.5.2.1.160517712131822755904251928055723278732/1-26.dcm,4,25,49,2,notumor,0.9940372705459596,0.0018563047051429,0.0429686136677159,-1.6828693151474,0.0018563047051429,-1.7745379209518433,0.001693706260994,4.600317478179932,0.9940372705459596,-1.42067289352417,0.0024127913638949,0.0018563047810832116,0.005659317570531918,0.0016937063414087575,0.0052491938691904836,0.994037197665827,0.9820734936997227,0.0024127912116810603,0.007017994860554722,2,notumor,0.994037197665827,0.04296868618116462,2,notumor,0.9820734936997227,0.10940950229125042
D3B_icdc_glioma,GLIOMA01-i_8228,1.3.6.1.4.1.14519.5.2.1.291836991082241242236980188284146645457,1.3.6.1.4.1.14519.5.2.1.160517712131822755904251928055723278732,MP RAGE TRANS +C,MP RAGE FS +C,HEAD,glioma,collection_level_icdc_glioma,data/processed/D3B_icdc_glioma_selected_slices/GLIOMA01-i_8228/GLIOMA01-i_8228__055723278732__central05_idx0026.png,data/raw/D3B_icdc_glioma/1.3.6.1.4.1.14519.5.2.1.160517712131822755904251928055723278732/1-27.dcm,5,26,49,2,notumor,0.9914652705192566,0.0063002039678394,0.0555702827314474,-0.4053292870521545,0.0063002039678394,-2.3439202308654785,0.0009066407801583,4.65327262878418,0.9914652705192566,-1.9623228311538696,0.0013278864789754,0.006300203929904959,0.015383451970720993,0.0009066407973393678,0.0031341797257400266,0.991465268934673,0.9771956161222178,0.0013278863380825668,0.00428675218132107,2,notumor,0.991465268934673,0.055570283458943,2,notumor,0.9771956161222178,0.12820211676904436
D3B_icdc_glioma,GLIOMA01-i_C04D,1.3.6.1.4.1.14519.5.2.1.121345376366510123923307224527563758327,1.3.6.1.4.1.14519.5.2.1.163164444750352772952095286288968100907,Ax_T1_fl2d post,Ax_T1_fl2d post,HEAD,glioma,collection_level_icdc_glioma,data/processed/D3B_icdc_glioma_selected_slices/GLIOMA01-i_C04D/GLIOMA01-i_C04D__288968100907__central01_idx0013.png,data/raw/D3B_icdc_glioma/1.3.6.1.4.1.14519.5.2.1.163164444750352772952095286288968100907/1-14.dcm,1,13,30,2,notumor,0.9951901435852052,0.003688468132168,0.0338476108483125,-0.3420624732971191,0.003688468132168,-2.370230436325073,0.000485315133119,5.255660057067871,0.9951901435852052,-2.099811792373657,0.0006360120605677,0.003688468563986637,0.00997029247417448,0.00048531524260950995,0.0018873480736096876,0.9951902042713688,0.9857860547419564,0.0006360119220348028,0.002356304710259409,2,notumor,0.9951902042713688,0.033847552287096926,2,notumor,0.9857860547419564,0.08615274899878186
D3B_icdc_glioma,GLIOMA01-i_C04D,1.3.6.1.4.1.14519.5.2.1.121345376366510123923307224527563758327,1.3.6.1.4.1.14519.5.2.1.163164444750352772952095286288968100907,Ax_T1_fl2d post,Ax_T1_fl2d post,HEAD,glioma,collection_level_icdc_glioma,data/processed/D3B_icdc_glioma_selected_slices/GLIOMA01-i_C04D/GLIOMA01-i_C04D__288968100907__central02_idx0014.png,data/raw/D3B_icdc_glioma/1.3.6.1.4.1.14519.5.2.1.163164444750352772952095286288968100907/1-15.dcm,2,14,30,2,notumor,0.9967645406723022,0.002002278342843,0.0247862231835595,-0.8913729190826416,0.002002278342843,-2.0676043033599854,0.0006175806047394,5.318856239318848,0.9967645406723022,-2.0707924365997314,0.0006156148156151,0.0020022777395850874,0.006052981052968192,0.00061758042135677,0.0023054233431354407,0.9967645272111001,0.9893421962284398,0.0006156146279579231,0.002299399375456718,2,notumor,0.9967645272111001,0.024786231084638292,2,notumor,0.9893421962284398,0.06948337835627721
D3B_icdc_glioma,GLIOMA01-i_C04D,1.3.6.1.4.1.14519.5.2.1.121345376366510123923307224527563758327,1.3.6.1.4.1.14519.5.2.1.163164444750352772952095286288968100907,Ax_T1_fl2d post,Ax_T1_fl2d post,HEAD,glioma,collection_level_icdc_glioma,data/processed/D3B_icdc_glioma_selected_slices/GLIOMA01-i_C04D/GLIOMA01-i_C04D__288968100907__central03_idx0015.png,data/raw/D3B_icdc_glioma/1.3.6.1.4.1.14519.5.2.1.163164444750352772952095286288968100907/1-16.dcm,3,15,30,2,notumor,0.9763185381889344,0.0160604137927293,0.1319749811616526,-0.1106565743684768,0.0160604137927293,-1.3326112031936646,0.0047322590835392,3.996774911880493,0.9763185381889344,-1.8261594772338867,0.002888839226216,0.016060412111133685,0.032558965835090915,0.004732259292151907,0.01194416598051057,0.9763184902474636,0.9475306695998363,0.0028888383492508365,0.007966198584562045,2,notumor,0.9763184902474636,0.13197501934599476,2,notumor,0.9475306695998363,0.2539528376563728
D3B_icdc_glioma,GLIOMA01-i_C04D,1.3.6.1.4.1.14519.5.2.1.121345376366510123923307224527563758327,1.3.6.1.4.1.14519.5.2.1.163164444750352772952095286288968100907,Ax_T1_fl2d post,Ax_T1_fl2d post,HEAD,glioma,collection_level_icdc_glioma,data/processed/D3B_icdc_glioma_selected_slices/GLIOMA01-i_C04D/GLIOMA01-i_C04D__288968100907__central04_idx0016.png,data/raw/D3B_icdc_glioma/1.3.6.1.4.1.14519.5.2.1.163164444750352772952095286288968100907/1-17.dcm,4,16,30,2,notumor,0.921040952205658,0.0695882961153984,0.3107488438138482,0.9288370013237,0.0695882961153984,-1.4404935836791992,0.006509518250823,3.5117452144622803,0.921040952205658,-2.2625269889831543,0.0028611754532903,0.06958829316488221,0.10477233043597517,0.006509520297828811,0.014989857961009162,0.9210410115899039,0.8726026543008422,0.00286117494738512,0.007635157302173503,2,notumor,0.9210410115899039,0.31074879020260593,2,notumor,0.8726026543008422,0.4554611257270304
D3B_icdc_glioma,GLIOMA01-i_C04D,1.3.6.1.4.1.14519.5.2.1.121345376366510123923307224527563758327,1.3.6.1.4.1.14519.5.2.1.163164444750352772952095286288968100907,Ax_T1_fl2d post,Ax_T1_fl2d post,HEAD,glioma,collection_level_icdc_glioma,data/processed/D3B_icdc_glioma_selected_slices/GLIOMA01-i_C04D/GLIOMA01-i_C04D__288968100907__central05_idx0017.png,data/raw/D3B_icdc_glioma/1.3.6.1.4.1.14519.5.2.1.163164444750352772952095286288968100907/1-18.dcm,5,17,30,2,notumor,0.9617374539375304,0.0280238427221775,0.1880492277491368,0.4871094226837158,0.0280238427221775,-0.6308414936065674,0.0091623673215508,4.0227952003479,0.9617374539375304,-2.7724287509918213,0.0010762872407212,0.028023845260437157,0.050834595608997564,0.009162369716560684,0.020310115227235945,0.9617374975540359,0.9253523474321148,0.0010762874689662684,0.003502941731651713,2,notumor,0.9617374975540359,0.18804920254510127,2,notumor,0.9253523474321148,0.3221820933032049
D3B_icdc_glioma,GLIOMA01-i_22C7,1.3.6.1.4.1.14519.5.2.1.152992029036613010740676062066624626963,1.3.6.1.4.1.14519.5.2.1.163314779069570050388187753612734791866,O-Ax T1 SE S,,HEAD,glioma,collection_level_icdc_glioma,data/processed/D3B_icdc_glioma_selected_slices/GLIOMA01-i_22C7/GLIOMA01-i_22C7__612734791866__central01_idx0007.png,data/raw/D3B_icdc_glioma/1.3.6.1.4.1.14519.5.2.1.163314779069570050388187753612734791866/1-08.dcm,1,7,18,1,meningioma,0.6710385084152222,0.3114188015460968,0.7135824020055808,1.6028274297714231,0.3114188015460968,2.3705153465271,0.6710385084152222,-1.7522532939910889,0.0108705591410398,-2.240372896194458,0.0066721220500767,0.3114187987212697,0.3351177111642377,0.6710385203750523,0.6292275459083606,0.010870556570064256,0.02135102669190353,0.006672124333613734,0.014303716235498042,1,meningioma,0.6710385203750523,0.7135823944485756,1,meningioma,0.6292275459083606,0.8007540093099956
D3B_icdc_glioma,GLIOMA01-i_22C7,1.3.6.1.4.1.14519.5.2.1.152992029036613010740676062066624626963,1.3.6.1.4.1.14519.5.2.1.163314779069570050388187753612734791866,O-Ax T1 SE S,,HEAD,glioma,collection_level_icdc_glioma,data/processed/D3B_icdc_glioma_selected_slices/GLIOMA01-i_22C7/GLIOMA01-i_22C7__612734791866__central02_idx0008.png,data/raw/D3B_icdc_glioma/1.3.6.1.4.1.14519.5.2.1.163314779069570050388187753612734791866/1-09.dcm,2,8,18,1,meningioma,0.7109683156013489,0.2098286896944046,0.8087185428622865,0.6281419396400452,0.2098286896944046,1.8484783172607424,0.7109683156013489,-0.5484181046485901,0.064698077738285,-2.0436666011810303,0.0145048480480909,0.20982871366246097,0.23726453612394405,0.7109683587054325,0.6459082670338474,0.0646980786243988,0.09034353165638785,0.014504849007707791,0.02648366518582084,1,meningioma,0.7109683587054325,0.8087185325621711,1,meningioma,0.6459082670338474,0.9370153170824203
D3B_icdc_glioma,GLIOMA01-i_22C7,1.3.6.1.4.1.14519.5.2.1.152992029036613010740676062066624626963,1.3.6.1.4.1.14519.5.2.1.163314779069570050388187753612734791866,O-Ax T1 SE S,,HEAD,glioma,collection_level_icdc_glioma,data/processed/D3B_icdc_glioma_selected_slices/GLIOMA01-i_22C7/GLIOMA01-i_22C7__612734791866__central03_idx0009.png,data/raw/D3B_icdc_glioma/1.3.6.1.4.1.14519.5.2.1.163314779069570050388187753612734791866/1-10.dcm,3,9,18,3,pituitary,0.4933636486530304,0.2751444876194,1.1515124029387862,0.5170547962188721,0.2751444876194,0.1457167416810989,0.1897976249456405,-1.369879126548767,0.0416942164301872,1.101004958152771,0.4933636486530304,0.2751444958693287,0.2805288995139464,0.1897976196349606,0.20683767303207135,0.041694218596732606,0.05962916063623643,0.4933636658989782,0.45300426681774586,3,pituitary,0.4933636658989782,1.151512401476345,3,pituitary,0.45300426681774586,1.2093575373574743
D3B_icdc_glioma,GLIOMA01-i_22C7,1.3.6.1.4.1.14519.5.2.1.152992029036613010740676062066624626963,1.3.6.1.4.1.14519.5.2.1.163314779069570050388187753612734791866,O-Ax T1 SE S,,HEAD,glioma,collection_level_icdc_glioma,data/processed/D3B_icdc_glioma_selected_slices/GLIOMA01-i_22C7/GLIOMA01-i_22C7__612734791866__central04_idx0010.png,data/raw/D3B_icdc_glioma/1.3.6.1.4.1.14519.5.2.1.163314779069570050388187753612734791866/1-11.dcm,4,10,18,0,glioma,0.4127096831798553,0.4127096831798553,1.3146868242896128,0.610533595085144,0.4127096831798553,-0.1228556334972381,0.1982155591249466,-0.3724038898944855,0.1544401943683624,0.0458188578486442,0.2346346378326416,0.4127096405570978,0.3812060048457692,0.1982155485533419,0.2088207853738473,0.1544401760356959,0.17015027483917392,0.23463463485386443,0.23982293494120957,0,glioma,0.4127096405570978,1.3146868054018401,0,glioma,0.3812060048457692,1.338493345559319
D3B_icdc_glioma,GLIOMA01-i_22C7,1.3.6.1.4.1.14519.5.2.1.152992029036613010740676062066624626963,1.3.6.1.4.1.14519.5.2.1.163314779069570050388187753612734791866,O-Ax T1 SE S,,HEAD,glioma,collection_level_icdc_glioma,data/processed/D3B_icdc_glioma_selected_slices/GLIOMA01-i_22C7/GLIOMA01-i_22C7__612734791866__central05_idx0011.png,data/raw/D3B_icdc_glioma/1.3.6.1.4.1.14519.5.2.1.163314779069570050388187753612734791866/1-12.dcm,5,11,18,1,meningioma,0.5425252318382263,0.1214466765522956,1.14994250537941,-0.302391767501831,0.1214466765522956,1.194367527961731,0.5425252318382263,0.4019113779067993,0.2456182390451431,-0.5975140333175659,0.090409830212593,0.12144668023637833,0.14320725460999825,0.5425252435015006,0.4891279219745606,0.2456182413412754,0.2552610233038729,0.09040983492084573,0.1124038001115681,1,meningioma,0.5425252435015006,1.1499425124666207,1,meningioma,0.4891279219745606,1.2223356935009841
D3B_icdc_glioma,GLIOMA01-i_92AC,1.3.6.1.4.1.14519.5.2.1.262037287295999917811561153033002459939,1.3.6.1.4.1.14519.5.2.1.164492230787269288393783520058980668450,O-Sag T1 SE S,"Brain, Head Coil/",HEAD,glioma,collection_level_icdc_glioma,data/processed/D3B_icdc_glioma_selected_slices/GLIOMA01-i_92AC/GLIOMA01-i_92AC__058980668450__central01_idx0008.png,data/raw/D3B_icdc_glioma/1.3.6.1.4.1.14519.5.2.1.164492230787269288393783520058980668450/1-09.dcm,1,8,20,1,meningioma,0.7701184749603271,0.0168409701436758,0.6927045208496198,-1.9209072589874268,0.0168409701436758,1.901822566986084,0.7701184749603271,0.4434919655323028,0.179148256778717,-1.221534013748169,0.0338922999799251,0.01684096873322323,0.030511062410519,0.7701184690013142,0.7029265861135634,0.1791482646995635,0.21239722522310372,0.03389229756589896,0.054165126252813854,1,meningioma,0.7701184690013142,0.6927045208452911,1,meningioma,0.7029265861135634,0.8412536502480397
D3B_icdc_glioma,GLIOMA01-i_92AC,1.3.6.1.4.1.14519.5.2.1.262037287295999917811561153033002459939,1.3.6.1.4.1.14519.5.2.1.164492230787269288393783520058980668450,O-Sag T1 SE S,"Brain, Head Coil/",HEAD,glioma,collection_level_icdc_glioma,data/processed/D3B_icdc_glioma_selected_slices/GLIOMA01-i_92AC/GLIOMA01-i_92AC__058980668450__central02_idx0009.png,data/raw/D3B_icdc_glioma/1.3.6.1.4.1.14519.5.2.1.164492230787269288393783520058980668450/1-10.dcm,2,9,20,1,meningioma,0.5006719827651978,0.0236600525677204,0.982218156637282,-1.6220468282699585,0.0236600525677204,1.4301161766052246,0.5006719827651978,-0.5772978067398071,0.0672580897808075,1.2264363765716553,0.4084098935127258,0.023660053606070944,0.03852865548790562,0.5006719664768633,0.47162854473285765,0.06725807904478333,0.09081154757557826,0.40840990087228246,0.39903125220365826,1,meningioma,0.5006719664768633,0.9822181454944414,1,meningioma,0.47162854473285765,1.0643720267565913
D3B_icdc_glioma,GLIOMA01-i_92AC,1.3.6.1.4.1.14519.5.2.1.262037287295999917811561153033002459939,1.3.6.1.4.1.14519.5.2.1.164492230787269288393783520058980668450,O-Sag T1 SE S,"Brain, Head Coil/",HEAD,glioma,collection_level_icdc_glioma,data/processed/D3B_icdc_glioma_selected_slices/GLIOMA01-i_92AC/GLIOMA01-i_92AC__058980668450__central03_idx0010.png,data/raw/D3B_icdc_glioma/1.3.6.1.4.1.14519.5.2.1.164492230787269288393783520058980668450/1-11.dcm,3,10,20,3,pituitary,0.6342909932136536,0.1081760451197624,1.0479841630219937,-0.5322624444961548,0.1081760451197624,-0.1219789385795593,0.1630477905273437,-0.6675792336463928,0.094485193490982,1.236485481262207,0.6342909932136536,0.10817603767471243,0.1321892886440455,0.16304779595422225,0.18510779708629452,0.09448518875555606,0.1182955039392434,0.6342909776155092,0.5644074103304166,3,pituitary,0.6342909776155092,1.0479841603854092,3,pituitary,0.5644074103304166,1.1550698094110312
D3B_icdc_glioma,GLIOMA01-i_92AC,1.3.6.1.4.1.14519.5.2.1.262037287295999917811561153033002459939,1.3.6.1.4.1.14519.5.2.1.164492230787269288393783520058980668450,O-Sag T1 SE S,"Brain, Head Coil/",HEAD,glioma,collection_level_icdc_glioma,data/processed/D3B_icdc_glioma_selected_slices/GLIOMA01-i_92AC/GLIOMA01-i_92AC__058980668450__central04_idx0011.png,data/raw/D3B_icdc_glioma/1.3.6.1.4.1.14519.5.2.1.164492230787269288393783520058980668450/1-12.dcm,4,11,20,0,glioma,0.429991602897644,0.429991602897644,1.225892134988082,0.3767472505569458,0.429991602897644,-1.363103270530701,0.0754835754632949,0.0880722776055336,0.3221736550331116,-0.5374841094017029,0.1723512113094329,0.4299915806368019,0.3998186528608268,0.07548357685501755,0.09588835865462593,0.32217364024898953,0.3154836778565031,0.17235120225919112,0.18880931062804412,0,glioma,0.4299915806368019,1.2258921318418576,0,glioma,0.3998186528608268,1.2700541516176096
D3B_icdc_glioma,GLIOMA01-i_92AC,1.3.6.1.4.1.14519.5.2.1.262037287295999917811561153033002459939,1.3.6.1.4.1.14519.5.2.1.164492230787269288393783520058980668450,O-Sag T1 SE S,"Brain, Head Coil/",HEAD,glioma,collection_level_icdc_glioma,data/processed/D3B_icdc_glioma_selected_slices/GLIOMA01-i_92AC/GLIOMA01-i_92AC__058980668450__central05_idx0012.png,data/raw/D3B_icdc_glioma/1.3.6.1.4.1.14519.5.2.1.164492230787269288393783520058980668450/1-13.dcm,5,12,20,1,meningioma,0.7317750453948975,0.1740406304597854,0.8004777972642227,0.1350393742322921,0.1740406304597854,1.5712237358093262,0.7317750453948975,-0.6839010715484619,0.076734259724617,-2.164902448654175,0.0174501277506351,0.1740406199961927,0.20358351917350465,0.7317749942472365,0.6616230765056323,0.07673425926649285,0.10395980235215097,0.017450126490078058,0.030833601968711984,1,meningioma,0.7317749942472365,0.8004778200469729,1,meningioma,0.6616230765056323,0.9399429729498184
D3B_icdc_glioma,GLIOMA01-i_6254,1.3.6.1.4.1.14519.5.2.1.166204587543697092243624330422808718866,1.3.6.1.4.1.14519.5.2.1.165326589964808104838461974404066766568,RAGE FS TRANS+C,MP RAGE FS +C,HEAD,glioma,collection_level_icdc_glioma,data/processed/D3B_icdc_glioma_selected_slices/GLIOMA01-i_6254/GLIOMA01-i_6254__404066766568__central01_idx0013.png,data/raw/D3B_icdc_glioma/1.3.6.1.4.1.14519.5.2.1.165326589964808104838461974404066766568/1-14.dcm,1,13,31,2,notumor,0.5519586801528931,0.0510107427835464,0.913492545974906,-0.7839370965957642,0.0510107427835464,1.2270137071609497,0.3810715675354004,1.5974997282028198,0.5519586801528931,-1.9459507465362549,0.0159589983522892,0.05101074940409052,0.07324256662782647,0.38107156300592254,0.3814899597856041,0.5519586907851927,0.5170438842039425,0.015958996804794377,0.028223589382626743,2,notumor,0.5519586907851927,0.9134925500454835,2,notumor,0.5170438842039425,1.0008319848489178
D3B_icdc_glioma,GLIOMA01-i_6254,1.3.6.1.4.1.14519.5.2.1.166204587543697092243624330422808718866,1.3.6.1.4.1.14519.5.2.1.165326589964808104838461974404066766568,RAGE FS TRANS+C,MP RAGE FS +C,HEAD,glioma,collection_level_icdc_glioma,data/processed/D3B_icdc_glioma_selected_slices/GLIOMA01-i_6254/GLIOMA01-i_6254__404066766568__central02_idx0014.png,data/raw/D3B_icdc_glioma/1.3.6.1.4.1.14519.5.2.1.165326589964808104838461974404066766568/1-15.dcm,2,14,31,2,notumor,0.5412530899047852,0.0597065389156341,1.0014505513908016,-0.683055579662323,0.0597065389156341,1.1052745580673218,0.3570128381252289,1.5213898420333862,0.5412530899047852,-1.034172296524048,0.0420275330543518,0.05970654124684217,0.08201111515660885,0.3570128304429096,0.3558348022905216,0.5412530988811799,0.5006743732846929,0.04202752942906841,0.06147970926817668,2,notumor,0.5412530988811799,1.0014505440684554,2,notumor,0.5006743732846929,1.0906177843779532
D3B_icdc_glioma,GLIOMA01-i_6254,1.3.6.1.4.1.14519.5.2.1.166204587543697092243624330422808718866,1.3.6.1.4.1.14519.5.2.1.165326589964808104838461974404066766568,RAGE FS TRANS+C,MP RAGE FS +C,HEAD,glioma,collection_level_icdc_glioma,data/processed/D3B_icdc_glioma_selected_slices/GLIOMA01-i_6254/GLIOMA01-i_6254__404066766568__central03_idx0015.png,data/raw/D3B_icdc_glioma/1.3.6.1.4.1.14519.5.2.1.165326589964808104838461974404066766568/1-16.dcm,3,15,31,1,meningioma,0.7230504155158997,0.0531253702938556,0.8802654050951173,-0.729821503162384,0.0531253702938556,1.8810029029846191,0.7230504155158997,0.0669494420289993,0.1178515180945396,-0.0392943695187568,0.1059727072715759,0.053125366633045935,0.07571757881756286,0.7230504039210718,0.6452324591285851,0.11785151371730383,0.14560372860871934,0.10597271572857843,0.1334462334451327,1,meningioma,0.7230504039210718,0.8802654113886059,1,meningioma,0.6452324591285851,1.0274401145938243
D3B_icdc_glioma,GLIOMA01-i_6254,1.3.6.1.4.1.14519.5.2.1.166204587543697092243624330422808718866,1.3.6.1.4.1.14519.5.2.1.165326589964808104838461974404066766568,RAGE FS TRANS+C,MP RAGE FS +C,HEAD,glioma,collection_level_icdc_glioma,data/processed/D3B_icdc_glioma_selected_slices/GLIOMA01-i_6254/GLIOMA01-i_6254__404066766568__central04_idx0016.png,data/raw/D3B_icdc_glioma/1.3.6.1.4.1.14519.5.2.1.165326589964808104838461974404066766568/1-17.dcm,4,16,31,1,meningioma,0.9933071732521056,0.0059065073728561,0.0430126062707896,0.0395010560750961,0.0059065073728561,5.164486408233643,0.9933071732521056,-3.508863687515259,0.0001699399144854,-2.2202813625335693,0.0006164811202324,0.005906506274001178,0.014643430330247268,0.9933070728803076,0.9822683325941808,0.00016993993260895504,0.000796115681736115,0.0006164809130823263,0.002292121393835741,1,meningioma,0.9933070728803076,0.04301270024360669,1,meningioma,0.9822683325941808,0.09903695541633005
D3B_icdc_glioma,GLIOMA01-i_6254,1.3.6.1.4.1.14519.5.2.1.166204587543697092243624330422808718866,1.3.6.1.4.1.14519.5.2.1.165326589964808104838461974404066766568,RAGE FS TRANS+C,MP RAGE FS +C,HEAD,glioma,collection_level_icdc_glioma,data/processed/D3B_icdc_glioma_selected_slices/GLIOMA01-i_6254/GLIOMA01-i_6254__404066766568__central05_idx0017.png,data/raw/D3B_icdc_glioma/1.3.6.1.4.1.14519.5.2.1.165326589964808104838461974404066766568/1-18.dcm,5,17,31,1,meningioma,0.9967610239982604,0.0027809946332126,0.0234047589730413,-0.4478980302810669,0.0027809946332126,5.433804512023926,0.9967610239982604,-3.42692232131958,0.0001413924037478,-2.6205503940582275,0.0003166862588841,0.002780993969872396,0.007931732367349278,0.9967609273926019,0.9900466463474352,0.0001413924552952428,0.0006880485248619503,0.0003166861822304747,0.001333572760353415,1,meningioma,0.9967609273926019,0.023404851889278006,1,meningioma,0.9900466463474352,0.0621067609437656
D3B_icdc_glioma,GLIOMA01-i_D7EC,1.3.6.1.4.1.14519.5.2.1.75665287551607237045188839766385260390,1.3.6.1.4.1.14519.5.2.1.169646175066466320566338877863494884795,T1/T/SE  +C,T1/T/SE  +C,HEAD,glioma,collection_level_icdc_glioma,data/processed/D3B_icdc_glioma_selected_slices/GLIOMA01-i_D7EC/GLIOMA01-i_D7EC__863494884795__central01_idx0009.png,data/raw/D3B_icdc_glioma/1.3.6.1.4.1.14519.5.2.1.169646175066466320566338877863494884795/1-10.dcm,1,9,22,0,glioma,0.9839234948158264,0.9839234948158264,0.0899841407250023,4.608232975006104,0.9839234948158264,-1.543596863746643,0.0020953454077243,0.3334013521671295,0.0136906951665878,-3.5193309783935547,0.0002905396104324,0.9839234199556682,0.9637270438185687,0.002095345025986812,0.006185728160172374,0.013690695560517257,0.0288648014170644,0.000290539457827632,0.0012224266041946784,0,glioma,0.9839234199556682,0.08998421260531833,0,glioma,0.9637270438185687,0.17759283272103707
D3B_icdc_glioma,GLIOMA01-i_D7EC,1.3.6.1.4.1.14519.5.2.1.75665287551607237045188839766385260390,1.3.6.1.4.1.14519.5.2.1.169646175066466320566338877863494884795,T1/T/SE  +C,T1/T/SE  +C,HEAD,glioma,collection_level_icdc_glioma,data/processed/D3B_icdc_glioma_selected_slices/GLIOMA01-i_D7EC/GLIOMA01-i_D7EC__863494884795__central02_idx0010.png,data/raw/D3B_icdc_glioma/1.3.6.1.4.1.14519.5.2.1.169646175066466320566338877863494884795/1-11.dcm,2,10,22,0,glioma,0.9843987226486206,0.9843987226486206,0.0832850131492078,5.191466331481934,0.9843987226486206,-2.5982465744018555,0.0004075132019352,1.0078874826431274,0.0150060290470719,-3.373616933822632,0.000187673329492,0.9843987816937075,0.9663331218393262,0.0004075132526536033,0.0016173668223266127,0.015006031676810114,0.03119353827469727,0.00018767337682876266,0.0008559730636498066,0,glioma,0.9843987816937075,0.08328496414989985,0,glioma,0.9663331218393262,0.15769937123129893
D3B_icdc_glioma,GLIOMA01-i_D7EC,1.3.6.1.4.1.14519.5.2.1.75665287551607237045188839766385260390,1.3.6.1.4.1.14519.5.2.1.169646175066466320566338877863494884795,T1/T/SE  +C,T1/T/SE  +C,HEAD,glioma,collection_level_icdc_glioma,data/processed/D3B_icdc_glioma_selected_slices/GLIOMA01-i_D7EC/GLIOMA01-i_D7EC__863494884795__central03_idx0011.png,data/raw/D3B_icdc_glioma/1.3.6.1.4.1.14519.5.2.1.169646175066466320566338877863494884795/1-12.dcm,3,11,22,0,glioma,0.9702739119529724,0.9702739119529724,0.1406756850388731,4.647940158843994,0.9702739119529724,-2.2483327388763428,0.0009814794175326,1.1107996702194214,0.0282314885407686,-2.8968448638916016,0.0005131399957463,0.9702738940791166,0.9430399658066635,0.0009814791572985522,0.003285800546149745,0.028231486794119867,0.05174446123560195,0.0005131399694650609,0.0019297724115847205,0,glioma,0.9702738940791166,0.14067569617408754,0,glioma,0.9430399658066635,0.23939455314105834
D3B_icdc_glioma,GLIOMA01-i_D7EC,1.3.6.1.4.1.14519.5.2.1.75665287551607237045188839766385260390,1.3.6.1.4.1.14519.5.2.1.169646175066466320566338877863494884795,T1/T/SE  +C,T1/T/SE  +C,HEAD,glioma,collection_level_icdc_glioma,data/processed/D3B_icdc_glioma_selected_slices/GLIOMA01-i_D7EC/GLIOMA01-i_D7EC__863494884795__central04_idx0012.png,data/raw/D3B_icdc_glioma/1.3.6.1.4.1.14519.5.2.1.169646175066466320566338877863494884795/1-13.dcm,4,12,22,0,glioma,0.9958879351615906,0.9958879351615906,0.0289322389818331,5.534257888793945,0.9958879351615906,-2.043041944503784,0.0005098364199511,-0.1373046338558197,0.0034283259883522,-3.1187973022460938,0.0001738746941555,0.9958879622511068,0.9878144051715539,0.000509836562790659,0.0019681708789396303,0.0034283264988586174,0.009403367234158412,0.00017387468724369985,0.0008140567153478266,0,glioma,0.9958879622511068,0.02893221527806753,0,glioma,0.9878144051715539,0.07404738455084259
D3B_icdc_glioma,GLIOMA01-i_D7EC,1.3.6.1.4.1.14519.5.2.1.75665287551607237045188839766385260390,1.3.6.1.4.1.14519.5.2.1.169646175066466320566338877863494884795,T1/T/SE  +C,T1/T/SE  +C,HEAD,glioma,collection_level_icdc_glioma,data/processed/D3B_icdc_glioma_selected_slices/GLIOMA01-i_D7EC/GLIOMA01-i_D7EC__863494884795__central05_idx0013.png,data/raw/D3B_icdc_glioma/1.3.6.1.4.1.14519.5.2.1.169646175066466320566338877863494884795/1-14.dcm,5,13,22,0,glioma,0.9457710385322572,0.9457710385322572,0.2184775539417656,4.43428897857666,0.9457710385322572,-2.4126133918762207,0.0010051111457869,1.5479317903518677,0.0527541898190975,-3.1733334064483643,0.0004697185067925,0.9457709775958304,0.9097754315263628,0.0010051110910139572,0.0033009684182864194,0.052754192926341634,0.08515546904135839,0.0004697183868140577,0.0017681310139922926,0,glioma,0.9457709775958304,0.218477616392542,0,glioma,0.9097754315263628,0.3258538888062164
D3B_icdc_glioma,GLIOMA01-i_1793,1.3.6.1.4.1.14519.5.2.1.35675667776358759975348824278158416904,1.3.6.1.4.1.14519.5.2.1.188079547706845086920052937856536171828,BRAIN/T1_TRANS,,HEAD,glioma,collection_level_icdc_glioma,data/processed/D3B_icdc_glioma_selected_slices/GLIOMA01-i_1793/GLIOMA01-i_1793__856536171828__central01_idx0008.png,data/raw/D3B_icdc_glioma/1.3.6.1.4.1.14519.5.2.1.188079547706845086920052937856536171828/1-09.dcm,1,8,21,1,meningioma,0.950430154800415,0.0420642644166946,0.2215753480181233,0.3154088854789734,0.0420642644166946,3.4331250190734863,0.950430154800415,-1.5781837701797483,0.0063319359906017,-3.263770341873169,0.0011735333828255,0.04206426869294843,0.07051214870410112,0.9504302618552523,0.9108436954439824,0.006331935781226768,0.014906366997843925,0.0011735336705726474,0.0037377888540726235,1,meningioma,0.9504302618552523,0.22157525648269302,1,meningioma,0.9108436954439824,0.3556414858582871
D3B_icdc_glioma,GLIOMA01-i_1793,1.3.6.1.4.1.14519.5.2.1.35675667776358759975348824278158416904,1.3.6.1.4.1.14519.5.2.1.188079547706845086920052937856536171828,BRAIN/T1_TRANS,,HEAD,glioma,collection_level_icdc_glioma,data/processed/D3B_icdc_glioma_selected_slices/GLIOMA01-i_1793/GLIOMA01-i_1793__856536171828__central02_idx0009.png,data/raw/D3B_icdc_glioma/1.3.6.1.4.1.14519.5.2.1.188079547706845086920052937856536171828/1-10.dcm,2,9,21,0,glioma,0.4528209567070007,0.4528209567070007,1.135866235396606,0.6419315338134766,0.4528209567070007,-0.319485068321228,0.1731364876031875,0.3657603561878204,0.3435475826263428,-2.056002378463745,0.0304950047284364,0.45282094321409866,0.4235925642151777,0.17313647846834548,0.19243828194194912,0.3435475743387198,0.3376903326412767,0.030495003978836085,0.04627882120159655,0,glioma,0.45282094321409866,1.1358662288811707,0,glioma,0.4235925642151777,1.1898167981983114
D3B_icdc_glioma,GLIOMA01-i_1793,1.3.6.1.4.1.14519.5.2.1.35675667776358759975348824278158416904,1.3.6.1.4.1.14519.5.2.1.188079547706845086920052937856536171828,BRAIN/T1_TRANS,,HEAD,glioma,collection_level_icdc_glioma,data/processed/D3B_icdc_glioma_selected_slices/GLIOMA01-i_1793/GLIOMA01-i_1793__856536171828__central03_idx0010.png,data/raw/D3B_icdc_glioma/1.3.6.1.4.1.14519.5.2.1.188079547706845086920052937856536171828/1-11.dcm,3,10,21,0,glioma,0.555450439453125,0.555450439453125,1.0241837216160594,1.2624735832214355,0.555450439453125,-0.318859189748764,0.1142565757036209,0.6700167059898376,0.3071457743644714,-1.9154335260391235,0.0231471676379442,0.5554504563623596,0.5097392399572029,0.11425658269095205,0.13923484684734985,0.30714579600351294,0.31346677694944375,0.02314716494317547,0.03755913624600341,0,glioma,0.5554504563623596,1.0241837192703713,0,glioma,0.5097392399572029,1.104909203545525
D3B_icdc_glioma,GLIOMA01-i_1793,1.3.6.1.4.1.14519.5.2.1.35675667776358759975348824278158416904,1.3.6.1.4.1.14519.5.2.1.188079547706845086920052937856536171828,BRAIN/T1_TRANS,,HEAD,glioma,collection_level_icdc_glioma,data/processed/D3B_icdc_glioma_selected_slices/GLIOMA01-i_1793/GLIOMA01-i_1793__856536171828__central04_idx0011.png,data/raw/D3B_icdc_glioma/1.3.6.1.4.1.14519.5.2.1.188079547706845086920052937856536171828/1-12.dcm,4,11,21,0,glioma,0.9083939790725708,0.9083939790725708,0.3347052112394771,3.593578577041626,0.9083939790725708,1.2175415754318235,0.0844062194228172,-1.4266430139541626,0.0059981825761497,-3.0345375537872314,0.0012014895910397,0.9083940891983677,0.8599386567661981,0.08440623740494747,0.12235681492496421,0.005998183733913802,0.013970721281862325,0.001201489662771016,0.0037338070269755234,0,glioma,0.9083940891983677,0.3347051433422942,0,glioma,0.8599386567661981,0.4673478976846354
D3B_icdc_glioma,GLIOMA01-i_1793,1.3.6.1.4.1.14519.5.2.1.35675667776358759975348824278158416904,1.3.6.1.4.1.14519.5.2.1.188079547706845086920052937856536171828,BRAIN/T1_TRANS,,HEAD,glioma,collection_level_icdc_glioma,data/processed/D3B_icdc_glioma_selected_slices/GLIOMA01-i_1793/GLIOMA01-i_1793__856536171828__central05_idx0012.png,data/raw/D3B_icdc_glioma/1.3.6.1.4.1.14519.5.2.1.188079547706845086920052937856536171828/1-13.dcm,5,12,21,1,meningioma,0.6156445741653442,0.378812700510025,0.6989964563070102,2.3948171138763428,0.378812700510025,2.880445003509521,0.6156445741653442,-2.523592233657837,0.0027694045566022,-2.5221951007843018,0.0027732767630368,0.3788127234665341,0.3960418343017187,0.6156445940127412,0.5899604170711574,0.002769405294687931,0.006994861958471001,0.0027732772260367403,0.0070028866686528725,1,meningioma,0.6156445940127412,0.6989964512865858,1,meningioma,0.5899604170711574,0.7476069030678737
D3B_icdc_glioma,GLIOMA01-i_B3CE,1.3.6.1.4.1.14519.5.2.1.136928881907597419136287834125434521570,1.3.6.1.4.1.14519.5.2.1.193531197337568117661297527463528002512,RAGE TRANS +C,MP RAGE FS +C,HEAD,glioma,collection_level_icdc_glioma,data/processed/D3B_icdc_glioma_selected_slices/GLIOMA01-i_B3CE/GLIOMA01-i_B3CE__463528002512__central01_idx0018.png,data/raw/D3B_icdc_glioma/1.3.6.1.4.1.14519.5.2.1.193531197337568117661297527463528002512/1-19.dcm,1,18,40,2,notumor,0.9491441249847412,0.0096893049776554,0.2538468449786108,-1.5471237897872925,0.0096893049776554,-0.9592503905296326,0.017442263662815,3.037414073944092,0.9491441249847412,-0.6516470909118652,0.023724291473627,0.009689306043876033,0.02094035144773914,0.01744226365686846,0.033923989899558055,0.9491441381948051,0.9014700724988426,0.023724292104450435,0.04366558615386019,2,notumor,0.9491441381948051,0.253846838046718,2,notumor,0.9014700724988426,0.4259768875414043
D3B_icdc_glioma,GLIOMA01-i_B3CE,1.3.6.1.4.1.14519.5.2.1.136928881907597419136287834125434521570,1.3.6.1.4.1.14519.5.2.1.193531197337568117661297527463528002512,RAGE TRANS +C,MP RAGE FS +C,HEAD,glioma,collection_level_icdc_glioma,data/processed/D3B_icdc_glioma_selected_slices/GLIOMA01-i_B3CE/GLIOMA01-i_B3CE__463528002512__central02_idx0019.png,data/raw/D3B_icdc_glioma/1.3.6.1.4.1.14519.5.2.1.193531197337568117661297527463528002512/1-20.dcm,2,19,40,2,notumor,0.8198133111000061,0.0532773397862911,0.6622052744913483,-0.742385983467102,0.0532773397862911,-0.9611032009124756,0.0428109429776668,1.991179585456848,0.8198133111000061,-0.2859097123146057,0.0840983837842941,0.05327733972065695,0.07864865195413913,0.04281094856090439,0.06572621929236157,0.8198133265077655,0.7412364048719152,0.08409838521067331,0.11438872388158397,2,notumor,0.8198133265077655,0.6622052761322936,2,notumor,0.7412364048719152,0.8488735550234243
D3B_icdc_glioma,GLIOMA01-i_B3CE,1.3.6.1.4.1.14519.5.2.1.136928881907597419136287834125434521570,1.3.6.1.4.1.14519.5.2.1.193531197337568117661297527463528002512,RAGE TRANS +C,MP RAGE FS +C,HEAD,glioma,collection_level_icdc_glioma,data/processed/D3B_icdc_glioma_selected_slices/GLIOMA01-i_B3CE/GLIOMA01-i_B3CE__463528002512__central03_idx0020.png,data/raw/D3B_icdc_glioma/1.3.6.1.4.1.14519.5.2.1.193531197337568117661297527463528002512/1-21.dcm,3,20,40,2,notumor,0.9406532049179076,0.0304714664816856,0.2859796731379599,-0.3545459806919098,0.0304714664816856,-1.2613693475723269,0.0123045304790139,3.07523775100708,0.9406532049179076,-0.9636921286582948,0.0165708418935537,0.03047146755428366,0.05327743481656533,0.012304528789325213,0.02531301821617094,0.9406531622710572,0.8890919870063563,0.01657084138533381,0.032317559960907405,2,notumor,0.9406531622710572,0.2859797085307052,2,notumor,0.8890919870063563,0.4647194254134176
D3B_icdc_glioma,GLIOMA01-i_B3CE,1.3.6.1.4.1.14519.5.2.1.136928881907597419136287834125434521570,1.3.6.1.4.1.14519.5.2.1.193531197337568117661297527463528002512,RAGE TRANS +C,MP RAGE FS +C,HEAD,glioma,collection_level_icdc_glioma,data/processed/D3B_icdc_glioma_selected_slices/GLIOMA01-i_B3CE/GLIOMA01-i_B3CE__463528002512__central04_idx0021.png,data/raw/D3B_icdc_glioma/1.3.6.1.4.1.14519.5.2.1.193531197337568117661297527463528002512/1-22.dcm,4,21,40,2,notumor,0.9270833730697632,0.0318359397351741,0.3378977240787268,-0.5468937158584595,0.0318359397351741,-1.3157365322113037,0.014757527038455,2.8245537281036377,0.9270833730697632,-0.7370424866676331,0.0263231135904788,0.031835948230663304,0.05465835916359128,0.01475752736531604,0.02908269366691538,0.9270834126288802,0.8694977103155862,0.026323111775140372,0.04676123685390713,2,notumor,0.9270834126288802,0.33789770456809454,2,notumor,0.8694977103155862,0.5265620420144371
D3B_icdc_glioma,GLIOMA01-i_B3CE,1.3.6.1.4.1.14519.5.2.1.136928881907597419136287834125434521570,1.3.6.1.4.1.14519.5.2.1.193531197337568117661297527463528002512,RAGE TRANS +C,MP RAGE FS +C,HEAD,glioma,collection_level_icdc_glioma,data/processed/D3B_icdc_glioma_selected_slices/GLIOMA01-i_B3CE/GLIOMA01-i_B3CE__463528002512__central05_idx0022.png,data/raw/D3B_icdc_glioma/1.3.6.1.4.1.14519.5.2.1.193531197337568117661297527463528002512/1-23.dcm,5,22,40,2,notumor,0.8928590416908264,0.0604225620627403,0.4395108401094195,-0.0116026271134614,0.0604225620627403,-1.7049216032028198,0.0111122019588947,2.6814634799957275,0.8928590416908264,-0.5404456853866577,0.0356061980128288,0.060422564226869084,0.09079650826009353,0.011112200390623552,0.0226233132727861,0.8928590433290523,0.8277520419160449,0.03560619205345506,0.05882813655107541,2,notumor,0.8928590433290523,0.4395108231610757,2,notumor,0.8277520419160449,0.6266953138944606
D3B_icdc_glioma,GLIOMA01-i_49E6,1.3.6.1.4.1.14519.5.2.1.328143012338632883223057559395393058142,1.3.6.1.4.1.14519.5.2.1.197966799475580302365913177301841443187,MP RAGE TRANS FS + C,MP RAGE FS +C,HEAD,glioma,collection_level_icdc_glioma,data/processed/D3B_icdc_glioma_selected_slices/GLIOMA01-i_49E6/GLIOMA01-i_49E6__301841443187__central01_idx0021.png,data/raw/D3B_icdc_glioma/1.3.6.1.4.1.14519.5.2.1.197966799475580302365913177301841443187/1-22.dcm,1,21,47,1,meningioma,0.8902483582496643,0.0909897461533546,0.4006488433988539,0.7743778228759766,0.0909897461533546,3.055131435394287,0.8902483582496643,-0.8705070614814758,0.0175641886889934,-3.5559539794921875,0.0011977143585681,0.09098974937424797,0.12841290230032829,0.8902483497392302,0.8346188322229149,0.017564186510929287,0.03329339137687732,0.0011977143755924947,0.003674874099879561,1,meningioma,0.8902483497392302,0.40064884889158964,1,meningioma,0.8346188322229149,0.5483300894544098
D3B_icdc_glioma,GLIOMA01-i_49E6,1.3.6.1.4.1.14519.5.2.1.328143012338632883223057559395393058142,1.3.6.1.4.1.14519.5.2.1.197966799475580302365913177301841443187,MP RAGE TRANS FS + C,MP RAGE FS +C,HEAD,glioma,collection_level_icdc_glioma,data/processed/D3B_icdc_glioma_selected_slices/GLIOMA01-i_49E6/GLIOMA01-i_49E6__301841443187__central02_idx0022.png,data/raw/D3B_icdc_glioma/1.3.6.1.4.1.14519.5.2.1.197966799475580302365913177301841443187/1-23.dcm,2,22,47,1,meningioma,0.8997554183006287,0.038026712834835,0.4003443366453232,-0.3613691329956054,0.038026712834835,2.8024649620056152,0.8997554183006287,0.1014503017067909,0.0604071915149688,-3.4059934616088867,0.0018106112256646,0.03802671471147952,0.06265655326352498,0.8997554700374911,0.8405880902495931,0.0604072038065977,0.09160500202947004,0.0018106114444316407,0.0051503544574119445,1,meningioma,0.8997554700374911,0.4003443180017074,1,meningioma,0.8405880902495931,0.5656314415063283
D3B_icdc_glioma,GLIOMA01-i_49E6,1.3.6.1.4.1.14519.5.2.1.328143012338632883223057559395393058142,1.3.6.1.4.1.14519.5.2.1.197966799475580302365913177301841443187,MP RAGE TRANS FS + C,MP RAGE FS +C,HEAD,glioma,collection_level_icdc_glioma,data/processed/D3B_icdc_glioma_selected_slices/GLIOMA01-i_49E6/GLIOMA01-i_49E6__301841443187__central03_idx0023.png,data/raw/D3B_icdc_glioma/1.3.6.1.4.1.14519.5.2.1.197966799475580302365913177301841443187/1-24.dcm,3,23,47,1,meningioma,0.6134722828865051,0.1004570052027702,0.997881131986158,-0.5260170698165894,0.1004570052027702,1.2833881378173828,0.6134722828865051,0.383922666311264,0.2495525926351547,-1.537937879562378,0.0365181379020214,0.1004570096357657,0.12561952049541789,0.6134722794118628,0.5545544130478671,0.24955257321705873,0.26507404530798656,0.0365181377353128,0.05475202114872842,1,meningioma,0.6134722794118628,0.9978811315961889,1,meningioma,0.5545544130478671,1.0985597392762514
D3B_icdc_glioma,GLIOMA01-i_49E6,1.3.6.1.4.1.14519.5.2.1.328143012338632883223057559395393058142,1.3.6.1.4.1.14519.5.2.1.197966799475580302365913177301841443187,MP RAGE TRANS FS + C,MP RAGE FS +C,HEAD,glioma,collection_level_icdc_glioma,data/processed/D3B_icdc_glioma_selected_slices/GLIOMA01-i_49E6/GLIOMA01-i_49E6__301841443187__central04_idx0024.png,data/raw/D3B_icdc_glioma/1.3.6.1.4.1.14519.5.2.1.197966799475580302365913177301841443187/1-25.dcm,4,24,47,1,meningioma,0.7680591940879822,0.1494239419698715,0.7475131037107942,0.0919548720121383,0.1494239419698715,1.729034185409546,0.7680591940879822,-1.4611622095108032,0.0316162183880806,-0.984957754611969,0.050900612026453,0.14942394399835054,0.18099066537624503,0.7680592210993261,0.6936251503533689,0.03161622524884879,0.050595554237544686,0.05090060965347437,0.07478863003284135,1,meningioma,0.7680592210993261,0.7475130977984663,1,meningioma,0.6936251503533689,0.9080188192328722
D3B_icdc_glioma,GLIOMA01-i_49E6,1.3.6.1.4.1.14519.5.2.1.328143012338632883223057559395393058142,1.3.6.1.4.1.14519.5.2.1.197966799475580302365913177301841443187,MP RAGE TRANS FS + C,MP RAGE FS +C,HEAD,glioma,collection_level_icdc_glioma,data/processed/D3B_icdc_glioma_selected_slices/GLIOMA01-i_49E6/GLIOMA01-i_49E6__301841443187__central05_idx0025.png,data/raw/D3B_icdc_glioma/1.3.6.1.4.1.14519.5.2.1.197966799475580302365913177301841443187/1-26.dcm,5,25,47,1,meningioma,0.9221430420875548,0.0729338675737381,0.2942911075842728,0.7593381404876709,0.0729338675737381,3.296485424041748,0.9221430420875548,-2.1534688472747803,0.0039619896560907,-3.5698421001434326,0.0009611480054445,0.07293386180467606,0.10938736826537876,0.9221430020418324,0.8774603973113678,0.003961988477591361,0.010018866428011506,0.0009611476759002013,0.0031333679952417724,1,meningioma,0.9221430020418324,0.29429112774886484,1,meningioma,0.8774603973113678,0.42094916590261033
D3B_icdc_glioma,GLIOMA01-i_8BDE,1.3.6.1.4.1.14519.5.2.1.130279406635005519085179271256892778239,1.3.6.1.4.1.14519.5.2.1.210864304936929034141059700214106045446,T1/T/SE  +C,T1/T/SE  +C,HEAD,glioma,collection_level_icdc_glioma,data/processed/D3B_icdc_glioma_selected_slices/GLIOMA01-i_8BDE/GLIOMA01-i_8BDE__214106045446__central01_idx0006.png,data/raw/D3B_icdc_glioma/1.3.6.1.4.1.14519.5.2.1.210864304936929034141059700214106045446/1-07.dcm,1,6,16,1,meningioma,0.8211604952812195,0.1683359444141388,0.51250565781803,1.3925427198410034,0.1683359444141388,2.977299690246582,0.8211604952812195,-1.4644194841384888,0.0096697229892015,-3.915127515792847,0.0008338441257365,0.16833593745548484,0.20920397968472804,0.8211604977654553,0.7680517443799838,0.009669720512758894,0.020059721495948785,0.0008338442663010704,0.002684554439339324,1,meningioma,0.8211604977654553,0.5125056422278413,1,meningioma,0.7680517443799838,0.6242831706948478
D3B_icdc_glioma,GLIOMA01-i_8BDE,1.3.6.1.4.1.14519.5.2.1.130279406635005519085179271256892778239,1.3.6.1.4.1.14519.5.2.1.210864304936929034141059700214106045446,T1/T/SE  +C,T1/T/SE  +C,HEAD,glioma,collection_level_icdc_glioma,data/processed/D3B_icdc_glioma_selected_slices/GLIOMA01-i_8BDE/GLIOMA01-i_8BDE__214106045446__central02_idx0007.png,data/raw/D3B_icdc_glioma/1.3.6.1.4.1.14519.5.2.1.210864304936929034141059700214106045446/1-08.dcm,2,7,16,1,meningioma,0.7700462341308594,0.2117210924625396,0.605870605390452,1.3687528371810913,0.2117210924625396,2.659933567047119,0.7700462341308594,-1.1220687627792358,0.0175393708050251,-4.352853775024414,0.0006932693067938,0.2117211025330785,0.2485146471082401,0.7700462549043117,0.7170336208199773,0.017539373264505578,0.03218121953797009,0.0006932692981042269,0.0022705125338126487,1,meningioma,0.7700462549043117,0.6058706030394619,1,meningioma,0.7170336208199773,0.7089130676508362
D3B_icdc_glioma,GLIOMA01-i_8BDE,1.3.6.1.4.1.14519.5.2.1.130279406635005519085179271256892778239,1.3.6.1.4.1.14519.5.2.1.210864304936929034141059700214106045446,T1/T/SE  +C,T1/T/SE  +C,HEAD,glioma,collection_level_icdc_glioma,data/processed/D3B_icdc_glioma_selected_slices/GLIOMA01-i_8BDE/GLIOMA01-i_8BDE__214106045446__central03_idx0008.png,data/raw/D3B_icdc_glioma/1.3.6.1.4.1.14519.5.2.1.210864304936929034141059700214106045446/1-09.dcm,3,8,16,0,glioma,0.6684666275978088,0.6684666275978088,0.6844270313781262,2.6362011432647705,0.6684666275978088,1.9025382995605469,0.3209623098373413,-1.570510983467102,0.0099569847807288,-4.3564324378967285,0.0006140694022178,0.6684666480106032,0.6318877797907728,0.3209622968092691,0.34606400495842593,0.009956985625837779,0.02001395127585282,0.0006140695542897703,0.002034263974948448,0,glioma,0.6684666480106032,0.6844270214324932,0,glioma,0.6318877797907728,0.7481720636692976
D3B_icdc_glioma,GLIOMA01-i_8BDE,1.3.6.1.4.1.14519.5.2.1.130279406635005519085179271256892778239,1.3.6.1.4.1.14519.5.2.1.210864304936929034141059700214106045446,T1/T/SE  +C,T1/T/SE  +C,HEAD,glioma,collection_level_icdc_glioma,data/processed/D3B_icdc_glioma_selected_slices/GLIOMA01-i_8BDE/GLIOMA01-i_8BDE__214106045446__central04_idx0009.png,data/raw/D3B_icdc_glioma/1.3.6.1.4.1.14519.5.2.1.210864304936929034141059700214106045446/1-10.dcm,4,9,16,1,meningioma,0.9345829486846924,0.0591826699674129,0.2633824895078534,0.8947188854217529,0.0591826699674129,3.6541905403137207,0.9345829486846924,-1.4038481712341309,0.0059420941397547,-4.415658473968506,0.0002923660504166,0.059182663539178046,0.09266468076734212,0.9345828764212372,0.8920985547706052,0.005942094001305954,0.01405030838260844,0.00029236603827868546,0.0011864560794443491,1,meningioma,0.9345828764212372,0.26338254447929876,1,meningioma,0.8920985547706052,0.3902054116183807
D3B_icdc_glioma,GLIOMA01-i_8BDE,1.3.6.1.4.1.14519.5.2.1.130279406635005519085179271256892778239,1.3.6.1.4.1.14519.5.2.1.210864304936929034141059700214106045446,T1/T/SE  +C,T1/T/SE  +C,HEAD,glioma,collection_level_icdc_glioma,data/processed/D3B_icdc_glioma_selected_slices/GLIOMA01-i_8BDE/GLIOMA01-i_8BDE__214106045446__central05_idx0010.png,data/raw/D3B_icdc_glioma/1.3.6.1.4.1.14519.5.2.1.210864304936929034141059700214106045446/1-11.dcm,5,10,16,1,meningioma,0.9602013230323792,0.0357598140835762,0.1812338502550196,0.7086198925971985,0.0357598140835762,3.9989380836486816,0.9602013230323792,-1.5291038751602173,0.0038156120572239,-4.367867946624756,0.0002232053520856,0.03575981680995381,0.062273809806279855,0.9602013658688408,0.9268344104660633,0.0038156119561315264,0.009925722099006795,0.0002232053650740127,0.0009660576286500796,1,meningioma,0.9602013658688408,0.18123381514759537,1,meningioma,0.9268344104660633,0.2957969444955046
D3B_icdc_glioma,GLIOMA01-i_FC65,1.3.6.1.4.1.14519.5.2.1.212867420508017263017494321035687962668,1.3.6.1.4.1.14519.5.2.1.211142962138955139180007466034760894778,BRAIN/T1_DORSAL+C,,HEAD,glioma,collection_level_icdc_glioma,data/processed/D3B_icdc_glioma_selected_slices/GLIOMA01-i_FC65/GLIOMA01-i_FC65__034760894778__central01_idx0007.png,data/raw/D3B_icdc_glioma/1.3.6.1.4.1.14519.5.2.1.211142962138955139180007466034760894778/1-08.dcm,1,7,19,2,notumor,0.9417730569839478,0.0455270409584045,0.2569418381369522,0.3786673843860626,0.0455270409584045,-1.0120666027069092,0.0113313421607017,3.408125162124634,0.9417730569839478,-3.1259124279022217,0.0013685156591236,0.045527047098965386,0.07467838149431055,0.011331343012583744,0.023852052719584994,0.9417730941105198,0.8972610053978101,0.001368515777931195,0.004208560388294433,2,notumor,0.9417730941105198,0.25694181969734275,2,notumor,0.8972610053978101,0.4031606143882822
D3B_icdc_glioma,GLIOMA01-i_FC65,1.3.6.1.4.1.14519.5.2.1.212867420508017263017494321035687962668,1.3.6.1.4.1.14519.5.2.1.211142962138955139180007466034760894778,BRAIN/T1_DORSAL+C,,HEAD,glioma,collection_level_icdc_glioma,data/processed/D3B_icdc_glioma_selected_slices/GLIOMA01-i_FC65/GLIOMA01-i_FC65__034760894778__central02_idx0008.png,data/raw/D3B_icdc_glioma/1.3.6.1.4.1.14519.5.2.1.211142962138955139180007466034760894778/1-09.dcm,2,8,19,2,notumor,0.9674001336097716,0.0232313890010118,0.1660741407829098,0.2611678540706634,0.0232313890010118,-0.7423128485679626,0.0085166571661829,3.990275621414185,0.9674001336097716,-3.04465389251709,0.0008518737158738,0.023231389905876455,0.04378312822865152,0.008516655141400065,0.019215776396992516,0.9674000815650635,0.9340965077770562,0.0008518733876599578,0.0029045875972998217,2,notumor,0.9674000815650635,0.16607418398574353,2,notumor,0.9340965077770562,0.2935665717865736
D3B_icdc_glioma,GLIOMA01-i_FC65,1.3.6.1.4.1.14519.5.2.1.212867420508017263017494321035687962668,1.3.6.1.4.1.14519.5.2.1.211142962138955139180007466034760894778,BRAIN/T1_DORSAL+C,,HEAD,glioma,collection_level_icdc_glioma,data/processed/D3B_icdc_glioma_selected_slices/GLIOMA01-i_FC65/GLIOMA01-i_FC65__034760894778__central03_idx0009.png,data/raw/D3B_icdc_glioma/1.3.6.1.4.1.14519.5.2.1.211142962138955139180007466034760894778/1-10.dcm,3,9,19,2,notumor,0.9975374937057496,0.0007185544236563,0.0199041708674375,-1.872211456298828,0.0007185544236563,-1.9236581325531008,0.000682521786075,5.363592147827148,0.9975374937057496,-1.4821771383285522,0.0010613272897899,0.000718554469768757,0.0026139419712335518,0.0006825220517450273,0.0025058779791665197,0.9975375959052962,0.9912801393518192,0.001061327573190122,0.003600040697780709,2,notumor,0.9975375959052962,0.019904072535904233,2,notumor,0.9912801393518192,0.05949131202012775
D3B_icdc_glioma,GLIOMA01-i_FC65,1.3.6.1.4.1.14519.5.2.1.212867420508017263017494321035687962668,1.3.6.1.4.1.14519.5.2.1.211142962138955139180007466034760894778,BRAIN/T1_DORSAL+C,,HEAD,glioma,collection_level_icdc_glioma,data/processed/D3B_icdc_glioma_selected_slices/GLIOMA01-i_FC65/GLIOMA01-i_FC65__034760894778__central04_idx0010.png,data/raw/D3B_icdc_glioma/1.3.6.1.4.1.14519.5.2.1.211142962138955139180007466034760894778/1-11.dcm,4,10,19,2,notumor,0.9963979721069336,0.0006235694163478,0.027165953613018,-2.2754251956939697,0.0006235694163478,-0.987440586090088,0.0022607343271374,5.101016521453857,0.9963979721069336,-2.134801149368286,0.0007177233346737,0.0006235695525118517,0.0023222168140607366,0.0022607342304761867,0.006682687773187197,0.9963979727460214,0.9883888077840096,0.0007177234709906084,0.002606287628742557,2,notumor,0.9963979727460214,0.027165954203302443,2,notumor,0.9883888077840096,0.07460374112621883
D3B_icdc_glioma,GLIOMA01-i_FC65,1.3.6.1.4.1.14519.5.2.1.212867420508017263017494321035687962668,1.3.6.1.4.1.14519.5.2.1.211142962138955139180007466034760894778,BRAIN/T1_DORSAL+C,,HEAD,glioma,collection_level_icdc_glioma,data/processed/D3B_icdc_glioma_selected_slices/GLIOMA01-i_FC65/GLIOMA01-i_FC65__034760894778__central05_idx0011.png,data/raw/D3B_icdc_glioma/1.3.6.1.4.1.14519.5.2.1.211142962138955139180007466034760894778/1-12.dcm,5,11,19,2,notumor,0.9985709190368652,0.0003168745606672,0.0121383673833396,-2.3316242694854736,0.0003168745606672,-1.330562949180603,0.0008622691966593,5.723949909210205,0.9985709190368652,-2.5688812732696533,0.0002499470137991,0.0003168746488392779,0.0013382546274434788,0.0008622692582525702,0.0030431637171103496,0.998570909001184,0.9945170971600734,0.00024994709172408377,0.001101484495372872,2,notumor,0.998570909001184,0.012138378968309917,2,notumor,0.9945170971600734,0.039459274993828265
D3B_icdc_glioma,GLIOMA01-i_D756,1.3.6.1.4.1.14519.5.2.1.80295388185447070987300949703162596698,1.3.6.1.4.1.14519.5.2.1.2137734496733834555089982541298174374,Ax 3DT1 SPGR S,CED Post/,HEAD,glioma,collection_level_icdc_glioma,data/processed/D3B_icdc_glioma_selected_slices/GLIOMA01-i_D756/GLIOMA01-i_D756__541298174374__central01_idx0043.png,data/raw/D3B_icdc_glioma/1.3.6.1.4.1.14519.5.2.1.2137734496733834555089982541298174374/1-44.dcm,1,43,90,2,notumor,0.9951921701431274,0.001350940670818,0.0355224547971767,-1.7981690168380735,0.001350940670818,-1.946903944015503,0.0011642371537163,4.8039655685424805,0.9951921701431274,-1.26921546459198,0.0022927562240511,0.0013509406991326107,0.004369074630513728,0.0011642373492148214,0.0038670438845058194,0.9951920656563266,0.9850199538791318,0.002292756295325911,0.006743927605848725,2,notumor,0.9951920656563266,0.03552256042632576,2,notumor,0.9850199538791318,0.0938014626998199
D3B_icdc_glioma,GLIOMA01-i_D756,1.3.6.1.4.1.14519.5.2.1.80295388185447070987300949703162596698,1.3.6.1.4.1.14519.5.2.1.2137734496733834555089982541298174374,Ax 3DT1 SPGR S,CED Post/,HEAD,glioma,collection_level_icdc_glioma,data/processed/D3B_icdc_glioma_selected_slices/GLIOMA01-i_D756/GLIOMA01-i_D756__541298174374__central02_idx0044.png,data/raw/D3B_icdc_glioma/1.3.6.1.4.1.14519.5.2.1.2137734496733834555089982541298174374/1-45.dcm,2,44,90,2,notumor,0.9919559955596924,0.0021944274194538,0.0549594822986599,-1.666562557220459,0.0021944274194538,-1.9782915115356443,0.0016067158430814,4.447195053100586,0.9919559955596924,-1.0072256326675415,0.0042429477907717,0.002194427189673667,0.006472572586812013,0.0016067156021998305,0.005011573946503513,0.9919559106297942,0.9773967420487552,0.004242946578332293,0.011119111417929414,2,notumor,0.9919559106297942,0.05495955864636637,2,notumor,0.9773967420487552,0.1315360028721947
D3B_icdc_glioma,GLIOMA01-i_D756,1.3.6.1.4.1.14519.5.2.1.80295388185447070987300949703162596698,1.3.6.1.4.1.14519.5.2.1.2137734496733834555089982541298174374,Ax 3DT1 SPGR S,CED Post/,HEAD,glioma,collection_level_icdc_glioma,data/processed/D3B_icdc_glioma_selected_slices/GLIOMA01-i_D756/GLIOMA01-i_D756__541298174374__central03_idx0045.png,data/raw/D3B_icdc_glioma/1.3.6.1.4.1.14519.5.2.1.2137734496733834555089982541298174374/1-46.dcm,3,45,90,2,notumor,0.9967464208602904,0.001140687498264,0.0254424446652408,-1.708232879638672,0.001140687498264,-1.9084279537200928,0.0009337335359305,5.064632415771484,0.9967464208602904,-1.6751089096069336,0.0011791043216362,0.0011406875033258678,0.0038133372991270937,0.0009337337735991943,0.0032355941038506126,0.9967464743743634,0.989032649546361,0.0011791043487116028,0.003918419050661365,2,notumor,0.9967464743743634,0.025442392930678258,2,notumor,0.989032649546361,0.072411976774862
D3B_icdc_glioma,GLIOMA01-i_D756,1.3.6.1.4.1.14519.5.2.1.80295388185447070987300949703162596698,1.3.6.1.4.1.14519.5.2.1.2137734496733834555089982541298174374,Ax 3DT1 SPGR S,CED Post/,HEAD,glioma,collection_level_icdc_glioma,data/processed/D3B_icdc_glioma_selected_slices/GLIOMA01-i_D756/GLIOMA01-i_D756__541298174374__central04_idx0046.png,data/raw/D3B_icdc_glioma/1.3.6.1.4.1.14519.5.2.1.2137734496733834555089982541298174374/1-47.dcm,4,46,90,2,notumor,0.9967284202575684,0.001262716948986,0.0255475697160163,-1.5453075170516968,0.001262716948986,-1.902928352355957,0.0008830662700347,5.1259050369262695,0.9967284202575684,-1.6600509881973269,0.0011258322047069,0.0012627169972434155,0.0041449301824355075,0.0008830662181905315,0.0030907094899511327,0.9967283848325474,0.9889919259474863,0.0011258319520186667,0.00377243438012708,2,notumor,0.9967283848325474,0.025547603523185237,2,notumor,0.9889919259474863,0.07259842813630532
D3B_icdc_glioma,GLIOMA01-i_D756,1.3.6.1.4.1.14519.5.2.1.80295388185447070987300949703162596698,1.3.6.1.4.1.14519.5.2.1.2137734496733834555089982541298174374,Ax 3DT1 SPGR S,CED Post/,HEAD,glioma,collection_level_icdc_glioma,data/processed/D3B_icdc_glioma_selected_slices/GLIOMA01-i_D756/GLIOMA01-i_D756__541298174374__central05_idx0047.png,data/raw/D3B_icdc_glioma/1.3.6.1.4.1.14519.5.2.1.2137734496733834555089982541298174374/1-48.dcm,5,47,90,2,notumor,0.997099995613098,0.0010984297841787,0.022728741890283,-1.4952211380004885,0.0010984297841787,-2.4851412773132324,0.0004081834922544,5.31574821472168,0.997099995613098,-1.2573564052581787,0.0013933990849182,0.001098429794307502,0.003700150228986263,0.0004081835048024207,0.0016421151314515575,0.9970999872172547,0.9901599741799839,0.0013933994836354342,0.004497760459578279,2,notumor,0.9970999872172547,0.02272875262925511,2,notumor,0.9901599741799839,0.06534555973474351
D3B_icdc_glioma,GLIOMA01-i_2EC9,1.3.6.1.4.1.14519.5.2.1.51358827044288932449059921854176618970,1.3.6.1.4.1.14519.5.2.1.214049945825638329059258097737917749583,AX FSE T1,BRAIN CARDIAC COIL/4,HEAD,glioma,collection_level_icdc_glioma,data/processed/D3B_icdc_glioma_selected_slices/GLIOMA01-i_2EC9/GLIOMA01-i_2EC9__737917749583__central01_idx0012.png,data/raw/D3B_icdc_glioma/1.3.6.1.4.1.14519.5.2.1.214049945825638329059258097737917749583/1-13.dcm,1,12,29,1,meningioma,0.8097506165504456,0.1373317837715149,0.6317491221098908,0.3756008446216583,0.1373317837715149,2.1499273777008057,0.8097506165504456,-0.9466997385025024,0.0366018638014793,-1.7546679973602295,0.0163157507777214,0.1373317825898224,0.17237774002233805,0.8097506023114575,0.7393769138712575,0.036601864644177716,0.05823744045434022,0.016315750454542248,0.030007905652064407,1,meningioma,0.8097506023114575,0.6317491331174061,1,meningioma,0.7393769138712575,0.7971034071372831
D3B_icdc_glioma,GLIOMA01-i_2EC9,1.3.6.1.4.1.14519.5.2.1.51358827044288932449059921854176618970,1.3.6.1.4.1.14519.5.2.1.214049945825638329059258097737917749583,AX FSE T1,BRAIN CARDIAC COIL/4,HEAD,glioma,collection_level_icdc_glioma,data/processed/D3B_icdc_glioma_selected_slices/GLIOMA01-i_2EC9/GLIOMA01-i_2EC9__737917749583__central02_idx0013.png,data/raw/D3B_icdc_glioma/1.3.6.1.4.1.14519.5.2.1.214049945825638329059258097737917749583/1-14.dcm,2,13,29,1,meningioma,0.6469125747680664,0.3193765878677368,0.7797418740583337,1.3125600814819336,0.3193765878677368,2.0184004306793213,0.6469125747680664,-1.231641411781311,0.0250824727118015,-2.2987611293792725,0.008628319017589,0.3193765763908904,0.3378056624265809,0.6469126295229517,0.6028847300758706,0.02508247521164971,0.04186898142169027,0.00862831887450831,0.01744062607585821,1,meningioma,0.6469126295229517,0.7797418477055847,1,meningioma,0.6028847300758706,0.8751679143728335
D3B_icdc_glioma,GLIOMA01-i_2EC9,1.3.6.1.4.1.14519.5.2.1.51358827044288932449059921854176618970,1.3.6.1.4.1.14519.5.2.1.214049945825638329059258097737917749583,AX FSE T1,BRAIN CARDIAC COIL/4,HEAD,glioma,collection_level_icdc_glioma,data/processed/D3B_icdc_glioma_selected_slices/GLIOMA01-i_2EC9/GLIOMA01-i_2EC9__737917749583__central03_idx0014.png,data/raw/D3B_icdc_glioma/1.3.6.1.4.1.14519.5.2.1.214049945825638329059258097737917749583/1-15.dcm,3,14,29,0,glioma,0.6636263728141785,0.6636263728141785,0.8415570039138639,1.8016093969345093,0.6636263728141785,0.8926857113838196,0.2674133777618408,-0.658898115158081,0.0566681288182735,-2.1871509552001958,0.01229212526232,0.6636263888633683,0.607927959513724,0.26741336325495857,0.2883395205298413,0.056668120937325366,0.08070618484569923,0.012292126944347712,0.02302633511073535,0,glioma,0.6636263888633683,0.8415569807935236,0,glioma,0.607927959513724,0.9511165139948752
D3B_icdc_glioma,GLIOMA01-i_2EC9,1.3.6.1.4.1.14519.5.2.1.51358827044288932449059921854176618970,1.3.6.1.4.1.14519.5.2.1.214049945825638329059258097737917749583,AX FSE T1,BRAIN CARDIAC COIL/4,HEAD,glioma,collection_level_icdc_glioma,data/processed/D3B_icdc_glioma_selected_slices/GLIOMA01-i_2EC9/GLIOMA01-i_2EC9__737917749583__central04_idx0015.png,data/raw/D3B_icdc_glioma/1.3.6.1.4.1.14519.5.2.1.214049945825638329059258097737917749583/1-16.dcm,4,15,29,0,glioma,0.6488281488418579,0.6488281488418579,0.7790496647007901,2.107829332351685,0.6488281488418579,1.3886399269104004,0.3160746693611145,-1.0127705335617063,0.0286332350224256,-2.501098871231079,0.0064639439806342,0.6488281518407862,0.6045179423816738,0.3160746712349734,0.3350303275718544,0.028633232723261966,0.04668759487991618,0.006463944200978423,0.013764135166555594,0,glioma,0.6488281518407862,0.7790496583038978,0,glioma,0.6045179423816738,0.8726879890078536
D3B_icdc_glioma,GLIOMA01-i_2EC9,1.3.6.1.4.1.14519.5.2.1.51358827044288932449059921854176618970,1.3.6.1.4.1.14519.5.2.1.214049945825638329059258097737917749583,AX FSE T1,BRAIN CARDIAC COIL/4,HEAD,glioma,collection_level_icdc_glioma,data/processed/D3B_icdc_glioma_selected_slices/GLIOMA01-i_2EC9/GLIOMA01-i_2EC9__737917749583__central05_idx0016.png,data/raw/D3B_icdc_glioma/1.3.6.1.4.1.14519.5.2.1.214049945825638329059258097737917749583/1-17.dcm,5,16,29,0,glioma,0.8918615579605103,0.8918615579605103,0.396908802890618,3.0815210342407227,0.8918615579605103,0.7941924929618835,0.0905572697520256,-0.9679036140441896,0.0155472876504063,-3.001862049102783,0.0020338443573564,0.891861600069125,0.8362205021500791,0.09055726584787285,0.12796698386287275,0.015547289509853856,0.030135073542649115,0.002033844573148256,0.0056774404443991205,0,glioma,0.891861600069125,0.39690876713305767,0,glioma,0.8362205021500791,0.547561294935748
D3B_icdc_glioma,GLIOMA01-i_B70F,1.3.6.1.4.1.14519.5.2.1.135473408767376676403387371231283047350,1.3.6.1.4.1.14519.5.2.1.223936393249969570249961621891124711799,BRAIN/T1_TRANS,,HEAD,glioma,collection_level_icdc_glioma,data/processed/D3B_icdc_glioma_selected_slices/GLIOMA01-i_B70F/GLIOMA01-i_B70F__891124711799__central01_idx0009.png,data/raw/D3B_icdc_glioma/1.3.6.1.4.1.14519.5.2.1.223936393249969570249961621891124711799/1-10.dcm,1,9,23,2,notumor,0.9449880719184875,0.0287483241409063,0.2637506630058925,-0.5910385847091675,0.0287483241409063,-0.8885852098464966,0.0213495939970016,2.9015543460845947,0.9449880719184875,-2.3575098514556885,0.0049140970222651,0.028748318803163146,0.051049861469787114,0.021349592737900103,0.03998954668101073,0.9449879914149487,0.8969818957642975,0.004914097043988071,0.011978696084904625,2,notumor,0.9449879914149487,0.2637507218568875,2,notumor,0.8969818957642975,0.4311235050264055
D3B_icdc_glioma,GLIOMA01-i_B70F,1.3.6.1.4.1.14519.5.2.1.135473408767376676403387371231283047350,1.3.6.1.4.1.14519.5.2.1.223936393249969570249961621891124711799,BRAIN/T1_TRANS,,HEAD,glioma,collection_level_icdc_glioma,data/processed/D3B_icdc_glioma_selected_slices/GLIOMA01-i_B70F/GLIOMA01-i_B70F__891124711799__central02_idx0010.png,data/raw/D3B_icdc_glioma/1.3.6.1.4.1.14519.5.2.1.223936393249969570249961621891124711799/1-11.dcm,2,10,23,2,notumor,0.866009533405304,0.044615052640438,0.5385941336271558,-0.6504348516464233,0.044615052640438,-0.917972981929779,0.0341421701014041,2.315389633178711,0.866009533405304,-0.4369398355484009,0.0552333332598209,0.04461505448999049,0.06945393804189778,0.03414216792604252,0.05576273481429655,0.8660094593280676,0.7920294650918024,0.05523331825589944,0.08275386205200334,2,notumor,0.8660094593280676,0.5385941673280707,2,notumor,0.7920294650918024,0.7370875151770855
D3B_icdc_glioma,GLIOMA01-i_B70F,1.3.6.1.4.1.14519.5.2.1.135473408767376676403387371231283047350,1.3.6.1.4.1.14519.5.2.1.223936393249969570249961621891124711799,BRAIN/T1_TRANS,,HEAD,glioma,collection_level_icdc_glioma,data/processed/D3B_icdc_glioma_selected_slices/GLIOMA01-i_B70F/GLIOMA01-i_B70F__891124711799__central03_idx0011.png,data/raw/D3B_icdc_glioma/1.3.6.1.4.1.14519.5.2.1.223936393249969570249961621891124711799/1-12.dcm,3,11,23,2,notumor,0.8114445805549622,0.096315786242485,0.6763836764094558,-0.0205892492085695,0.096315786242485,-1.0100977420806885,0.0358063019812107,2.1105945110321045,0.8114445805549622,-0.5551626086235046,0.0564332753419876,0.09631580046288452,0.1275909804307112,0.03580630115705869,0.05664361140279324,0.8114446203017792,0.7334855390292674,0.05643327807827756,0.08227986913722812,2,notumor,0.8114446203017792,0.6763836672341315,2,notumor,0.7334855390292674,0.8581692929273121
D3B_icdc_glioma,GLIOMA01-i_B70F,1.3.6.1.4.1.14519.5.2.1.135473408767376676403387371231283047350,1.3.6.1.4.1.14519.5.2.1.223936393249969570249961621891124711799,BRAIN/T1_TRANS,,HEAD,glioma,collection_level_icdc_glioma,data/processed/D3B_icdc_glioma_selected_slices/GLIOMA01-i_B70F/GLIOMA01-i_B70F__891124711799__central04_idx0012.png,data/raw/D3B_icdc_glioma/1.3.6.1.4.1.14519.5.2.1.223936393249969570249961621891124711799/1-13.dcm,4,12,23,1,meningioma,0.3613405227661133,0.2811099886894226,1.111178015854174,0.875083863735199,0.2811099886894226,1.1261587142944336,0.3613405227661133,1.106250882148743,0.3542181551456451,-3.5602850914001465,0.0033313482999801,0.2811099723413527,0.28868661569269854,0.36134052778478376,0.3547413463426405,0.3542181519691522,0.3489928210021693,0.0033313479047114027,0.007579216962491776,1,meningioma,0.36134052778478376,1.1111780095666988,1,meningioma,0.3547413463426405,1.1307006291590938
D3B_icdc_glioma,GLIOMA01-i_B70F,1.3.6.1.4.1.14519.5.2.1.135473408767376676403387371231283047350,1.3.6.1.4.1.14519.5.2.1.223936393249969570249961621891124711799,BRAIN/T1_TRANS,,HEAD,glioma,collection_level_icdc_glioma,data/processed/D3B_icdc_glioma_selected_slices/GLIOMA01-i_B70F/GLIOMA01-i_B70F__891124711799__central05_idx0013.png,data/raw/D3B_icdc_glioma/1.3.6.1.4.1.14519.5.2.1.223936393249969570249961621891124711799/1-14.dcm,5,13,23,2,notumor,0.997529923915863,0.0017595085082575,0.0192217871672615,-0.5116923451423645,0.0017595085082575,-2.571335792541504,0.0002243363414891,5.828555107116699,0.997529923915863,-1.797685146331787,0.0004862861242145,0.0017595087306034056,0.005453038241099015,0.00022433634622949844,0.0010059225021607978,0.9975298688310851,0.9916430225318047,0.00048628609208207146,0.0018980167249354441,2,notumor,0.9975298688310851,0.019221843125831032,2,notumor,0.9916430225318047,0.05557841245072491
D3B_icdc_glioma,GLIOMA01-i_6638,1.3.6.1.4.1.14519.5.2.1.146926127960808346044494435717632958434,1.3.6.1.4.1.14519.5.2.1.230636614906262606293287971990035735457,MP RAGE TRANS + C,MP RAGE FS +C,HEAD,glioma,collection_level_icdc_glioma,data/processed/D3B_icdc_glioma_selected_slices/GLIOMA01-i_6638/GLIOMA01-i_6638__990035735457__central01_idx0019.png,data/raw/D3B_icdc_glioma/1.3.6.1.4.1.14519.5.2.1.230636614906262606293287971990035735457/1-20.dcm,1,19,42,2,notumor,0.8395945429801941,0.1340627372264862,0.5296942174944532,0.569873034954071,0.1340627372264862,-1.9770481586456297,0.0105001162737607,2.404484272003174,0.8395945429801941,-1.56573486328125,0.0158425588160753,0.1340627395071243,0.17230050247558848,0.01050012017204202,0.02130800012710179,0.8395945801952128,0.776528172228271,0.015842560125620984,0.029863325169038866,2,notumor,0.8395945801952128,0.529694207070469,2,notumor,0.776528172228271,0.6862557504768121
D3B_icdc_glioma,GLIOMA01-i_6638,1.3.6.1.4.1.14519.5.2.1.146926127960808346044494435717632958434,1.3.6.1.4.1.14519.5.2.1.230636614906262606293287971990035735457,MP RAGE TRANS + C,MP RAGE FS +C,HEAD,glioma,collection_level_icdc_glioma,data/processed/D3B_icdc_glioma_selected_slices/GLIOMA01-i_6638/GLIOMA01-i_6638__990035735457__central02_idx0020.png,data/raw/D3B_icdc_glioma/1.3.6.1.4.1.14519.5.2.1.230636614906262606293287971990035735457/1-21.dcm,2,20,42,2,notumor,0.9778449535369872,0.0121494904160499,0.1281833538556182,-0.7761777639389038,0.0121494904160499,-1.9516098499298096,0.003750373609364,3.6118860244750977,0.9778449535369872,-1.4400365352630615,0.0062552951276302,0.012149490322798717,0.025906753043597623,0.0037503723717091666,0.009873684219462412,0.9778448414062014,0.9491947797132682,0.006255295899290843,0.015024783023671676,2,notumor,0.9778448414062014,0.1281834606244079,2,notumor,0.9491947797132682,0.2528064583273933
D3B_icdc_glioma,GLIOMA01-i_6638,1.3.6.1.4.1.14519.5.2.1.146926127960808346044494435717632958434,1.3.6.1.4.1.14519.5.2.1.230636614906262606293287971990035735457,MP RAGE TRANS + C,MP RAGE FS +C,HEAD,glioma,collection_level_icdc_glioma,data/processed/D3B_icdc_glioma_selected_slices/GLIOMA01-i_6638/GLIOMA01-i_6638__990035735457__central03_idx0021.png,data/raw/D3B_icdc_glioma/1.3.6.1.4.1.14519.5.2.1.230636614906262606293287971990035735457/1-22.dcm,3,21,42,2,notumor,0.9938388466835022,0.0027345467824488,0.0437311598612683,-1.1266671419143677,0.0027345467824488,-2.208953857421875,0.0009265185799449,4.768942356109619,0.9938388466835022,-1.216280221939087,0.0025001538451761,0.0027345462121422678,0.007776399879926394,0.0009265185497155268,0.0031992090253395652,0.9938387810048072,0.9817993596866268,0.002500154233335046,0.0072250314081073125,2,notumor,0.9938387810048072,0.043731224095092294,2,notumor,0.9817993596866268,0.10980119660045659
D3B_icdc_glioma,GLIOMA01-i_6638,1.3.6.1.4.1.14519.5.2.1.146926127960808346044494435717632958434,1.3.6.1.4.1.14519.5.2.1.230636614906262606293287971990035735457,MP RAGE TRANS + C,MP RAGE FS +C,HEAD,glioma,collection_level_icdc_glioma,data/processed/D3B_icdc_glioma_selected_slices/GLIOMA01-i_6638/GLIOMA01-i_6638__990035735457__central04_idx0022.png,data/raw/D3B_icdc_glioma/1.3.6.1.4.1.14519.5.2.1.230636614906262606293287971990035735457/1-23.dcm,4,22,42,2,notumor,0.8488513827323914,0.0844224765896797,0.5625785261035823,-0.0218724031001329,0.0844224765896797,-1.825405836105347,0.0139057207852602,2.28617787361145,0.8488513827323914,-0.4908093214035034,0.0528203770518302,0.08442249362194819,0.11689190854046995,0.01390572248796126,0.02660664802463105,0.8488514113477373,0.7769493817000767,0.05282037254235323,0.07955206173482234,2,notumor,0.8488514113477373,0.5625785240724925,2,notumor,0.7769493817000767,0.744860801671356
D3B_icdc_glioma,GLIOMA01-i_6638,1.3.6.1.4.1.14519.5.2.1.146926127960808346044494435717632958434,1.3.6.1.4.1.14519.5.2.1.230636614906262606293287971990035735457,MP RAGE TRANS + C,MP RAGE FS +C,HEAD,glioma,collection_level_icdc_glioma,data/processed/D3B_icdc_glioma_selected_slices/GLIOMA01-i_6638/GLIOMA01-i_6638__990035735457__central05_idx0023.png,data/raw/D3B_icdc_glioma/1.3.6.1.4.1.14519.5.2.1.230636614906262606293287971990035735457/1-24.dcm,5,23,42,2,notumor,0.5849206447601318,0.0971725955605506,1.0333529491338889,-0.5151674747467041,0.0971725955605506,0.5191252827644348,0.2733577489852905,1.2798200845718384,0.5849206447601318,-1.2950682640075684,0.0445489212870597,0.09717259518560394,0.12155462832635953,0.27335778002027666,0.28405472861992015,0.5849207035147369,0.5302979699325867,0.04454892127938253,0.06409267312113362,2,notumor,0.5849207035147369,1.0333529305893645,2,notumor,0.5302979699325867,1.1261375959900992
D3B_icdc_glioma,GLIOMA01-i_5E9A,1.3.6.1.4.1.14519.5.2.1.79654016710037857091733224322009905579,1.3.6.1.4.1.14519.5.2.1.235513932315351294077537876410998274168,BRAIN/T1_TRANS,,HEAD,glioma,collection_level_icdc_glioma,data/processed/D3B_icdc_glioma_selected_slices/GLIOMA01-i_5E9A/GLIOMA01-i_5E9A__410998274168__central01_idx0010.png,data/raw/D3B_icdc_glioma/1.3.6.1.4.1.14519.5.2.1.235513932315351294077537876410998274168/1-11.dcm,1,10,25,1,meningioma,0.6706377863883972,0.1996794939041137,0.893164551801238,0.4184575378894806,0.1996794939041137,1.62997305393219,0.6706377863883972,-0.1053036376833915,0.1182679161429405,-2.4433462619781494,0.0114147877320647,0.19967951561072025,0.22477958414980154,0.6706377835810514,0.6075066679998826,0.11826791107628773,0.14624601235460502,0.011414789731940638,0.021467735495710794,1,meningioma,0.6706377835810514,0.8931645679462256,1,meningioma,0.6075066679998826,1.0019052149845642
D3B_icdc_glioma,GLIOMA01-i_5E9A,1.3.6.1.4.1.14519.5.2.1.79654016710037857091733224322009905579,1.3.6.1.4.1.14519.5.2.1.235513932315351294077537876410998274168,BRAIN/T1_TRANS,,HEAD,glioma,collection_level_icdc_glioma,data/processed/D3B_icdc_glioma_selected_slices/GLIOMA01-i_5E9A/GLIOMA01-i_5E9A__410998274168__central02_idx0011.png,data/raw/D3B_icdc_glioma/1.3.6.1.4.1.14519.5.2.1.235513932315351294077537876410998274168/1-12.dcm,2,11,25,2,notumor,0.5757104754447937,0.088867649435997,1.0745972955806,-0.7262264490127563,0.088867649435997,0.3581404387950897,0.2628320455551147,1.1422301530838013,0.5757104754447937,-0.92854905128479,0.0725898817181587,0.08886765364201539,0.11216229911033483,0.2628320179443461,0.2731016110899729,0.5757104408049913,0.5197330616866329,0.07258988760864718,0.09500302811305941,2,notumor,0.5757104408049913,1.0745973173451209,2,notumor,0.5197330616866329,1.1636079177190528
D3B_icdc_glioma,GLIOMA01-i_5E9A,1.3.6.1.4.1.14519.5.2.1.79654016710037857091733224322009905579,1.3.6.1.4.1.14519.5.2.1.235513932315351294077537876410998274168,BRAIN/T1_TRANS,,HEAD,glioma,collection_level_icdc_glioma,data/processed/D3B_icdc_glioma_selected_slices/GLIOMA01-i_5E9A/GLIOMA01-i_5E9A__410998274168__central03_idx0012.png,data/raw/D3B_icdc_glioma/1.3.6.1.4.1.14519.5.2.1.235513932315351294077537876410998274168/1-13.dcm,3,12,25,1,meningioma,0.7961039543151855,0.1866084784269333,0.5722348212346169,1.0674289464950562,0.1866084784269333,2.51814603805542,0.7961039543151855,-1.4732805490493774,0.0147067019715905,-3.213459253311157,0.0025808641221374,0.18660847248047666,0.22507419907650114,0.7961039624801735,0.7402413241223378,0.014706700354163976,0.02797665329795111,0.0025808646851859843,0.0067078235032099745,1,meningioma,0.7961039624801735,0.5722348084806271,1,meningioma,0.7402413241223378,0.691932339242991
D3B_icdc_glioma,GLIOMA01-i_5E9A,1.3.6.1.4.1.14519.5.2.1.79654016710037857091733224322009905579,1.3.6.1.4.1.14519.5.2.1.235513932315351294077537876410998274168,BRAIN/T1_TRANS,,HEAD,glioma,collection_level_icdc_glioma,data/processed/D3B_icdc_glioma_selected_slices/GLIOMA01-i_5E9A/GLIOMA01-i_5E9A__410998274168__central04_idx0013.png,data/raw/D3B_icdc_glioma/1.3.6.1.4.1.14519.5.2.1.235513932315351294077537876410998274168/1-14.dcm,4,13,25,0,glioma,0.6087207794189453,0.6087207794189453,0.82469001482945,1.90628719329834,0.6087207794189453,1.3402884006500244,0.3456272184848785,-0.7847484946250916,0.0412777625024318,-3.029327630996704,0.0043742936104536,0.6087207267216898,0.5695599410331849,0.3456272191943288,0.35794208935728383,0.04127776171968076,0.06257948447891508,0.0043742923643006,0.009918485130616246,0,glioma,0.6087207267216898,0.8246900341771057,0,glioma,0.5695599410331849,0.9075294381827473
D3B_icdc_glioma,GLIOMA01-i_5E9A,1.3.6.1.4.1.14519.5.2.1.79654016710037857091733224322009905579,1.3.6.1.4.1.14519.5.2.1.235513932315351294077537876410998274168,BRAIN/T1_TRANS,,HEAD,glioma,collection_level_icdc_glioma,data/processed/D3B_icdc_glioma_selected_slices/GLIOMA01-i_5E9A/GLIOMA01-i_5E9A__410998274168__central05_idx0014.png,data/raw/D3B_icdc_glioma/1.3.6.1.4.1.14519.5.2.1.235513932315351294077537876410998274168/1-15.dcm,5,14,25,2,notumor,0.5295966863632202,0.3035870194435119,1.0107569197969788,1.014717936515808,0.3035870194435119,0.4001193940639496,0.1641974747180938,1.5711653232574463,0.5295966863632202,-3.7382235527038574,0.0026188273914158,0.3035870320115351,0.31221747185272425,0.16419746987474962,0.18854246509267175,0.5295966702397269,0.4929236662408587,0.0026188278739883667,0.006316396813745367,2,notumor,0.5295966702397269,1.010756926565175,2,notumor,0.4929236662408587,1.0586934255061178
D3B_icdc_glioma,GLIOMA01-i_BD58,1.3.6.1.4.1.14519.5.2.1.286629041372342735261556993637546599739,1.3.6.1.4.1.14519.5.2.1.23630376391353921122928249927997167196,T1+C Axial,LG. CANINE BRAIN/,HEAD,glioma,collection_level_icdc_glioma,data/processed/D3B_icdc_glioma_selected_slices/GLIOMA01-i_BD58/GLIOMA01-i_BD58__927997167196__central01_idx0005.png,data/raw/D3B_icdc_glioma/1.3.6.1.4.1.14519.5.2.1.23630376391353921122928249927997167196/1-06.dcm,1,5,15,2,notumor,0.9295133352279664,0.0528221018612384,0.2996094353854789,0.5191888809204102,0.0528221018612384,-0.6622257828712463,0.0162081625312566,3.38692045211792,0.9295133352279664,-3.071767091751098,0.0014564084121957,0.052822095643870366,0.08365824706078395,0.01620816159424619,0.031728005212127264,0.9295133340652744,0.8802217485898797,0.0014564086966092696,0.004391999137209233,2,notumor,0.9295133340652744,0.29960942304409915,2,notumor,0.8802217485898797,0.4531762125784854
D3B_icdc_glioma,GLIOMA01-i_BD58,1.3.6.1.4.1.14519.5.2.1.286629041372342735261556993637546599739,1.3.6.1.4.1.14519.5.2.1.23630376391353921122928249927997167196,T1+C Axial,LG. CANINE BRAIN/,HEAD,glioma,collection_level_icdc_glioma,data/processed/D3B_icdc_glioma_selected_slices/GLIOMA01-i_BD58/GLIOMA01-i_BD58__927997167196__central02_idx0006.png,data/raw/D3B_icdc_glioma/1.3.6.1.4.1.14519.5.2.1.23630376391353921122928249927997167196/1-07.dcm,2,6,15,2,notumor,0.8419631123542786,0.1524031162261963,0.4646038229429406,1.6665101051330566,0.1524031162261963,-2.4040327072143555,0.0026012351736426,3.375717163085937,0.8419631123542786,-2.250640392303467,0.0030324733816087,0.1524031329146782,0.19448955555364086,0.002601235144696608,0.0068884425286820095,0.8419631581990757,0.790809478473776,0.0030324737415493705,0.007812523443901036,2,notumor,0.8419631581990757,0.464603801274445,2,notumor,0.790809478473776,0.5762508773999523
D3B_icdc_glioma,GLIOMA01-i_BD58,1.3.6.1.4.1.14519.5.2.1.286629041372342735261556993637546599739,1.3.6.1.4.1.14519.5.2.1.23630376391353921122928249927997167196,T1+C Axial,LG. CANINE BRAIN/,HEAD,glioma,collection_level_icdc_glioma,data/processed/D3B_icdc_glioma_selected_slices/GLIOMA01-i_BD58/GLIOMA01-i_BD58__927997167196__central03_idx0007.png,data/raw/D3B_icdc_glioma/1.3.6.1.4.1.14519.5.2.1.23630376391353921122928249927997167196/1-08.dcm,3,7,15,0,glioma,0.9797165989875792,0.9797165989875792,0.1059101159820536,4.519943714141846,0.9797165989875792,-2.7581000328063965,0.0006765287253074,0.5588462948799133,0.0186559632420539,-2.417787313461304,0.0009507848881185,0.9797167193030419,0.957248090776332,0.0006765287872877698,0.00243819989616916,0.01865596713771773,0.037089972457807485,0.0009507847719526849,0.003223736869691325,0,glioma,0.9797167193030419,0.10591000944559312,0,glioma,0.957248090776332,0.19717894950185366
D3B_icdc_glioma,GLIOMA01-i_BD58,1.3.6.1.4.1.14519.5.2.1.286629041372342735261556993637546599739,1.3.6.1.4.1.14519.5.2.1.23630376391353921122928249927997167196,T1+C Axial,LG. CANINE BRAIN/,HEAD,glioma,collection_level_icdc_glioma,data/processed/D3B_icdc_glioma_selected_slices/GLIOMA01-i_BD58/GLIOMA01-i_BD58__927997167196__central04_idx0008.png,data/raw/D3B_icdc_glioma/1.3.6.1.4.1.14519.5.2.1.23630376391353921122928249927997167196/1-09.dcm,4,8,15,2,notumor,0.5764979124069214,0.4152669012546539,0.7276187218160409,2.262076139450073,0.4152669012546539,-2.214599609375,0.0047220620326697,2.5901265144348145,0.5764979124069214,-2.5103418827056885,0.0035131149925291,0.41526687915449984,0.4247674334541972,0.0047220623702570776,0.01078020000375724,0.5764979425429164,0.555995259696684,0.0035131159323266384,0.008457106845361566,2,notumor,0.5764979425429164,0.7276187167978458,2,notumor,0.555995259696684,0.7792567447405468
D3B_icdc_glioma,GLIOMA01-i_BD58,1.3.6.1.4.1.14519.5.2.1.286629041372342735261556993637546599739,1.3.6.1.4.1.14519.5.2.1.23630376391353921122928249927997167196,T1+C Axial,LG. CANINE BRAIN/,HEAD,glioma,collection_level_icdc_glioma,data/processed/D3B_icdc_glioma_selected_slices/GLIOMA01-i_BD58/GLIOMA01-i_BD58__927997167196__central05_idx0009.png,data/raw/D3B_icdc_glioma/1.3.6.1.4.1.14519.5.2.1.23630376391353921122928249927997167196/1-10.dcm,5,9,15,2,notumor,0.9096219539642334,0.0860146880149841,0.3231996602386399,1.3706046342849731,0.0860146880149841,-1.8609957695007324,0.0033970854710787,3.72911548614502,0.9096219539642334,-3.118155002593994,0.0009663382079452,0.08601469445118991,0.12463551044916767,0.003397085110879925,0.008787646736708793,0.9096218823219898,0.8634449232143097,0.0009663381159402298,0.0031319195998138335,2,notumor,0.9096218823219898,0.32319973221365017,2,notumor,0.8634449232143097,0.445974958523567
D3B_icdc_glioma,GLIOMA01-i_E271,1.3.6.1.4.1.14519.5.2.1.61836843430643358219125670239042490797,1.3.6.1.4.1.14519.5.2.1.238285012137156161013026717114199153605,AX FSE T1,BRAIN CARDIAC COIL/4,HEAD,glioma,collection_level_icdc_glioma,data/processed/D3B_icdc_glioma_selected_slices/GLIOMA01-i_E271/GLIOMA01-i_E271__114199153605__central01_idx0010.png,data/raw/D3B_icdc_glioma/1.3.6.1.4.1.14519.5.2.1.238285012137156161013026717114199153605/1-11.dcm,1,10,25,1,meningioma,0.753835916519165,0.1524691730737686,0.7316615314290684,0.794758677482605,0.1524691730737686,2.39297103881836,0.753835916519165,0.2852179408073425,0.0915991216897964,-3.4922444820404053,0.0020958497188985,0.1524691559300459,0.1851858562766912,0.7538358816565014,0.6874228515662001,0.0915991124954862,0.1218998766583416,0.002095849917966509,0.005491415498767233,1,meningioma,0.7538358816565014,0.731661529585735,1,meningioma,0.6874228515662001,0.8550720247578023
D3B_icdc_glioma,GLIOMA01-i_E271,1.3.6.1.4.1.14519.5.2.1.61836843430643358219125670239042490797,1.3.6.1.4.1.14519.5.2.1.238285012137156161013026717114199153605,AX FSE T1,BRAIN CARDIAC COIL/4,HEAD,glioma,collection_level_icdc_glioma,data/processed/D3B_icdc_glioma_selected_slices/GLIOMA01-i_E271/GLIOMA01-i_E271__114199153605__central02_idx0011.png,data/raw/D3B_icdc_glioma/1.3.6.1.4.1.14519.5.2.1.238285012137156161013026717114199153605/1-12.dcm,2,11,25,1,meningioma,0.8869473338127136,0.0655814558267593,0.4358696829382536,0.2833746671676636,0.0655814558267593,2.8878674507141118,0.8869473338127136,-0.0685066655278205,0.0461276024580001,-3.6045773029327393,0.0013435839209705,0.06558144834705452,0.09739253357675266,0.8869473648564976,0.8256357878373045,0.046127602506384854,0.0729646050639977,0.001343584290063238,0.004007073521945086,1,meningioma,0.8869473648564976,0.4358696448922767,1,meningioma,0.8256357878373045,0.5981440185771888
D3B_icdc_glioma,GLIOMA01-i_E271,1.3.6.1.4.1.14519.5.2.1.61836843430643358219125670239042490797,1.3.6.1.4.1.14519.5.2.1.238285012137156161013026717114199153605,AX FSE T1,BRAIN CARDIAC COIL/4,HEAD,glioma,collection_level_icdc_glioma,data/processed/D3B_icdc_glioma_selected_slices/GLIOMA01-i_E271/GLIOMA01-i_E271__114199153605__central03_idx0012.png,data/raw/D3B_icdc_glioma/1.3.6.1.4.1.14519.5.2.1.238285012137156161013026717114199153605/1-13.dcm,3,12,25,1,meningioma,0.6653944849967957,0.2919611036777496,0.7832632906120947,1.156732439994812,0.2919611036777496,1.9804918766021729,0.6653944849967957,-0.9325754642486572,0.0361368358135223,-2.6469180583953857,0.0065075955353677,0.29196110829192135,0.31346243919320443,0.6653944609935745,0.6162830301684463,0.03613683475199076,0.05643373961937311,0.006507595962513336,0.013820791018976143,1,meningioma,0.6653944609935745,0.783263305163711,1,meningioma,0.6162830301684463,0.8833555657480674
D3B_icdc_glioma,GLIOMA01-i_E271,1.3.6.1.4.1.14519.5.2.1.61836843430643358219125670239042490797,1.3.6.1.4.1.14519.5.2.1.238285012137156161013026717114199153605,AX FSE T1,BRAIN CARDIAC COIL/4,HEAD,glioma,collection_level_icdc_glioma,data/processed/D3B_icdc_glioma_selected_slices/GLIOMA01-i_E271/GLIOMA01-i_E271__114199153605__central04_idx0013.png,data/raw/D3B_icdc_glioma/1.3.6.1.4.1.14519.5.2.1.238285012137156161013026717114199153605/1-14.dcm,4,13,25,0,glioma,0.921867609024048,0.921867609024048,0.31512542379496,3.182936429977417,0.921867609024048,0.5537142157554626,0.0664985105395317,-1.8712012767791748,0.0058841593563556,-1.8943017721176147,0.0057497909292578,0.9218675535396884,0.8719197246868454,0.06649849712333514,0.10078592413013217,0.005884159178966046,0.01377653099287734,0.005749790158010359,0.013517820190144912,0,glioma,0.9218675535396884,0.3151254478751438,0,glioma,0.8719197246868454,0.4679894604753133
D3B_icdc_glioma,GLIOMA01-i_E271,1.3.6.1.4.1.14519.5.2.1.61836843430643358219125670239042490797,1.3.6.1.4.1.14519.5.2.1.238285012137156161013026717114199153605,AX FSE T1,BRAIN CARDIAC COIL/4,HEAD,glioma,collection_level_icdc_glioma,data/processed/D3B_icdc_glioma_selected_slices/GLIOMA01-i_E271/GLIOMA01-i_E271__114199153605__central05_idx0014.png,data/raw/D3B_icdc_glioma/1.3.6.1.4.1.14519.5.2.1.238285012137156161013026717114199153605/1-15.dcm,5,14,25,0,glioma,0.9043526649475098,0.9043526649475098,0.3975346988960511,2.6328914165496826,0.9043526649475098,-0.0348149091005325,0.0627722516655922,-1.0653897523880005,0.0223972480744123,-1.825070858001709,0.0104777859523892,0.9043527121587662,0.8432825608649891,0.062772251891161,0.0944453199769165,0.022397252244396877,0.040539185078326226,0.010477783705675975,0.021732934079768073,0,glioma,0.9043527121587662,0.3975346605061782,0,glioma,0.8432825608649891,0.5797676659964752
D3B_icdc_glioma,GLIOMA01-i_99AF,1.3.6.1.4.1.14519.5.2.1.35078207812171724664948712001604452335,1.3.6.1.4.1.14519.5.2.1.241410583737689895774361929616886549474,,TE 20 T1  TRANS +C,HEAD,glioma,collection_level_icdc_glioma,data/processed/D3B_icdc_glioma_selected_slices/GLIOMA01-i_99AF/GLIOMA01-i_99AF__616886549474__central01_idx0009.png,data/raw/D3B_icdc_glioma/1.3.6.1.4.1.14519.5.2.1.241410583737689895774361929616886549474/1-10.dcm,1,9,22,2,notumor,0.7156415581703186,0.2633371353149414,0.6774352093974099,1.728437423706055,0.2633371353149414,-0.8740700483322144,0.019510006532073,2.728181838989258,0.7156415581703186,-3.43206787109375,0.001511238864623,0.2633371346235867,0.29375858417679385,0.019510009077906076,0.034708456599648135,0.7156416173695493,0.6672794865576275,0.0015112389289578586,0.0042534726659305,2,notumor,0.7156416173695493,0.677435177603858,2,notumor,0.6672794865576275,0.7696700794622875
D3B_icdc_glioma,GLIOMA01-i_99AF,1.3.6.1.4.1.14519.5.2.1.35078207812171724664948712001604452335,1.3.6.1.4.1.14519.5.2.1.241410583737689895774361929616886549474,,TE 20 T1  TRANS +C,HEAD,glioma,collection_level_icdc_glioma,data/processed/D3B_icdc_glioma_selected_slices/GLIOMA01-i_99AF/GLIOMA01-i_99AF__616886549474__central02_idx0010.png,data/raw/D3B_icdc_glioma/1.3.6.1.4.1.14519.5.2.1.241410583737689895774361929616886549474/1-11.dcm,2,10,22,2,notumor,0.8616241216659546,0.1252266019582748,0.4491934950715184,1.3055031299591064,0.1252266019582748,-1.0340734720230105,0.0120678897947072,3.2341973781585693,0.8616241216659546,-3.4463446140289307,0.001081422320567,0.1252265931760749,0.16568800660168015,0.012067890403651148,0.024291064833500495,0.8616240941435104,0.8066659241508592,0.0010814222767634434,0.003355004413960314,2,notumor,0.8616240941435104,0.4491935108564445,2,notumor,0.8066659241508592,0.580577586964867
D3B_icdc_glioma,GLIOMA01-i_99AF,1.3.6.1.4.1.14519.5.2.1.35078207812171724664948712001604452335,1.3.6.1.4.1.14519.5.2.1.241410583737689895774361929616886549474,,TE 20 T1  TRANS +C,HEAD,glioma,collection_level_icdc_glioma,data/processed/D3B_icdc_glioma_selected_slices/GLIOMA01-i_99AF/GLIOMA01-i_99AF__616886549474__central03_idx0011.png,data/raw/D3B_icdc_glioma/1.3.6.1.4.1.14519.5.2.1.241410583737689895774361929616886549474/1-12.dcm,3,11,22,2,notumor,0.913683533668518,0.0826588869094848,0.3106827337569709,1.4352105855941772,0.0826588869094848,-1.8573734760284424,0.0030714152380824,3.837972640991211,0.913683533668518,-3.5136520862579346,0.0005861730314791,0.08265887638593498,0.12094445801889618,0.003071414344875962,0.008111136015226528,0.9136835363541439,0.8688610175740048,0.0005861729150452201,0.0020833883918725117,2,notumor,0.9136835363541439,0.310682710577173,2,notumor,0.8688610175740048,0.4295371216102858
D3B_icdc_glioma,GLIOMA01-i_99AF,1.3.6.1.4.1.14519.5.2.1.35078207812171724664948712001604452335,1.3.6.1.4.1.14519.5.2.1.241410583737689895774361929616886549474,,TE 20 T1  TRANS +C,HEAD,glioma,collection_level_icdc_glioma,data/processed/D3B_icdc_glioma_selected_slices/GLIOMA01-i_99AF/GLIOMA01-i_99AF__616886549474__central04_idx0012.png,data/raw/D3B_icdc_glioma/1.3.6.1.4.1.14519.5.2.1.241410583737689895774361929616886549474/1-13.dcm,4,12,22,0,glioma,0.4739592671394348,0.4739592671394348,0.9073408258660914,1.8651951551437376,0.4739592671394348,-0.0274434816092252,0.0714131966233253,1.8215302228927608,0.453709214925766,-4.3810882568359375,0.000918363337405,0.47395925466762284,0.45823063967199873,0.07141319960168736,0.09694647120723221,0.4537091822833656,0.4421010849716472,0.0009183634473242464,0.0027218041491218286,0,glioma,0.47395925466762284,0.9073408414122596,0,glioma,0.45823063967199873,0.9607556906394822
D3B_icdc_glioma,GLIOMA01-i_99AF,1.3.6.1.4.1.14519.5.2.1.35078207812171724664948712001604452335,1.3.6.1.4.1.14519.5.2.1.241410583737689895774361929616886549474,,TE 20 T1  TRANS +C,HEAD,glioma,collection_level_icdc_glioma,data/processed/D3B_icdc_glioma_selected_slices/GLIOMA01-i_99AF/GLIOMA01-i_99AF__616886549474__central05_idx0013.png,data/raw/D3B_icdc_glioma/1.3.6.1.4.1.14519.5.2.1.241410583737689895774361929616886549474/1-14.dcm,5,13,22,2,notumor,0.6239782571792603,0.1603910028934478,0.9321690379654518,0.5169576406478882,0.1603910028934478,0.8013636469841003,0.2131552249193191,1.8754585981369016,0.6239782571792603,-3.654188394546509,0.0024755650665611,0.16039099290634554,0.1871024835643953,0.21315520156936468,0.23628938587935477,0.6239782408908852,0.5705064638103822,0.002475564633404707,0.0061016667458677395,2,notumor,0.6239782408908852,0.9321690233716619,2,notumor,0.5705064638103822,1.0057958363159412
D3B_icdc_glioma,GLIOMA01-i_6D5C,1.3.6.1.4.1.14519.5.2.1.182892265424180320806494238772816589687,1.3.6.1.4.1.14519.5.2.1.252265203227746269351628087789359818697,BRAIN/T1_SAG,,HEAD,glioma,collection_level_icdc_glioma,data/processed/D3B_icdc_glioma_selected_slices/GLIOMA01-i_6D5C/GLIOMA01-i_6D5C__789359818697__central01_idx0007.png,data/raw/D3B_icdc_glioma/1.3.6.1.4.1.14519.5.2.1.252265203227746269351628087789359818697/1-08.dcm,1,7,19,1,meningioma,0.4756846725940704,0.3525480628013611,1.0871067757708086,0.5586549639701843,0.3525480628013611,0.8582231998443604,0.4756846725940704,-0.2899058163166046,0.1509013324975967,-2.2684128284454346,0.0208659619092941,0.3525480509099863,0.34778334663331356,0.47568466369659795,0.4447105044692377,0.15090132514020352,0.1733303751466404,0.02086596025321219,0.03417577375080826,1,meningioma,0.47568466369659795,1.0871067662425224,1,meningioma,0.4447105044692377,1.1468400298356958
D3B_icdc_glioma,GLIOMA01-i_6D5C,1.3.6.1.4.1.14519.5.2.1.182892265424180320806494238772816589687,1.3.6.1.4.1.14519.5.2.1.252265203227746269351628087789359818697,BRAIN/T1_SAG,,HEAD,glioma,collection_level_icdc_glioma,data/processed/D3B_icdc_glioma_selected_slices/GLIOMA01-i_6D5C/GLIOMA01-i_6D5C__789359818697__central02_idx0008.png,data/raw/D3B_icdc_glioma/1.3.6.1.4.1.14519.5.2.1.252265203227746269351628087789359818697/1-09.dcm,2,8,19,2,notumor,0.6619563698768616,0.0984457656741142,0.8581147555368922,0.0466606169939041,0.0984457656741142,0.9250969290733336,0.2369720190763473,1.9523545503616333,0.6619563698768616,-3.577446937561035,0.0026258332654833,0.09844576081874945,0.12682440296063646,0.23697201571389398,0.2607863279950965,0.6619563904375922,0.6059097792020174,0.0026258330297643244,0.006479489842249663,2,notumor,0.6619563904375922,0.858114734414165,2,notumor,0.6059097792020174,0.9486234908606276
D3B_icdc_glioma,GLIOMA01-i_6D5C,1.3.6.1.4.1.14519.5.2.1.182892265424180320806494238772816589687,1.3.6.1.4.1.14519.5.2.1.252265203227746269351628087789359818697,BRAIN/T1_SAG,,HEAD,glioma,collection_level_icdc_glioma,data/processed/D3B_icdc_glioma_selected_slices/GLIOMA01-i_6D5C/GLIOMA01-i_6D5C__789359818697__central03_idx0009.png,data/raw/D3B_icdc_glioma/1.3.6.1.4.1.14519.5.2.1.252265203227746269351628087789359818697/1-10.dcm,3,9,19,1,meningioma,0.8853862285614014,0.0725396201014518,0.4374642193023638,0.2698342502117157,0.0725396201014518,2.771725416183472,0.8853862285614014,-0.3081505000591278,0.0406967438757419,-3.694135904312134,0.0013773518148809,0.07253961775855523,0.10577779531234996,0.8853862853718218,0.8243075707822481,0.0406967450146964,0.06582577008844007,0.0013773518549263918,0.004088863816961726,1,meningioma,0.8853862853718218,0.4374641683348569,1,meningioma,0.8243075707822481,0.5984682545551493
D3B_icdc_glioma,GLIOMA01-i_6D5C,1.3.6.1.4.1.14519.5.2.1.182892265424180320806494238772816589687,1.3.6.1.4.1.14519.5.2.1.252265203227746269351628087789359818697,BRAIN/T1_SAG,,HEAD,glioma,collection_level_icdc_glioma,data/processed/D3B_icdc_glioma_selected_slices/GLIOMA01-i_6D5C/GLIOMA01-i_6D5C__789359818697__central04_idx0010.png,data/raw/D3B_icdc_glioma/1.3.6.1.4.1.14519.5.2.1.252265203227746269351628087789359818697/1-11.dcm,4,10,19,0,glioma,0.4381449222564697,0.4381449222564697,1.0867100730990815,0.914067268371582,0.4381449222564697,-0.2128796130418777,0.141968160867691,0.8199645280838013,0.3987948000431061,-2.1195805072784424,0.0210921708494424,0.43814489810894497,0.4157626570082227,0.14196815783475203,0.16488921744747892,0.3987947737176681,0.38486328420115584,0.021092170338634763,0.034484841343142385,0,glioma,0.43814489810894497,1.0867100750960335,0,glioma,0.4157626570082227,1.1457118637743704
D3B_icdc_glioma,GLIOMA01-i_6D5C,1.3.6.1.4.1.14519.5.2.1.182892265424180320806494238772816589687,1.3.6.1.4.1.14519.5.2.1.252265203227746269351628087789359818697,BRAIN/T1_SAG,,HEAD,glioma,collection_level_icdc_glioma,data/processed/D3B_icdc_glioma_selected_slices/GLIOMA01-i_6D5C/GLIOMA01-i_6D5C__789359818697__central05_idx0011.png,data/raw/D3B_icdc_glioma/1.3.6.1.4.1.14519.5.2.1.252265203227746269351628087789359818697/1-12.dcm,5,11,19,1,meningioma,0.8988384008407593,0.0958385616540908,0.3515122843197273,0.928592562675476,0.0958385616540908,3.167030572891236,0.8988384008407593,-2.2580697536468506,0.003959045279771,-3.3236420154571533,0.0013640123652294,0.09583857073414746,0.13547696296620296,0.8988383715972569,0.8504784988821443,0.003959045278425753,0.009910887649835476,0.0013640123901698877,0.004133650501817383,1,meningioma,0.8988383715972569,0.3515123227913481,1,meningioma,0.8504784988821443,0.476970363009453
D3B_icdc_glioma,GLIOMA01-i_157E,1.3.6.1.4.1.14519.5.2.1.74202149500891993119266014374660885022,1.3.6.1.4.1.14519.5.2.1.259996636277341485826359784627683529170,O-Ax T1-POST GAD,2864128/6,HEAD,glioma,collection_level_icdc_glioma,data/processed/D3B_icdc_glioma_selected_slices/GLIOMA01-i_157E/GLIOMA01-i_157E__627683529170__central01_idx0011.png,data/raw/D3B_icdc_glioma/1.3.6.1.4.1.14519.5.2.1.259996636277341485826359784627683529170/1-12.dcm,1,11,26,1,meningioma,0.8732151985168457,0.119538739323616,0.4114243088099738,1.3186355829238892,0.119538739323616,3.3071770668029785,0.8732151985168457,-1.683719277381897,0.0059374854899942,-3.1960723400115967,0.0013085672399029,0.11953874565855686,0.16068463721059748,0.8732152020863941,0.8216881931958482,0.005937485278614712,0.013674459342743316,0.0013085669764343532,0.003952710250810928,1,meningioma,0.8732152020863941,0.4114243104876574,1,meningioma,0.8216881931958482,0.5357220581485479
D3B_icdc_glioma,GLIOMA01-i_157E,1.3.6.1.4.1.14519.5.2.1.74202149500891993119266014374660885022,1.3.6.1.4.1.14519.5.2.1.259996636277341485826359784627683529170,O-Ax T1-POST GAD,2864128/6,HEAD,glioma,collection_level_icdc_glioma,data/processed/D3B_icdc_glioma_selected_slices/GLIOMA01-i_157E/GLIOMA01-i_157E__627683529170__central02_idx0012.png,data/raw/D3B_icdc_glioma/1.3.6.1.4.1.14519.5.2.1.259996636277341485826359784627683529170/1-13.dcm,2,12,26,0,glioma,0.9683879017829896,0.9683879017829896,0.1477625056203888,4.583831310272217,0.9683879017829896,1.1063849925994873,0.0299098081886768,-1.9726837873458865,0.0013759130379185,-3.4117133617401123,0.0003263086255174,0.9683879692667718,0.9401649980868633,0.02990980891645764,0.05417679976233211,0.001375913265951269,0.004329200277481782,0.0003263085508190191,0.001329001873322701,0,glioma,0.9683879692667718,0.14776244288020818,0,glioma,0.9401649980868633,0.24832420640704733
D3B_icdc_glioma,GLIOMA01-i_157E,1.3.6.1.4.1.14519.5.2.1.74202149500891993119266014374660885022,1.3.6.1.4.1.14519.5.2.1.259996636277341485826359784627683529170,O-Ax T1-POST GAD,2864128/6,HEAD,glioma,collection_level_icdc_glioma,data/processed/D3B_icdc_glioma_selected_slices/GLIOMA01-i_157E/GLIOMA01-i_157E__627683529170__central03_idx0013.png,data/raw/D3B_icdc_glioma/1.3.6.1.4.1.14519.5.2.1.259996636277341485826359784627683529170/1-14.dcm,3,13,26,1,meningioma,0.7513777613639832,0.2307903170585632,0.6316846627430992,1.570223093032837,0.2307903170585632,2.750622034072876,0.7513777613639832,-1.1233969926834106,0.0156096508726477,-3.072751522064209,0.002222282346338,0.23079031649085843,0.26551136881258786,0.7513777479003827,0.699499006133158,0.015609652794243431,0.029110828493988078,0.0022222828145153036,0.00587879656026597,1,meningioma,0.7513777479003827,0.6316846805574886,1,meningioma,0.699499006133158,0.7352391145959613
D3B_icdc_glioma,GLIOMA01-i_157E,1.3.6.1.4.1.14519.5.2.1.74202149500891993119266014374660885022,1.3.6.1.4.1.14519.5.2.1.259996636277341485826359784627683529170,O-Ax T1-POST GAD,2864128/6,HEAD,glioma,collection_level_icdc_glioma,data/processed/D3B_icdc_glioma_selected_slices/GLIOMA01-i_157E/GLIOMA01-i_157E__627683529170__central04_idx0014.png,data/raw/D3B_icdc_glioma/1.3.6.1.4.1.14519.5.2.1.259996636277341485826359784627683529170/1-15.dcm,4,14,26,0,glioma,0.5278098583221436,0.5278098583221436,0.8198295422726899,2.1255130767822266,0.5278098583221436,1.9417229890823364,0.4391961097717285,-0.7226378321647644,0.0305873081088066,-3.264970064163208,0.0024066918995231,0.5278098790249568,0.507984124132787,0.43919611896630695,0.4368635664067696,0.030587310466450326,0.049062030209966544,0.0024066915422858723,0.006090279250476804,0,glioma,0.5278098790249568,0.8198295372373119,0,glioma,0.507984124132787,0.8848146616208604
D3B_icdc_glioma,GLIOMA01-i_157E,1.3.6.1.4.1.14519.5.2.1.74202149500891993119266014374660885022,1.3.6.1.4.1.14519.5.2.1.259996636277341485826359784627683529170,O-Ax T1-POST GAD,2864128/6,HEAD,glioma,collection_level_icdc_glioma,data/processed/D3B_icdc_glioma_selected_slices/GLIOMA01-i_157E/GLIOMA01-i_157E__627683529170__central05_idx0015.png,data/raw/D3B_icdc_glioma/1.3.6.1.4.1.14519.5.2.1.259996636277341485826359784627683529170/1-16.dcm,5,15,26,1,meningioma,0.9649619460105896,0.029944634065032,0.1689091127519724,0.4298395216464996,0.029944634065032,3.902578115463257,0.9649619460105896,-1.5635932683944702,0.0040792673826217,-2.9555327892303467,0.0010140758240595,0.029944634259242077,0.0539268188173135,0.9649620225635335,0.93221837877259,0.004079267189430135,0.010503373505466098,0.0010140759877944328,0.003351428904630509,1,meningioma,0.9649620225635335,0.16890903951186692,1,meningioma,0.93221837877259,0.28985555413879194
D3B_icdc_glioma,GLIOMA01-i_4990,1.3.6.1.4.1.14519.5.2.1.322834917946698574054866040181461385664,1.3.6.1.4.1.14519.5.2.1.261816588200105413007978141462632206860,,TE 20 T1  TRANS +C,HEAD,glioma,collection_level_icdc_glioma,data/processed/D3B_icdc_glioma_selected_slices/GLIOMA01-i_4990/GLIOMA01-i_4990__462632206860__central01_idx0008.png,data/raw/D3B_icdc_glioma/1.3.6.1.4.1.14519.5.2.1.261816588200105413007978141462632206860/1-09.dcm,1,8,20,2,notumor,0.7110011577606201,0.2612293362617492,0.6997769575426334,1.7046040296554563,0.2612293362617492,-0.6100350022315979,0.0258099418133497,2.7058794498443604,0.7110011577606201,-3.1880619525909424,0.0019595848862081,0.2612293190426169,0.2905239731377631,0.0258099378745954,0.04347358066713184,0.7110011581999508,0.6607616748864302,0.001959584882836859,0.005240771308674746,2,notumor,0.7110011581999508,0.6997769408751645,2,notumor,0.6607616748864302,0.7967389292085789
D3B_icdc_glioma,GLIOMA01-i_4990,1.3.6.1.4.1.14519.5.2.1.322834917946698574054866040181461385664,1.3.6.1.4.1.14519.5.2.1.261816588200105413007978141462632206860,,TE 20 T1  TRANS +C,HEAD,glioma,collection_level_icdc_glioma,data/processed/D3B_icdc_glioma_selected_slices/GLIOMA01-i_4990/GLIOMA01-i_4990__462632206860__central02_idx0009.png,data/raw/D3B_icdc_glioma/1.3.6.1.4.1.14519.5.2.1.261816588200105413007978141462632206860/1-10.dcm,2,9,20,0,glioma,0.7438429594039917,0.7438429594039917,0.754456529316748,2.400642871856689,0.7438429594039917,0.5054640769958496,0.1117932572960853,0.7481213808059692,0.1424952298402786,-3.586005926132202,0.0018685847753658,0.7438429536406238,0.6774492804478436,0.11179324448267776,0.14302742933582632,0.14249521749183247,0.17454379334264142,0.0018685843848660383,0.004979496873688752,0,glioma,0.7438429536406238,0.7544565043377984,0,glioma,0.6774492804478436,0.8730443396173572
D3B_icdc_glioma,GLIOMA01-i_4990,1.3.6.1.4.1.14519.5.2.1.322834917946698574054866040181461385664,1.3.6.1.4.1.14519.5.2.1.261816588200105413007978141462632206860,,TE 20 T1  TRANS +C,HEAD,glioma,collection_level_icdc_glioma,data/processed/D3B_icdc_glioma_selected_slices/GLIOMA01-i_4990/GLIOMA01-i_4990__462632206860__central03_idx0010.png,data/raw/D3B_icdc_glioma/1.3.6.1.4.1.14519.5.2.1.261816588200105413007978141462632206860/1-11.dcm,3,10,20,2,notumor,0.4971668124198913,0.1934534162282943,1.0394136515342671,0.8262149095535278,0.1934534162282943,1.2898045778274536,0.3075465261936188,1.7701038122177124,0.4971668124198913,-3.832762956619263,0.0018331924220547,0.19345342143583727,0.21484374498197917,0.30754654316319446,0.3143040083714984,0.4971668430498444,0.4661573684198358,0.001833192351123845,0.004694878226686537,2,notumor,0.4971668430498444,1.0394136483201046,2,notumor,0.4661573684198358,1.075126773814455
D3B_icdc_glioma,GLIOMA01-i_4990,1.3.6.1.4.1.14519.5.2.1.322834917946698574054866040181461385664,1.3.6.1.4.1.14519.5.2.1.261816588200105413007978141462632206860,,TE 20 T1  TRANS +C,HEAD,glioma,collection_level_icdc_glioma,data/processed/D3B_icdc_glioma_selected_slices/GLIOMA01-i_4990/GLIOMA01-i_4990__462632206860__central04_idx0011.png,data/raw/D3B_icdc_glioma/1.3.6.1.4.1.14519.5.2.1.261816588200105413007978141462632206860/1-12.dcm,4,11,20,2,notumor,0.8489927053451538,0.140155404806137,0.4651062589424718,1.7768124341964722,0.140155404806137,-0.8167257308959961,0.0104773277416825,3.578111171722412,0.8489927053451538,-4.148019790649414,0.0003745311114471,0.14015541095617373,0.18142091144548594,0.010477328372378941,0.02159378712134053,0.8489927295355841,0.795582397404256,0.0003745311358630816,0.0014029040289174706,2,notumor,0.8489927295355841,0.4651062470595155,2,notumor,0.795582397404256,0.5836439493702759
D3B_icdc_glioma,GLIOMA01-i_4990,1.3.6.1.4.1.14519.5.2.1.322834917946698574054866040181461385664,1.3.6.1.4.1.14519.5.2.1.261816588200105413007978141462632206860,,TE 20 T1  TRANS +C,HEAD,glioma,collection_level_icdc_glioma,data/processed/D3B_icdc_glioma_selected_slices/GLIOMA01-i_4990/GLIOMA01-i_4990__462632206860__central05_idx0012.png,data/raw/D3B_icdc_glioma/1.3.6.1.4.1.14519.5.2.1.261816588200105413007978141462632206860/1-13.dcm,5,12,20,2,notumor,0.6861842274665833,0.2367489039897918,0.8000189427437261,1.5607407093048096,0.2367489039897918,0.432028204202652,0.0765762999653816,2.6248867511749268,0.6861842274665833,-4.618432998657227,0.0004905768437311,0.23674890268118684,0.2633586532042104,0.07657629713850408,0.10429538395627998,0.6861842234654356,0.6306930924676196,0.0004905767148735546,0.0016528703718899406,2,notumor,0.6861842234654356,0.8000189393715098,2,notumor,0.6306930924676196,0.8884420357213552
D3B_icdc_glioma,GLIOMA01-i_56B5,1.3.6.1.4.1.14519.5.2.1.257123111669720300381972688887376360399,1.3.6.1.4.1.14519.5.2.1.265372530672259962233653648149633492244,MP RAGE FS +C,MP RAGE FS +C,HEAD,glioma,collection_level_icdc_glioma,data/processed/D3B_icdc_glioma_selected_slices/GLIOMA01-i_56B5/GLIOMA01-i_56B5__149633492244__central01_idx0126.png,data/raw/D3B_icdc_glioma/1.3.6.1.4.1.14519.5.2.1.265372530672259962233653648149633492244/1-127.dcm,1,126,256,2,notumor,0.9791547656059264,0.0192669909447431,0.1079943464700426,0.5379111766815186,0.0192669909447431,-2.654078483581543,0.0007916814065538,4.466207504272461,0.9791547656059264,-2.6606314182281494,0.0007865107036195,0.01926699325989613,0.0380682285149975,0.00079168141475499,0.0027727522006808537,0.9791548147864564,0.9564011381857873,0.0007865105388924786,0.002757881098534243,2,notumor,0.9791548147864564,0.1079943041913909,2,notumor,0.9564011381857873,0.19963429448067815
D3B_icdc_glioma,GLIOMA01-i_56B5,1.3.6.1.4.1.14519.5.2.1.257123111669720300381972688887376360399,1.3.6.1.4.1.14519.5.2.1.265372530672259962233653648149633492244,MP RAGE FS +C,MP RAGE FS +C,HEAD,glioma,collection_level_icdc_glioma,data/processed/D3B_icdc_glioma_selected_slices/GLIOMA01-i_56B5/GLIOMA01-i_56B5__149633492244__central02_idx0127.png,data/raw/D3B_icdc_glioma/1.3.6.1.4.1.14519.5.2.1.265372530672259962233653648149633492244/1-128.dcm,2,127,256,2,notumor,0.9972149133682252,0.0019259315449744,0.0214772870558859,-0.9634501338005066,0.0019259315449744,-2.587132453918457,0.0003797383978962,5.286106586456299,0.9972149133682252,-2.354198694229126,0.0004793428524862,0.0019259313340472377,0.0058688357115578025,0.00037973840945666846,0.0015483106340233406,0.9972149872742885,0.9907083874189271,0.00047934298220758334,0.0018744662354919053,2,notumor,0.9972149872742885,0.021477213189319465,2,notumor,0.9907083874189271,0.06119203683409092
D3B_icdc_glioma,GLIOMA01-i_56B5,1.3.6.1.4.1.14519.5.2.1.257123111669720300381972688887376360399,1.3.6.1.4.1.14519.5.2.1.265372530672259962233653648149633492244,MP RAGE FS +C,MP RAGE FS +C,HEAD,glioma,collection_level_icdc_glioma,data/processed/D3B_icdc_glioma_selected_slices/GLIOMA01-i_56B5/GLIOMA01-i_56B5__149633492244__central03_idx0128.png,data/raw/D3B_icdc_glioma/1.3.6.1.4.1.14519.5.2.1.265372530672259962233653648149633492244/1-129.dcm,3,128,256,2,notumor,0.9977951049804688,0.0009182572830468,0.0180655878935165,-1.7994145154953003,0.0009182572830468,-2.3104248046875,0.0005508526810444,5.191411018371582,0.9977951049804688,-2.021014451980591,0.0007357408176176,0.0009182573958849817,0.0031984346813571196,0.0005508527046885191,0.0021028542736210997,0.9977951491584915,0.9920321137804258,0.0007357407409348468,0.0026665972645958575,2,notumor,0.9977951491584915,0.018065544166477408,2,notumor,0.9920321137804258,0.05507911957790427
D3B_icdc_glioma,GLIOMA01-i_56B5,1.3.6.1.4.1.14519.5.2.1.257123111669720300381972688887376360399,1.3.6.1.4.1.14519.5.2.1.265372530672259962233653648149633492244,MP RAGE FS +C,MP RAGE FS +C,HEAD,glioma,collection_level_icdc_glioma,data/processed/D3B_icdc_glioma_selected_slices/GLIOMA01-i_56B5/GLIOMA01-i_56B5__149633492244__central04_idx0129.png,data/raw/D3B_icdc_glioma/1.3.6.1.4.1.14519.5.2.1.265372530672259962233653648149633492244/1-130.dcm,4,129,256,2,notumor,0.9949689507484436,0.001426211441867,0.036262739368306,-1.8310762643814087,0.001426211441867,-1.0851836204528809,0.003006913466379,4.71661376953125,0.9949689507484436,-2.700312614440918,0.0005979698617011,0.0014262112490395276,0.004567555333021869,0.0030069133753628705,0.008424151072944029,0.9949689054979088,0.9847701869973527,0.0005979698776889816,0.0022381065966815858,2,notumor,0.9949689054979088,0.036262782985060776,2,notumor,0.9847701869973527,0.09362323314178188
D3B_icdc_glioma,GLIOMA01-i_56B5,1.3.6.1.4.1.14519.5.2.1.257123111669720300381972688887376360399,1.3.6.1.4.1.14519.5.2.1.265372530672259962233653648149633492244,MP RAGE FS +C,MP RAGE FS +C,HEAD,glioma,collection_level_icdc_glioma,data/processed/D3B_icdc_glioma_selected_slices/GLIOMA01-i_56B5/GLIOMA01-i_56B5__149633492244__central05_idx0130.png,data/raw/D3B_icdc_glioma/1.3.6.1.4.1.14519.5.2.1.265372530672259962233653648149633492244/1-131.dcm,5,130,256,2,notumor,0.9968770742416382,0.0015260918298736,0.0243961780467479,-1.518487572669983,0.0015260918298736,-2.2741899490356445,0.0007167757139541,4.963429927825928,0.9968770742416382,-2.0690219402313232,0.0008800081559456,0.0015260916908979613,0.004843869994706267,0.0007167756706377901,0.0026052768422756122,0.9968771247001383,0.98946782522397,0.0008800079383259118,0.0030830279390480636,2,notumor,0.9968771247001383,0.02439612539999568,2,notumor,0.98946782522397,0.06962208730398003
D3B_icdc_glioma,GLIOMA01-i_03A6,1.3.6.1.4.1.14519.5.2.1.314316487728501506587013300243937537423,1.3.6.1.4.1.14519.5.2.1.294585940264655347012941094237670679311,BRAIN/T1_TRANS,,HEAD,glioma,collection_level_icdc_glioma,data/processed/D3B_icdc_glioma_selected_slices/GLIOMA01-i_03A6/GLIOMA01-i_03A6__237670679311__central01_idx0007.png,data/raw/D3B_icdc_glioma/1.3.6.1.4.1.14519.5.2.1.294585940264655347012941094237670679311/1-08.dcm,1,7,19,1,meningioma,0.9802109599113464,0.0160106383264064,0.1084967743589622,0.0389236360788345,0.0160106383264064,4.153438091278076,0.9802109599113464,-1.573742389678955,0.0031918073073029,-3.2677457332611084,0.0005865978309884,0.01601063767149719,0.032675304572187425,0.9802109572409903,0.9564598573506111,0.003191807370033655,0.008698654618033982,0.0005865977174789512,0.002166183459167372,1,meningioma,0.9802109572409903,0.10849677448978927,1,meningioma,0.9564598573506111,0.20892545722928665
D3B_icdc_glioma,GLIOMA01-i_03A6,1.3.6.1.4.1.14519.5.2.1.314316487728501506587013300243937537423,1.3.6.1.4.1.14519.5.2.1.294585940264655347012941094237670679311,BRAIN/T1_TRANS,,HEAD,glioma,collection_level_icdc_glioma,data/processed/D3B_icdc_glioma_selected_slices/GLIOMA01-i_03A6/GLIOMA01-i_03A6__237670679311__central02_idx0008.png,data/raw/D3B_icdc_glioma/1.3.6.1.4.1.14519.5.2.1.294585940264655347012941094237670679311/1-09.dcm,2,8,19,1,meningioma,0.9729103446006776,0.0225552860647439,0.1378848484370122,0.4890214800834656,0.0225552860647439,4.253344058990479,0.9729103446006776,-1.1898878812789917,0.0042083044536411,-3.747377157211304,0.0003261398233007,0.022555282199120397,0.043023306819220515,0.972910273203962,0.9447993793609869,0.0042083048620579514,0.010847422502571775,0.00032613973485988044,0.001329891317220654,1,meningioma,0.972910273203962,0.13788490828526725,1,meningioma,0.9447993793609869,0.24687941415217618
D3B_icdc_glioma,GLIOMA01-i_03A6,1.3.6.1.4.1.14519.5.2.1.314316487728501506587013300243937537423,1.3.6.1.4.1.14519.5.2.1.294585940264655347012941094237670679311,BRAIN/T1_TRANS,,HEAD,glioma,collection_level_icdc_glioma,data/processed/D3B_icdc_glioma_selected_slices/GLIOMA01-i_03A6/GLIOMA01-i_03A6__237670679311__central03_idx0009.png,data/raw/D3B_icdc_glioma/1.3.6.1.4.1.14519.5.2.1.294585940264655347012941094237670679311/1-10.dcm,3,9,19,1,meningioma,0.9004651308059692,0.0823070555925369,0.3740919211079035,0.8511165976524353,0.0823070555925369,3.243571281433105,0.9004651308059692,-0.7806968688964844,0.016097167506814,-3.4365484714508057,0.0011306491214782,0.08230704965901657,0.11883319222720763,0.9004651344383404,0.8465029400861867,0.016097167028325643,0.03114195694752518,0.001130648874317188,0.0035219107390806435,1,meningioma,0.9004651344383404,0.374091906045052,1,meningioma,0.8465029400861867,0.5221134621935408
D3B_icdc_glioma,GLIOMA01-i_03A6,1.3.6.1.4.1.14519.5.2.1.314316487728501506587013300243937537423,1.3.6.1.4.1.14519.5.2.1.294585940264655347012941094237670679311,BRAIN/T1_TRANS,,HEAD,glioma,collection_level_icdc_glioma,data/processed/D3B_icdc_glioma_selected_slices/GLIOMA01-i_03A6/GLIOMA01-i_03A6__237670679311__central04_idx0010.png,data/raw/D3B_icdc_glioma/1.3.6.1.4.1.14519.5.2.1.294585940264655347012941094237670679311/1-11.dcm,4,10,19,1,meningioma,0.5969057083129883,0.1849327683448791,1.0313247088877129,0.2614901661872864,0.1849327683448791,1.433256983757019,0.5969057083129883,0.3015050888061523,0.1924828886985778,-1.7128416299819946,0.0256786663085222,0.18493276177188478,0.20630596099955506,0.596905689396078,0.5396835694819869,0.19248288328060595,0.2131932387125893,0.025678665551431105,0.04081723080586873,1,meningioma,0.596905689396078,1.03132470799798,1,meningioma,0.5396835694819869,1.1185563909214296
D3B_icdc_glioma,GLIOMA01-i_03A6,1.3.6.1.4.1.14519.5.2.1.314316487728501506587013300243937537423,1.3.6.1.4.1.14519.5.2.1.294585940264655347012941094237670679311,BRAIN/T1_TRANS,,HEAD,glioma,collection_level_icdc_glioma,data/processed/D3B_icdc_glioma_selected_slices/GLIOMA01-i_03A6/GLIOMA01-i_03A6__237670679311__central05_idx0011.png,data/raw/D3B_icdc_glioma/1.3.6.1.4.1.14519.5.2.1.294585940264655347012941094237670679311/1-12.dcm,5,11,19,2,notumor,0.638583779335022,0.1817834973335266,0.9573795989932508,0.3779758512973785,0.1817834973335266,0.276207685470581,0.1641939282417297,1.6344122886657717,0.638583779335022,-2.087958574295044,0.0154387718066573,0.1817835054829819,0.20592182516668353,0.1641939388110113,0.18942241092342077,0.6385837834688142,0.5774398525408012,0.015438772237192725,0.02721591136909457,2,notumor,0.6385837834688142,0.9573796123498289,2,notumor,0.5774398525408012,1.0557527169854963
D3B_icdc_glioma,GLIOMA01-i_502F,1.3.6.1.4.1.14519.5.2.1.212328576300822964287697094625288806431,1.3.6.1.4.1.14519.5.2.1.300091175080975745865361767253344587917,T1/SAG/SE +C,T1/SAG/SE +C,HEAD,glioma,collection_level_icdc_glioma,data/processed/D3B_icdc_glioma_selected_slices/GLIOMA01-i_502F/GLIOMA01-i_502F__253344587917__central01_idx0008.png,data/raw/D3B_icdc_glioma/1.3.6.1.4.1.14519.5.2.1.300091175080975745865361767253344587917/1-09.dcm,1,8,21,0,glioma,0.8422083854675293,0.8422083854675293,0.5583494045301713,2.451540231704712,0.8422083854675293,0.0356346517801284,0.0751978084444999,0.0914110317826271,0.0795112401247024,-3.158724546432495,0.0030825671274214,0.8422084052826777,0.7740709917576571,0.07519779554040629,0.1065938114642088,0.07951123209594665,0.11158637165880463,0.003082567080969379,0.007748825119329403,0,glioma,0.8422084052826777,0.5583493551098271,0,glioma,0.7740709917576571,0.7192328837658832
D3B_icdc_glioma,GLIOMA01-i_502F,1.3.6.1.4.1.14519.5.2.1.212328576300822964287697094625288806431,1.3.6.1.4.1.14519.5.2.1.300091175080975745865361767253344587917,T1/SAG/SE +C,T1/SAG/SE +C,HEAD,glioma,collection_level_icdc_glioma,data/processed/D3B_icdc_glioma_selected_slices/GLIOMA01-i_502F/GLIOMA01-i_502F__253344587917__central02_idx0009.png,data/raw/D3B_icdc_glioma/1.3.6.1.4.1.14519.5.2.1.300091175080975745865361767253344587917/1-10.dcm,2,9,21,1,meningioma,0.4111081659793854,0.2802293300628662,1.1041084551983107,0.9310161471366882,0.2802293300628662,1.314264178276062,0.4111081659793854,1.0161134004592896,0.3051201701164245,-3.439812421798706,0.0035423131193965,0.2802293508106222,0.2882167161901862,0.4111081872018186,0.3947407346430923,0.30512014932275316,0.30906407974056543,0.003542312664805998,0.007978469426156227,1,meningioma,0.4111081872018186,1.1041084524868123,1,meningioma,0.3947407346430923,1.1269248376858603
D3B_icdc_glioma,GLIOMA01-i_502F,1.3.6.1.4.1.14519.5.2.1.212328576300822964287697094625288806431,1.3.6.1.4.1.14519.5.2.1.300091175080975745865361767253344587917,T1/SAG/SE +C,T1/SAG/SE +C,HEAD,glioma,collection_level_icdc_glioma,data/processed/D3B_icdc_glioma_selected_slices/GLIOMA01-i_502F/GLIOMA01-i_502F__253344587917__central03_idx0010.png,data/raw/D3B_icdc_glioma/1.3.6.1.4.1.14519.5.2.1.300091175080975745865361767253344587917/1-11.dcm,3,10,21,2,notumor,0.87801194190979,0.0077806198969483,0.426168082427751,-1.9135701656341555,0.0077806198969483,0.7094444632530212,0.1071951240301132,2.8124539852142334,0.87801194190979,-2.017544984817505,0.0070122685283422,0.0077806205658557314,0.016985078404977892,0.10719512031438402,0.14619473794975815,0.8780119904637472,0.8212242970923699,0.007012268656013077,0.015595886552893989,2,notumor,0.8780119904637472,0.4261680386935162,2,notumor,0.8212242970923699,0.5769649473547664
D3B_icdc_glioma,GLIOMA01-i_502F,1.3.6.1.4.1.14519.5.2.1.212328576300822964287697094625288806431,1.3.6.1.4.1.14519.5.2.1.300091175080975745865361767253344587917,T1/SAG/SE +C,T1/SAG/SE +C,HEAD,glioma,collection_level_icdc_glioma,data/processed/D3B_icdc_glioma_selected_slices/GLIOMA01-i_502F/GLIOMA01-i_502F__253344587917__central04_idx0011.png,data/raw/D3B_icdc_glioma/1.3.6.1.4.1.14519.5.2.1.300091175080975745865361767253344587917/1-12.dcm,4,11,21,2,notumor,0.9915788173675536,0.0060076541267335,0.0551731283134919,-0.413880705833435,0.0060076541267335,-1.712902307510376,0.0016388791846111,4.692383289337158,0.9915788173675536,-2.46230411529541,0.0007746151532046,0.006007654918766787,0.014795758758462342,0.0016388796598881524,0.005095128725640903,0.9915788502558488,0.977354489725909,0.0007746151654961651,0.002754622789987658,2,notumor,0.9915788502558488,0.05517310161110484,2,notumor,0.977354489725909,0.1278644461176478
D3B_icdc_glioma,GLIOMA01-i_502F,1.3.6.1.4.1.14519.5.2.1.212328576300822964287697094625288806431,1.3.6.1.4.1.14519.5.2.1.300091175080975745865361767253344587917,T1/SAG/SE +C,T1/SAG/SE +C,HEAD,glioma,collection_level_icdc_glioma,data/processed/D3B_icdc_glioma_selected_slices/GLIOMA01-i_502F/GLIOMA01-i_502F__253344587917__central05_idx0012.png,data/raw/D3B_icdc_glioma/1.3.6.1.4.1.14519.5.2.1.300091175080975745865361767253344587917/1-13.dcm,5,12,21,0,glioma,0.5081769824028015,0.5081769824028015,0.731463673282929,2.839381456375122,0.5081769824028015,-1.830058217048645,0.0047654407098889,2.7933292388916016,0.485304981470108,-2.830340385437012,0.001752613694407,0.5081769635703065,0.5014764754861833,0.0047654409252411295,0.010864844328448605,0.4853049823617423,0.4828777253524783,0.0017526131427101036,0.004780954832889749,0,glioma,0.5081769635703065,0.7314636771064954,0,glioma,0.5014764754861833,0.7723278233011892
D3B_icdc_glioma,GLIOMA01-i_3F8C,1.3.6.1.4.1.14519.5.2.1.237207137877983610409321185946069216444,1.3.6.1.4.1.14519.5.2.1.306487070196134498715471133536062558120,O-Ax T1 SE S,"Brain, Head Coil/",HEAD,glioma,collection_level_icdc_glioma,data/processed/D3B_icdc_glioma_selected_slices/GLIOMA01-i_3F8C/GLIOMA01-i_3F8C__536062558120__central01_idx0008.png,data/raw/D3B_icdc_glioma/1.3.6.1.4.1.14519.5.2.1.306487070196134498715471133536062558120/1-09.dcm,1,8,20,0,glioma,0.5982006788253784,0.5982006788253784,1.0470299339127689,1.2959638833999634,0.5982006788253784,0.1261090189218521,0.1856886595487594,0.1003796085715293,0.1809719353914261,-1.5386595726013184,0.0351386927068233,0.5982006936279275,0.5389658648632168,0.1856886676102657,0.20635513314012974,0.18097194710647332,0.20204360139259026,0.03513869165533362,0.05263540060406325,0,glioma,0.5982006936279275,1.0470299380691566,0,glioma,0.5389658648632168,1.1368976935812714
D3B_icdc_glioma,GLIOMA01-i_3F8C,1.3.6.1.4.1.14519.5.2.1.237207137877983610409321185946069216444,1.3.6.1.4.1.14519.5.2.1.306487070196134498715471133536062558120,O-Ax T1 SE S,"Brain, Head Coil/",HEAD,glioma,collection_level_icdc_glioma,data/processed/D3B_icdc_glioma_selected_slices/GLIOMA01-i_3F8C/GLIOMA01-i_3F8C__536062558120__central02_idx0009.png,data/raw/D3B_icdc_glioma/1.3.6.1.4.1.14519.5.2.1.306487070196134498715471133536062558120/1-10.dcm,2,9,20,0,glioma,0.7817901372909546,0.7817901372909546,0.6472748617092224,2.488400936126709,0.7817901372909546,-0.8247159123420715,0.0284591447561979,1.0203145742416382,0.1800978034734726,-1.9059176445007324,0.009652990847826,0.7817900903225168,0.7179524797631848,0.028459141564984178,0.04734491657744227,0.18009777825469844,0.21520756574461386,0.009652989857800444,0.01949503791475915,0,glioma,0.7817900903225168,0.6472748673314415,0,glioma,0.7179524797631848,0.7896660827329093
D3B_icdc_glioma,GLIOMA01-i_3F8C,1.3.6.1.4.1.14519.5.2.1.237207137877983610409321185946069216444,1.3.6.1.4.1.14519.5.2.1.306487070196134498715471133536062558120,O-Ax T1 SE S,"Brain, Head Coil/",HEAD,glioma,collection_level_icdc_glioma,data/processed/D3B_icdc_glioma_selected_slices/GLIOMA01-i_3F8C/GLIOMA01-i_3F8C__536062558120__central03_idx0010.png,data/raw/D3B_icdc_glioma/1.3.6.1.4.1.14519.5.2.1.306487070196134498715471133536062558120/1-11.dcm,3,10,20,0,glioma,0.7572231888771057,0.7572231888771057,0.806854423624443,1.8853379487991333,0.7572231888771057,-0.5940722823143005,0.0634497255086898,0.051306314766407,0.1209801509976387,-0.6779130101203918,0.0583469495177269,0.7572231874651679,0.678092367406454,0.06344972185074112,0.08863524920875843,0.12098014091730326,0.15053058827370167,0.058346949766787747,0.08274179511108602,0,glioma,0.7572231874651679,0.8068544074628288,0,glioma,0.678092367406454,0.9694410810495864
D3B_icdc_glioma,GLIOMA01-i_3F8C,1.3.6.1.4.1.14519.5.2.1.237207137877983610409321185946069216444,1.3.6.1.4.1.14519.5.2.1.306487070196134498715471133536062558120,O-Ax T1 SE S,"Brain, Head Coil/",HEAD,glioma,collection_level_icdc_glioma,data/processed/D3B_icdc_glioma_selected_slices/GLIOMA01-i_3F8C/GLIOMA01-i_3F8C__536062558120__central04_idx0011.png,data/raw/D3B_icdc_glioma/1.3.6.1.4.1.14519.5.2.1.306487070196134498715471133536062558120/1-12.dcm,4,11,20,0,glioma,0.8761028051376343,0.8761028051376343,0.4779534314101114,2.638319969177246,0.8761028051376343,-1.9258795976638796,0.0091274287551641,0.2394991219043731,0.0795720219612121,-0.5761818289756775,0.035197727382183,0.8761028139658453,0.8098654639298304,0.009127427438502611,0.01912908821664808,0.07957202642926141,0.11309755562692972,0.03519773216639043,0.057907892226591845,0,glioma,0.8761028139658453,0.47795343695107195,0,glioma,0.8098654639298304,0.6579458310387789
D3B_icdc_glioma,GLIOMA01-i_3F8C,1.3.6.1.4.1.14519.5.2.1.237207137877983610409321185946069216444,1.3.6.1.4.1.14519.5.2.1.306487070196134498715471133536062558120,O-Ax T1 SE S,"Brain, Head Coil/",HEAD,glioma,collection_level_icdc_glioma,data/processed/D3B_icdc_glioma_selected_slices/GLIOMA01-i_3F8C/GLIOMA01-i_3F8C__536062558120__central05_idx0012.png,data/raw/D3B_icdc_glioma/1.3.6.1.4.1.14519.5.2.1.306487070196134498715471133536062558120/1-13.dcm,5,12,20,0,glioma,0.94892019033432,0.94892019033432,0.2325371200607095,3.5831732749938965,0.94892019033432,-2.158496141433716,0.0030454692896455,0.4507712423801422,0.0413851737976074,-1.377657771110535,0.0066491793841123,0.9489201773679071,0.9070035939405141,0.0030454700780719883,0.008151365577825276,0.041385171903656134,0.06937371056208354,0.00664918065036479,0.015471329919576903,0,glioma,0.9489201773679071,0.232537137070917,0,glioma,0.9070035939405141,0.3773387341041018
D3B_icdc_glioma,GLIOMA01-i_607E,1.3.6.1.4.1.14519.5.2.1.225257061635076869524524609393333127594,1.3.6.1.4.1.14519.5.2.1.306624957209322479359954530111792131781,AX FSE T1,BRAIN ARRAY COIL/4,HEAD,glioma,collection_level_icdc_glioma,data/processed/D3B_icdc_glioma_selected_slices/GLIOMA01-i_607E/GLIOMA01-i_607E__111792131781__central01_idx0011.png,data/raw/D3B_icdc_glioma/1.3.6.1.4.1.14519.5.2.1.306624957209322479359954530111792131781/1-12.dcm,1,11,26,3,pituitary,0.8340692520141602,0.0297090467065572,0.573356353284189,-0.9600334167480468,0.0297090467065572,-1.6830999851226809,0.014416666701436,0.4509362876415252,0.1218049824237823,2.374831438064575,0.8340692520141602,0.029709047502021937,0.049570828880877986,0.014416668339457747,0.02738541044022627,0.12180499125067137,0.15780018019158837,0.8340692929078488,0.7652435804873072,3,pituitary,0.8340692929078488,0.5733563368746528,3,pituitary,0.7652435804873072,0.7435696950447068
D3B_icdc_glioma,GLIOMA01-i_607E,1.3.6.1.4.1.14519.5.2.1.225257061635076869524524609393333127594,1.3.6.1.4.1.14519.5.2.1.306624957209322479359954530111792131781,AX FSE T1,BRAIN ARRAY COIL/4,HEAD,glioma,collection_level_icdc_glioma,data/processed/D3B_icdc_glioma_selected_slices/GLIOMA01-i_607E/GLIOMA01-i_607E__111792131781__central02_idx0012.png,data/raw/D3B_icdc_glioma/1.3.6.1.4.1.14519.5.2.1.306624957209322479359954530111792131781/1-13.dcm,2,12,26,3,pituitary,0.404232770204544,0.1808642297983169,1.129619988425966,0.064611792564392,0.1808642297983169,-1.992628812789917,0.0231155585497617,0.8375847339630127,0.3917874991893768,0.8688560724258423,0.404232770204544,0.1808642171769777,0.19978257554856166,0.02311555951925811,0.036926655984726456,0.39178746427921746,0.37674854154627574,0.40423275902454675,0.3865422269204362,3,pituitary,0.40423275902454675,1.1296199853991902,3,pituitary,0.3865422269204362,1.1787566479234286
D3B_icdc_glioma,GLIOMA01-i_607E,1.3.6.1.4.1.14519.5.2.1.225257061635076869524524609393333127594,1.3.6.1.4.1.14519.5.2.1.306624957209322479359954530111792131781,AX FSE T1,BRAIN ARRAY COIL/4,HEAD,glioma,collection_level_icdc_glioma,data/processed/D3B_icdc_glioma_selected_slices/GLIOMA01-i_607E/GLIOMA01-i_607E__111792131781__central03_idx0013.png,data/raw/D3B_icdc_glioma/1.3.6.1.4.1.14519.5.2.1.306624957209322479359954530111792131781/1-14.dcm,3,13,26,0,glioma,0.8590539693832397,0.8590539693832397,0.5223939911243217,2.4551379680633545,0.8590539693832397,-2.091173887252808,0.0091113410890102,0.2051635086536407,0.090545929968357,-0.5801025629043579,0.0412887930870056,0.8590539327496781,0.7907647631271983,0.00911134053428436,0.018954137564977335,0.09054593093562785,0.12477791838110625,0.041288795780409816,0.0655031809267181,0,glioma,0.8590539327496781,0.5223940273878078,0,glioma,0.7907647631271983,0.6990322783371938
D3B_icdc_glioma,GLIOMA01-i_607E,1.3.6.1.4.1.14519.5.2.1.225257061635076869524524609393333127594,1.3.6.1.4.1.14519.5.2.1.306624957209322479359954530111792131781,AX FSE T1,BRAIN ARRAY COIL/4,HEAD,glioma,collection_level_icdc_glioma,data/processed/D3B_icdc_glioma_selected_slices/GLIOMA01-i_607E/GLIOMA01-i_607E__111792131781__central04_idx0014.png,data/raw/D3B_icdc_glioma/1.3.6.1.4.1.14519.5.2.1.306624957209322479359954530111792131781/1-15.dcm,4,14,26,0,glioma,0.8505385518074036,0.8505385518074036,0.5582243261138768,2.3133299350738525,0.8505385518074036,-1.6955978870391846,0.0154396966099739,-0.5838190317153931,0.0469329804182052,0.0343887954950332,0.0870888233184814,0.8505384984228892,0.77874498247531,0.015439695985334973,0.029012163140342977,0.04693298389727673,0.07224824847578035,0.08708882169449898,0.11999460590856656,0,glioma,0.8505384984228892,0.5582243736992463,0,glioma,0.77874498247531,0.7417147545089837
D3B_icdc_glioma,GLIOMA01-i_607E,1.3.6.1.4.1.14519.5.2.1.225257061635076869524524609393333127594,1.3.6.1.4.1.14519.5.2.1.306624957209322479359954530111792131781,AX FSE T1,BRAIN ARRAY COIL/4,HEAD,glioma,collection_level_icdc_glioma,data/processed/D3B_icdc_glioma_selected_slices/GLIOMA01-i_607E/GLIOMA01-i_607E__111792131781__central05_idx0015.png,data/raw/D3B_icdc_glioma/1.3.6.1.4.1.14519.5.2.1.306624957209322479359954530111792131781/1-16.dcm,5,15,26,0,glioma,0.6792954802513123,0.6792954802513123,0.9195765422057344,1.6179193258285522,0.6792954802513123,-1.5638386011123655,0.0281993336975574,0.2667859196662903,0.1759012639522552,-0.1443542391061782,0.1166038960218429,0.6792955081698355,0.6101821975223459,0.02819933276348893,0.04481821940853208,0.17590126399205627,0.201328089381277,0.11660389507461916,0.14367149368784507,0,glioma,0.6792955081698355,0.9195765216251952,0,glioma,0.6101821975223459,1.0420431819747176
D3B_icdc_glioma,GLIOMA01-i_B023,1.3.6.1.4.1.14519.5.2.1.15975872366833990003685019916291150527,1.3.6.1.4.1.14519.5.2.1.317090003371004067547517013110583858701,FSPGR 3D,BRAIN KNEE COIL/8,HEAD,glioma,collection_level_icdc_glioma,data/processed/D3B_icdc_glioma_selected_slices/GLIOMA01-i_B023/GLIOMA01-i_B023__110583858701__central01_idx0064.png,data/raw/D3B_icdc_glioma/1.3.6.1.4.1.14519.5.2.1.317090003371004067547517013110583858701/1-065.dcm,1,64,132,2,notumor,0.8178256154060364,0.1714899539947509,0.5207529186263338,1.4587000608444214,0.1714899539947509,-1.545640230178833,0.0085010062903165,3.020824432373047,0.8178256154060364,-2.9049177169799805,0.0021834515500813,0.17148995944366238,0.21201917687771776,0.008501005310709476,0.018013716679949943,0.8178255836148441,0.7640631173106858,0.002183451630784006,0.005903989131646538,2,notumor,0.8178255836148441,0.5207529449059081,2,notumor,0.7640631173106858,0.6371258192996782
D3B_icdc_glioma,GLIOMA01-i_B023,1.3.6.1.4.1.14519.5.2.1.15975872366833990003685019916291150527,1.3.6.1.4.1.14519.5.2.1.317090003371004067547517013110583858701,FSPGR 3D,BRAIN KNEE COIL/8,HEAD,glioma,collection_level_icdc_glioma,data/processed/D3B_icdc_glioma_selected_slices/GLIOMA01-i_B023/GLIOMA01-i_B023__110583858701__central02_idx0065.png,data/raw/D3B_icdc_glioma/1.3.6.1.4.1.14519.5.2.1.317090003371004067547517013110583858701/1-066.dcm,2,65,132,2,notumor,0.6990628242492676,0.2882812023162842,0.6697470017934885,1.850364327430725,0.2882812023162842,-1.4518674612045288,0.010609021410346,2.736168622970581,0.6990628242492676,-3.097219467163086,0.0020469529554247,0.28828118593025115,0.31720553397988815,0.010609019708879792,0.021105611366543372,0.69906284094476,0.6562189365347871,0.0020469534161090246,0.005469918118781427,2,notumor,0.69906284094476,0.6697469834381143,2,notumor,0.6562189365347871,0.7505764410174147
D3B_icdc_glioma,GLIOMA01-i_B023,1.3.6.1.4.1.14519.5.2.1.15975872366833990003685019916291150527,1.3.6.1.4.1.14519.5.2.1.317090003371004067547517013110583858701,FSPGR 3D,BRAIN KNEE COIL/8,HEAD,glioma,collection_level_icdc_glioma,data/processed/D3B_icdc_glioma_selected_slices/GLIOMA01-i_B023/GLIOMA01-i_B023__110583858701__central03_idx0066.png,data/raw/D3B_icdc_glioma/1.3.6.1.4.1.14519.5.2.1.317090003371004067547517013110583858701/1-067.dcm,3,66,132,0,glioma,0.5343754291534424,0.5343754291534424,0.768639244466548,2.2862823009490967,0.5343754291534424,-1.437258005142212,0.0129042714834213,2.11344313621521,0.4495555758476257,-2.84273362159729,0.0031647772993892,0.5343754024512279,0.5182143324282931,0.012904270288745339,0.02440106316489656,0.44955555002174596,0.4496846957402572,0.003164777238280727,0.007699908666553093,0,glioma,0.5343754024512279,0.7686392553208268,0,glioma,0.5182143324282931,0.8281248009181509
D3B_icdc_glioma,GLIOMA01-i_B023,1.3.6.1.4.1.14519.5.2.1.15975872366833990003685019916291150527,1.3.6.1.4.1.14519.5.2.1.317090003371004067547517013110583858701,FSPGR 3D,BRAIN KNEE COIL/8,HEAD,glioma,collection_level_icdc_glioma,data/processed/D3B_icdc_glioma_selected_slices/GLIOMA01-i_B023/GLIOMA01-i_B023__110583858701__central04_idx0067.png,data/raw/D3B_icdc_glioma/1.3.6.1.4.1.14519.5.2.1.317090003371004067547517013110583858701/1-068.dcm,4,67,132,0,glioma,0.7327722311019897,0.7327722311019897,0.6399441645158742,2.7006118297576904,0.7327722311019897,-1.6387056112289429,0.009559329599142,1.6420345306396484,0.2542346119880676,-2.6625688076019287,0.003433754434809,0.7327722649068432,0.6848606466406966,0.009559328877966348,0.019455099601389508,0.2542346515152446,0.2872873317941757,0.003433754699945862,0.008396921963738261,0,glioma,0.7327722649068432,0.639944154433651,0,glioma,0.6848606466406966,0.7343552110230105
D3B_icdc_glioma,GLIOMA01-i_B023,1.3.6.1.4.1.14519.5.2.1.15975872366833990003685019916291150527,1.3.6.1.4.1.14519.5.2.1.317090003371004067547517013110583858701,FSPGR 3D,BRAIN KNEE COIL/8,HEAD,glioma,collection_level_icdc_glioma,data/processed/D3B_icdc_glioma_selected_slices/GLIOMA01-i_B023/GLIOMA01-i_B023__110583858701__central05_idx0068.png,data/raw/D3B_icdc_glioma/1.3.6.1.4.1.14519.5.2.1.317090003371004067547517013110583858701/1-069.dcm,5,68,132,0,glioma,0.6727249622344971,0.6727249622344971,0.6964125994049079,2.539959669113159,0.6727249622344971,-1.7555046081542969,0.0091694025322794,1.7777049541473389,0.3139023184776306,-2.5355165004730225,0.004203260410577,0.6727249979443138,0.6329353539854996,0.009169404532539656,0.018638898070271564,0.31390233735214773,0.3385988256777888,0.004203260170998672,0.009826922266439978,0,glioma,0.6727249979443138,0.6964125871593706,0,glioma,0.6329353539854996,0.7758340808170958
D3B_icdc_glioma,GLIOMA01-i_63FE,1.3.6.1.4.1.14519.5.2.1.268122105092414152433318447645908388078,1.3.6.1.4.1.14519.5.2.1.321083631867174200131833288604644381133,MP RAGE FS +C,MP RAGE FS +C,HEAD,glioma,collection_level_icdc_glioma,data/processed/D3B_icdc_glioma_selected_slices/GLIOMA01-i_63FE/GLIOMA01-i_63FE__604644381133__central01_idx0126.png,data/raw/D3B_icdc_glioma/1.3.6.1.4.1.14519.5.2.1.321083631867174200131833288604644381133/1-127.dcm,1,126,256,2,notumor,0.8725783824920654,0.1121028661727905,0.4371233059068948,0.7394342422485352,0.1121028661727905,-1.5587526559829712,0.0112596983090043,2.7914698123931885,0.8725783824920654,-2.5790276527404785,0.0040590735152363,0.1121028653858404,0.15141143444190475,0.011259700147808055,0.022964965008781493,0.8725783599510102,0.8156825722358256,0.004059074515341241,0.009941028313488146,2,notumor,0.8725783599510102,0.43712333535868686,2,notumor,0.8156825722358256,0.5845103942566208
D3B_icdc_glioma,GLIOMA01-i_63FE,1.3.6.1.4.1.14519.5.2.1.268122105092414152433318447645908388078,1.3.6.1.4.1.14519.5.2.1.321083631867174200131833288604644381133,MP RAGE FS +C,MP RAGE FS +C,HEAD,glioma,collection_level_icdc_glioma,data/processed/D3B_icdc_glioma_selected_slices/GLIOMA01-i_63FE/GLIOMA01-i_63FE__604644381133__central02_idx0127.png,data/raw/D3B_icdc_glioma/1.3.6.1.4.1.14519.5.2.1.321083631867174200131833288604644381133/1-128.dcm,2,127,256,0,glioma,0.6595790386199951,0.6595790386199951,0.9012363716405372,1.5921639204025269,0.6595790386199951,0.0353167802095413,0.1390390396118164,0.3714509308338165,0.1945888400077819,-2.983526945114136,0.0067931255325675,0.6595790180389143,0.5990488165195823,0.13903902371188062,0.16695097959863803,0.19458883431437715,0.2199834318178615,0.006793123934828016,0.014016772063918244,0,glioma,0.6595790180389143,0.9012363581822171,0,glioma,0.5990488165195823,0.9987275242375879
D3B_icdc_glioma,GLIOMA01-i_63FE,1.3.6.1.4.1.14519.5.2.1.268122105092414152433318447645908388078,1.3.6.1.4.1.14519.5.2.1.321083631867174200131833288604644381133,MP RAGE FS +C,MP RAGE FS +C,HEAD,glioma,collection_level_icdc_glioma,data/processed/D3B_icdc_glioma_selected_slices/GLIOMA01-i_63FE/GLIOMA01-i_63FE__604644381133__central03_idx0128.png,data/raw/D3B_icdc_glioma/1.3.6.1.4.1.14519.5.2.1.321083631867174200131833288604644381133/1-129.dcm,3,128,256,0,glioma,0.9168694019317628,0.9168694019317628,0.3352914902747612,3.0232551097869877,0.9168694019317628,0.373064249753952,0.0647655799984932,-0.9688099026679992,0.0169268324971199,-3.434340476989746,0.0014381668297573,0.9168694260031675,0.8647623767102922,0.06476557482569202,0.0982532142871627,0.016926832032090944,0.03266567833910758,0.0014381671390495123,0.004318730663437386,0,glioma,0.9168694260031675,0.3352914595905396,0,glioma,0.8647623767102922,0.48889618912575317
D3B_icdc_glioma,GLIOMA01-i_63FE,1.3.6.1.4.1.14519.5.2.1.268122105092414152433318447645908388078,1.3.6.1.4.1.14519.5.2.1.321083631867174200131833288604644381133,MP RAGE FS +C,MP RAGE FS +C,HEAD,glioma,collection_level_icdc_glioma,data/processed/D3B_icdc_glioma_selected_slices/GLIOMA01-i_63FE/GLIOMA01-i_63FE__604644381133__central04_idx0129.png,data/raw/D3B_icdc_glioma/1.3.6.1.4.1.14519.5.2.1.321083631867174200131833288604644381133/1-130.dcm,4,129,256,2,notumor,0.5627861022949219,0.3496784567832947,0.9247887863604596,1.039915919303894,0.3496784567832947,-0.4103619754314422,0.0820013806223869,1.5158015489578247,0.5627861022949219,-3.1061837673187256,0.0055340183898806,0.3496784624098746,0.35521042120190405,0.0820013867474214,0.10804249866917395,0.5627861315543387,0.524922619024574,0.005534019288365361,0.011824461104347874,2,notumor,0.5627861315543387,0.9247887871710742,2,notumor,0.524922619024574,0.9988652201053
D3B_icdc_glioma,GLIOMA01-i_63FE,1.3.6.1.4.1.14519.5.2.1.268122105092414152433318447645908388078,1.3.6.1.4.1.14519.5.2.1.321083631867174200131833288604644381133,MP RAGE FS +C,MP RAGE FS +C,HEAD,glioma,collection_level_icdc_glioma,data/processed/D3B_icdc_glioma_selected_slices/GLIOMA01-i_63FE/GLIOMA01-i_63FE__604644381133__central05_idx0130.png,data/raw/D3B_icdc_glioma/1.3.6.1.4.1.14519.5.2.1.321083631867174200131833288604644381133/1-131.dcm,5,130,256,0,glioma,0.685892641544342,0.685892641544342,0.7121441435053809,2.33355712890625,0.685892641544342,1.4724678993225098,0.2899277806282043,-1.0595966577529907,0.0230477303266525,-4.073283672332764,0.0011318803299218,0.6858926130941588,0.640924258899876,0.28992777644136275,0.31616031912694503,0.023047730117603277,0.03957842762974881,0.0011318803468752337,0.0033369943434301613,0,glioma,0.6858926130941588,0.712144159750838,0,glioma,0.640924258899876,0.796018976850673
D3B_icdc_glioma,GLIOMA01-i_6B06,1.3.6.1.4.1.14519.5.2.1.241559876656285616590145262926108179030,1.3.6.1.4.1.14519.5.2.1.32113195686616053137284503358780862941,O-Ax T1-POST,BRAIN NVARRAY/,HEAD,glioma,collection_level_icdc_glioma,data/processed/D3B_icdc_glioma_selected_slices/GLIOMA01-i_6B06/GLIOMA01-i_6B06__358780862941__central01_idx0011.png,data/raw/D3B_icdc_glioma/1.3.6.1.4.1.14519.5.2.1.32113195686616053137284503358780862941/1-12.dcm,1,11,26,0,glioma,0.9346902966499328,0.9346902966499328,0.2876035155832522,3.335228204727173,0.9346902966499328,-0.7047984004020691,0.0164477471262216,0.3348087966442108,0.046515978872776,-2.652274370193481,0.0023460022639483,0.934690273895599,0.8858196506256293,0.01644774871172788,0.032169646993115635,0.04651597530146429,0.07550416850501458,0.0023460020912090813,0.006506533876240474,0,glioma,0.934690273895599,0.2876035334692915,0,glioma,0.8858196506256293,0.4457870846969476
D3B_icdc_glioma,GLIOMA01-i_6B06,1.3.6.1.4.1.14519.5.2.1.241559876656285616590145262926108179030,1.3.6.1.4.1.14519.5.2.1.32113195686616053137284503358780862941,O-Ax T1-POST,BRAIN NVARRAY/,HEAD,glioma,collection_level_icdc_glioma,data/processed/D3B_icdc_glioma_selected_slices/GLIOMA01-i_6B06/GLIOMA01-i_6B06__358780862941__central02_idx0012.png,data/raw/D3B_icdc_glioma/1.3.6.1.4.1.14519.5.2.1.32113195686616053137284503358780862941/1-13.dcm,2,12,26,0,glioma,0.9331933259963988,0.9331933259963988,0.2701556572245722,3.63919997215271,0.9331933259963988,-1.5063698291778564,0.0054359948262572,0.8973451256752014,0.060144942253828,-2.995882749557495,0.0012257215566933,0.9331933295708934,0.8893943993392932,0.005435995078208724,0.013036788023743981,0.060144953826023126,0.09372912552564877,0.0012257215248747224,0.0038396871113140652,0,glioma,0.9331933295708934,0.27015567573485144,0,glioma,0.8893943993392932,0.40407635568322703
D3B_icdc_glioma,GLIOMA01-i_6B06,1.3.6.1.4.1.14519.5.2.1.241559876656285616590145262926108179030,1.3.6.1.4.1.14519.5.2.1.32113195686616053137284503358780862941,O-Ax T1-POST,BRAIN NVARRAY/,HEAD,glioma,collection_level_icdc_glioma,data/processed/D3B_icdc_glioma_selected_slices/GLIOMA01-i_6B06/GLIOMA01-i_6B06__358780862941__central03_idx0013.png,data/raw/D3B_icdc_glioma/1.3.6.1.4.1.14519.5.2.1.32113195686616053137284503358780862941/1-14.dcm,3,13,26,0,glioma,0.7772528529167175,0.7772528529167175,0.6009187403082029,2.780537366867065,0.7772528529167175,-1.1314029693603516,0.0155463423579931,1.4455963373184204,0.2045525163412094,-2.9013075828552246,0.0026483084075152,0.7772528470876757,0.7224691641582471,0.015546342092306637,0.029145486568506795,0.2045525033053821,0.2415656909658792,0.0026483075146356374,0.006819658307366853,0,glioma,0.7772528470876757,0.6009187317713278,0,glioma,0.7224691641582471,0.7150908762576667
D3B_icdc_glioma,GLIOMA01-i_6B06,1.3.6.1.4.1.14519.5.2.1.241559876656285616590145262926108179030,1.3.6.1.4.1.14519.5.2.1.32113195686616053137284503358780862941,O-Ax T1-POST,BRAIN NVARRAY/,HEAD,glioma,collection_level_icdc_glioma,data/processed/D3B_icdc_glioma_selected_slices/GLIOMA01-i_6B06/GLIOMA01-i_6B06__358780862941__central04_idx0014.png,data/raw/D3B_icdc_glioma/1.3.6.1.4.1.14519.5.2.1.32113195686616053137284503358780862941/1-15.dcm,4,14,26,0,glioma,0.8619927167892456,0.8619927167892456,0.4734390875389688,2.865572690963745,0.8619927167892456,-0.9940413236618042,0.0181674752384424,0.8563977479934692,0.1155926138162612,-2.447408437728882,0.0042472244240343,0.8619927105566856,0.8018224946865024,0.018167473040594097,0.03376601163065223,0.11559259201005817,0.15416706689525528,0.00424722439266225,0.010244426787590011,0,glioma,0.8619927105566856,0.47343906084990034,0,glioma,0.8018224946865024,0.6266852886636564
D3B_icdc_glioma,GLIOMA01-i_6B06,1.3.6.1.4.1.14519.5.2.1.241559876656285616590145262926108179030,1.3.6.1.4.1.14519.5.2.1.32113195686616053137284503358780862941,O-Ax T1-POST,BRAIN NVARRAY/,HEAD,glioma,collection_level_icdc_glioma,data/processed/D3B_icdc_glioma_selected_slices/GLIOMA01-i_6B06/GLIOMA01-i_6B06__358780862941__central05_idx0015.png,data/raw/D3B_icdc_glioma/1.3.6.1.4.1.14519.5.2.1.32113195686616053137284503358780862941/1-16.dcm,5,15,26,2,notumor,0.9221506714820862,0.0753374695777893,0.2862384980406256,1.658010721206665,0.0753374695777893,-2.207570552825928,0.0015783759299665,4.162741661071777,0.9221506714820862,-2.732775449752808,0.0009335052454844,0.07533747300467368,0.11261079910512918,0.0015783758675928497,0.004719052286281268,0.9221506457082604,0.8796034760662522,0.0009335054194730992,0.0030666725423371933,2,notumor,0.9221506457082604,0.2862385278596783,2,notumor,0.8796034760662522,0.40178383485069347
D3B_icdc_glioma,GLIOMA01-i_95FC,1.3.6.1.4.1.14519.5.2.1.32607098121563258959209747383281107696,1.3.6.1.4.1.14519.5.2.1.328926962979706136389170255320442389748,T1 FS TRANS +C,T1 FS TRANS +C,HEAD,glioma,collection_level_icdc_glioma,data/processed/D3B_icdc_glioma_selected_slices/GLIOMA01-i_95FC/GLIOMA01-i_95FC__320442389748__central01_idx0020.png,data/raw/D3B_icdc_glioma/1.3.6.1.4.1.14519.5.2.1.328926962979706136389170255320442389748/1-21.dcm,1,20,45,2,notumor,0.8746488094329834,0.081269770860672,0.4848165415211489,0.2432107478380203,0.081269770860672,-0.6949976682662964,0.031803160905838,2.619259119033813,0.8746488094329834,-1.6467329263687134,0.0122782606631517,0.08126976681866391,0.11489948455346033,0.03180316011196229,0.05320259472490606,0.874648810828984,0.8075351617800213,0.012278262240389632,0.024362758941612394,2,notumor,0.874648810828984,0.48481653762769455,2,notumor,0.8075351617800213,0.6678114849993365
D3B_icdc_glioma,GLIOMA01-i_95FC,1.3.6.1.4.1.14519.5.2.1.32607098121563258959209747383281107696,1.3.6.1.4.1.14519.5.2.1.328926962979706136389170255320442389748,T1 FS TRANS +C,T1 FS TRANS +C,HEAD,glioma,collection_level_icdc_glioma,data/processed/D3B_icdc_glioma_selected_slices/GLIOMA01-i_95FC/GLIOMA01-i_95FC__320442389748__central02_idx0021.png,data/raw/D3B_icdc_glioma/1.3.6.1.4.1.14519.5.2.1.328926962979706136389170255320442389748/1-22.dcm,2,21,45,2,notumor,0.9406017661094666,0.0314515195786953,0.2856642797459544,-0.2065363526344299,0.0314515195786953,-0.9431816339492798,0.0150563810020685,3.1915361881256104,0.9406017661094666,-1.0984983444213867,0.0128904348239302,0.03145151663346144,0.05468499100505966,0.01505638154593641,0.029875945084012364,0.940601671327564,0.8891384741167802,0.01289043049303808,0.026300589794147816,2,notumor,0.940601671327564,0.285664348704792,2,notumor,0.8891384741167802,0.46397085557361173
D3B_icdc_glioma,GLIOMA01-i_95FC,1.3.6.1.4.1.14519.5.2.1.32607098121563258959209747383281107696,1.3.6.1.4.1.14519.5.2.1.328926962979706136389170255320442389748,T1 FS TRANS +C,T1 FS TRANS +C,HEAD,glioma,collection_level_icdc_glioma,data/processed/D3B_icdc_glioma_selected_slices/GLIOMA01-i_95FC/GLIOMA01-i_95FC__320442389748__central03_idx0022.png,data/raw/D3B_icdc_glioma/1.3.6.1.4.1.14519.5.2.1.328926962979706136389170255320442389748/1-23.dcm,3,22,45,2,notumor,0.9857218265533448,0.006030258256942,0.0896110145862379,-0.9550971388816832,0.006030258256942,-0.9994707107543944,0.0057685244828462,4.141487121582031,0.9857218265533448,-1.843840718269348,0.0024794740602374,0.006030258310226539,0.014710166603369537,0.005768524193604183,0.014184122786638246,0.9857217439250097,0.9640121872536535,0.002479473571159568,0.0070935233563387285,2,notumor,0.9857217439250097,0.08961109259818925,2,notumor,0.9640121872536535,0.19286294344078972
D3B_icdc_glioma,GLIOMA01-i_95FC,1.3.6.1.4.1.14519.5.2.1.32607098121563258959209747383281107696,1.3.6.1.4.1.14519.5.2.1.328926962979706136389170255320442389748,T1 FS TRANS +C,T1 FS TRANS +C,HEAD,glioma,collection_level_icdc_glioma,data/processed/D3B_icdc_glioma_selected_slices/GLIOMA01-i_95FC/GLIOMA01-i_95FC__320442389748__central04_idx0023.png,data/raw/D3B_icdc_glioma/1.3.6.1.4.1.14519.5.2.1.328926962979706136389170255320442389748/1-24.dcm,4,23,45,2,notumor,0.7441640496253967,0.1389035135507583,0.7980727546574151,0.3699094951152801,0.1389035135507583,0.0132000241428613,0.0972290933132171,2.048391580581665,0.7441640496253967,-1.5830825567245483,0.0197033267468214,0.13890350188854148,0.16913619740482236,0.09722909423181234,0.12621249328479173,0.7441640787623043,0.6705968503420615,0.019703325117341908,0.03405445896832424,2,notumor,0.7441640787623043,0.798072719224492,2,notumor,0.6705968503420615,0.9448557382427554
D3B_icdc_glioma,GLIOMA01-i_95FC,1.3.6.1.4.1.14519.5.2.1.32607098121563258959209747383281107696,1.3.6.1.4.1.14519.5.2.1.328926962979706136389170255320442389748,T1 FS TRANS +C,T1 FS TRANS +C,HEAD,glioma,collection_level_icdc_glioma,data/processed/D3B_icdc_glioma_selected_slices/GLIOMA01-i_95FC/GLIOMA01-i_95FC__320442389748__central05_idx0024.png,data/raw/D3B_icdc_glioma/1.3.6.1.4.1.14519.5.2.1.328926962979706136389170255320442389748/1-25.dcm,5,24,45,2,notumor,0.9613837599754332,0.0157143622636795,0.2054598775340257,-0.7126632928848267,0.0157143622636795,-0.97975891828537,0.0120309153571724,3.401135206222534,0.9613837599754332,-1.0811513662338257,0.0108708757907152,0.015714364846735916,0.031449849555641264,0.012030915482207494,0.025259425831993167,0.9613838448406068,0.9200480359720218,0.010870874830449642,0.02324268864034376,2,notumor,0.9613838448406068,0.20545980120173585,2,notumor,0.9200480359720218,0.36581516837260963
D3B_icdc_glioma,GLIOMA01-i_D732,1.3.6.1.4.1.14519.5.2.1.335715158217205186181304599894479668501,1.3.6.1.4.1.14519.5.2.1.337844480109732035358856530488685359157,BRAIN/T1_TRANS,,HEAD,glioma,collection_level_icdc_glioma,data/processed/D3B_icdc_glioma_selected_slices/GLIOMA01-i_D732/GLIOMA01-i_D732__488685359157__central01_idx0010.png,data/raw/D3B_icdc_glioma/1.3.6.1.4.1.14519.5.2.1.337844480109732035358856530488685359157/1-11.dcm,1,10,24,0,glioma,0.9012719988822936,0.9012719988822936,0.3785458882783457,2.803335905075073,0.9012719988822936,0.4060756862163543,0.0819858685135841,-2.077300548553467,0.0068426211364567,-1.7079849243164062,0.0098995175212621,0.9012719939480172,0.8455126416259691,0.08198586655050187,0.11822699894040681,0.006842619584447608,0.015403547889730052,0.009899519917033077,0.020856811543894016,0,glioma,0.9012719939480172,0.37854589222996265,0,glioma,0.8455126416259691,0.5393183833720424
D3B_icdc_glioma,GLIOMA01-i_D732,1.3.6.1.4.1.14519.5.2.1.335715158217205186181304599894479668501,1.3.6.1.4.1.14519.5.2.1.337844480109732035358856530488685359157,BRAIN/T1_TRANS,,HEAD,glioma,collection_level_icdc_glioma,data/processed/D3B_icdc_glioma_selected_slices/GLIOMA01-i_D732/GLIOMA01-i_D732__488685359157__central02_idx0011.png,data/raw/D3B_icdc_glioma/1.3.6.1.4.1.14519.5.2.1.337844480109732035358856530488685359157/1-12.dcm,2,11,24,0,glioma,0.9292665123939514,0.9292665123939514,0.3222861325694073,2.973050594329834,0.9292665123939514,-1.770571231842041,0.0080911740660667,-0.2020930349826812,0.0388322807848453,-0.6912369728088379,0.0238100551068782,0.9292664890084379,0.8743784985146502,0.008091173104338384,0.017825153474609418,0.03883228250964436,0.06457314303868239,0.023810055377579284,0.04322320497205786,0,glioma,0.9292664890084379,0.32228615518776715,0,glioma,0.8743784985146502,0.501870762906079
D3B_icdc_glioma,GLIOMA01-i_D732,1.3.6.1.4.1.14519.5.2.1.335715158217205186181304599894479668501,1.3.6.1.4.1.14519.5.2.1.337844480109732035358856530488685359157,BRAIN/T1_TRANS,,HEAD,glioma,collection_level_icdc_glioma,data/processed/D3B_icdc_glioma_selected_slices/GLIOMA01-i_D732/GLIOMA01-i_D732__488685359157__central03_idx0012.png,data/raw/D3B_icdc_glioma/1.3.6.1.4.1.14519.5.2.1.337844480109732035358856530488685359157/1-13.dcm,3,12,24,2,notumor,0.5766726732254028,0.2442561089992523,1.0263277377027782,0.4822516739368438,0.2442561089992523,0.0709690898656845,0.161892831325531,1.3413093090057373,0.5766726732254028,-2.172315835952759,0.0171783473342657,0.24425609562414746,0.25970096796958847,0.16189284455903546,0.18530581232981463,0.5766727120983889,0.5255921132518374,0.017178347718428154,0.02940110644875953,2,notumor,0.5766727120983889,1.0263277267904447,2,notumor,0.5255921132518374,1.1042801282764547
D3B_icdc_glioma,GLIOMA01-i_D732,1.3.6.1.4.1.14519.5.2.1.335715158217205186181304599894479668501,1.3.6.1.4.1.14519.5.2.1.337844480109732035358856530488685359157,BRAIN/T1_TRANS,,HEAD,glioma,collection_level_icdc_glioma,data/processed/D3B_icdc_glioma_selected_slices/GLIOMA01-i_D732/GLIOMA01-i_D732__488685359157__central04_idx0013.png,data/raw/D3B_icdc_glioma/1.3.6.1.4.1.14519.5.2.1.337844480109732035358856530488685359157/1-14.dcm,4,13,24,0,glioma,0.5377466678619385,0.5377466678619385,0.7529941168789636,2.432860851287842,0.5377466678619385,-1.3898427486419678,0.0117597663775086,2.253298044204712,0.4493602216243744,-3.72934627532959,0.0011333529837429,0.5377466823518823,0.5228063883050419,0.011759765463597239,0.022693296821279973,0.4493601992114176,0.4511731132566458,0.0011333529731029244,0.003327201617032362,0,glioma,0.5377466823518823,0.7529941126540738,0,glioma,0.5228063883050419,0.8030469986853234
D3B_icdc_glioma,GLIOMA01-i_D732,1.3.6.1.4.1.14519.5.2.1.335715158217205186181304599894479668501,1.3.6.1.4.1.14519.5.2.1.337844480109732035358856530488685359157,BRAIN/T1_TRANS,,HEAD,glioma,collection_level_icdc_glioma,data/processed/D3B_icdc_glioma_selected_slices/GLIOMA01-i_D732/GLIOMA01-i_D732__488685359157__central05_idx0014.png,data/raw/D3B_icdc_glioma/1.3.6.1.4.1.14519.5.2.1.337844480109732035358856530488685359157/1-15.dcm,5,14,24,0,glioma,0.9228174090385436,0.9228174090385436,0.3088935464861262,3.1958141326904297,0.9228174090385436,-1.9995183944702148,0.0051145981997251,0.5736663341522217,0.0670396089553833,-2.0165069103240967,0.0050284420140087,0.9228173563840454,0.8739638826854425,0.005114598017462761,0.012297981930718837,0.0670396031111403,0.10161041982496677,0.005028442487351427,0.012127715558871842,0,glioma,0.9228173563840454,0.3088935862141514,0,glioma,0.8739638826854425,0.45768155639336544
D3B_icdc_glioma,GLIOMA01-i_5CE5,1.3.6.1.4.1.14519.5.2.1.324883944824750333580564872603998887234,1.3.6.1.4.1.14519.5.2.1.34731033828785369140030954328661790126,Ax 3DT1 SPGR S,CED Post/,HEAD,glioma,collection_level_icdc_glioma,data/processed/D3B_icdc_glioma_selected_slices/GLIOMA01-i_5CE5/GLIOMA01-i_5CE5__328661790126__central01_idx0035.png,data/raw/D3B_icdc_glioma/1.3.6.1.4.1.14519.5.2.1.34731033828785369140030954328661790126/1-36.dcm,1,35,74,1,meningioma,0.7666525840759277,0.1136512160301208,0.7198648729096607,0.1562927067279815,0.1136512160301208,2.065192222595215,0.7666525840759277,0.1806271374225616,0.1164507716894149,-3.399597406387329,0.00324541865848,0.11365121456899567,0.1456804989984432,0.7666525906305014,0.6978290616240882,0.11645077690230761,0.14861902692346093,0.003245417898195284,0.007871412454007798,1,meningioma,0.7666525906305014,0.7198648687802953,1,meningioma,0.6978290616240882,0.8531517176660622
D3B_icdc_glioma,GLIOMA01-i_5CE5,1.3.6.1.4.1.14519.5.2.1.324883944824750333580564872603998887234,1.3.6.1.4.1.14519.5.2.1.34731033828785369140030954328661790126,Ax 3DT1 SPGR S,CED Post/,HEAD,glioma,collection_level_icdc_glioma,data/processed/D3B_icdc_glioma_selected_slices/GLIOMA01-i_5CE5/GLIOMA01-i_5CE5__328661790126__central02_idx0036.png,data/raw/D3B_icdc_glioma/1.3.6.1.4.1.14519.5.2.1.34731033828785369140030954328661790126/1-37.dcm,2,36,74,1,meningioma,0.9327488541603088,0.0467668771743774,0.2923031473541342,0.0303825121372938,0.0467668771743774,3.023343324661255,0.9327488541603088,-0.8541073203086853,0.019311198964715,-3.655192613601685,0.0011730416445061,0.046766877076659094,0.07579804205730149,0.9327488788327547,0.8838408355988269,0.019311202445808247,0.03667908302530048,0.0011730416447780717,0.003682039318571124,1,meningioma,0.9327488788327547,0.2923031344584029,1,meningioma,0.8838408355988269,0.44654975865735486
D3B_icdc_glioma,GLIOMA01-i_5CE5,1.3.6.1.4.1.14519.5.2.1.324883944824750333580564872603998887234,1.3.6.1.4.1.14519.5.2.1.34731033828785369140030954328661790126,Ax 3DT1 SPGR S,CED Post/,HEAD,glioma,collection_level_icdc_glioma,data/processed/D3B_icdc_glioma_selected_slices/GLIOMA01-i_5CE5/GLIOMA01-i_5CE5__328661790126__central03_idx0037.png,data/raw/D3B_icdc_glioma/1.3.6.1.4.1.14519.5.2.1.34731033828785369140030954328661790126/1-38.dcm,3,37,74,1,meningioma,0.9439642429351808,0.05148346722126,0.2333587706930785,0.6288554072380066,0.05148346722126,3.5376830101013184,0.9439642429351808,-1.9222759008407595,0.0040153693407773,-3.934415102005005,0.0005368642159737,0.05148346780910983,0.08312952779915168,0.9439642980630264,0.9046604724532915,0.00401536974729694,0.010244975887154058,0.0005368643805667291,0.001965023860402752,1,meningioma,0.9439642980630264,0.23335872281154824,1,meningioma,0.9046604724532915,0.35659407493535306
D3B_icdc_glioma,GLIOMA01-i_5CE5,1.3.6.1.4.1.14519.5.2.1.324883944824750333580564872603998887234,1.3.6.1.4.1.14519.5.2.1.34731033828785369140030954328661790126,Ax 3DT1 SPGR S,CED Post/,HEAD,glioma,collection_level_icdc_glioma,data/processed/D3B_icdc_glioma_selected_slices/GLIOMA01-i_5CE5/GLIOMA01-i_5CE5__328661790126__central04_idx0038.png,data/raw/D3B_icdc_glioma/1.3.6.1.4.1.14519.5.2.1.34731033828785369140030954328661790126/1-39.dcm,4,38,74,1,meningioma,0.9708359241485596,0.0269045289605855,0.141075903128012,0.3108460009098053,0.0269045289605855,3.8967089653015137,0.9708359241485596,-2.4717681407928467,0.0016647594748064,-3.500972270965576,0.000594803772401,0.02690452534434129,0.04971626428419994,0.9708359119273867,0.9430393433486064,0.0016647589849495333,0.00506700942060187,0.000594803743322477,0.0021773829465917484,1,meningioma,0.9708359119273867,0.14107590269813944,1,meningioma,0.9430393433486064,0.2446519578592985
D3B_icdc_glioma,GLIOMA01-i_5CE5,1.3.6.1.4.1.14519.5.2.1.324883944824750333580564872603998887234,1.3.6.1.4.1.14519.5.2.1.34731033828785369140030954328661790126,Ax 3DT1 SPGR S,CED Post/,HEAD,glioma,collection_level_icdc_glioma,data/processed/D3B_icdc_glioma_selected_slices/GLIOMA01-i_5CE5/GLIOMA01-i_5CE5__328661790126__central05_idx0039.png,data/raw/D3B_icdc_glioma/1.3.6.1.4.1.14519.5.2.1.34731033828785369140030954328661790126/1-40.dcm,5,39,74,1,meningioma,0.9397779107093812,0.0469529815018177,0.2631871367351273,0.2054038196802139,0.0469529815018177,3.201900720596313,0.9397779107093812,-1.1469017267227173,0.0121440710499882,-3.5259642601013184,0.001124994829297,0.046952982253551115,0.07650656877136133,0.939777950353235,0.8946951677384335,0.012144072334229612,0.025218880497758937,0.0011249950589844206,0.003579382992446031,1,meningioma,0.939777950353235,0.26318710681146584,1,meningioma,0.8946951677384335,0.409176245602801
D3B_icdc_glioma,GLIOMA01-i_4AAB,1.3.6.1.4.1.14519.5.2.1.308860575078322289211430912146810693215,1.3.6.1.4.1.14519.5.2.1.41256014704240471733645258105139906766,BRAIN/T1_SAG,,HEAD,glioma,collection_level_icdc_glioma,data/processed/D3B_icdc_glioma_selected_slices/GLIOMA01-i_4AAB/GLIOMA01-i_4AAB__105139906766__central01_idx0007.png,data/raw/D3B_icdc_glioma/1.3.6.1.4.1.14519.5.2.1.41256014704240471733645258105139906766/1-08.dcm,1,7,19,1,meningioma,0.5361919403076172,0.3327428102493286,1.0013236206738676,0.6917645931243896,0.3327428102493286,1.1688870191574097,0.5361919403076172,-0.3170316517353058,0.1213372200727462,-2.840595960617065,0.0097280098125338,0.3327428026255011,0.3365484264756182,0.5361919716964841,0.4978493646209812,0.12133721645489295,0.14706326698483171,0.009728009223121841,0.018538941918568703,1,meningioma,0.5361919716964841,1.0013236019291598,1,meningioma,0.4978493646209812,1.0695701425003123
D3B_icdc_glioma,GLIOMA01-i_4AAB,1.3.6.1.4.1.14519.5.2.1.308860575078322289211430912146810693215,1.3.6.1.4.1.14519.5.2.1.41256014704240471733645258105139906766,BRAIN/T1_SAG,,HEAD,glioma,collection_level_icdc_glioma,data/processed/D3B_icdc_glioma_selected_slices/GLIOMA01-i_4AAB/GLIOMA01-i_4AAB__105139906766__central02_idx0008.png,data/raw/D3B_icdc_glioma/1.3.6.1.4.1.14519.5.2.1.41256014704240471733645258105139906766/1-09.dcm,2,8,19,2,notumor,0.6834666728973389,0.1962225586175918,0.9174272248443348,0.3408847451210022,0.1962225586175918,-0.9271985292434692,0.0552112199366092,1.5888131856918335,0.6834666728973389,-0.7624463438987732,0.0650995969772338,0.19622253916914423,0.22015596445968272,0.055211217306177084,0.07776336613097773,0.6834666483909394,0.6130593354259873,0.06509959513373932,0.0890213339833523,2,notumor,0.6834666483909394,0.9174272196192091,2,notumor,0.6130593354259873,1.0471003014076345
D3B_icdc_glioma,GLIOMA01-i_4AAB,1.3.6.1.4.1.14519.5.2.1.308860575078322289211430912146810693215,1.3.6.1.4.1.14519.5.2.1.41256014704240471733645258105139906766,BRAIN/T1_SAG,,HEAD,glioma,collection_level_icdc_glioma,data/processed/D3B_icdc_glioma_selected_slices/GLIOMA01-i_4AAB/GLIOMA01-i_4AAB__105139906766__central03_idx0009.png,data/raw/D3B_icdc_glioma/1.3.6.1.4.1.14519.5.2.1.41256014704240471733645258105139906766/1-10.dcm,3,9,19,1,meningioma,0.5144662857055664,0.0216550584882497,1.0496239639838874,-2.172499895095825,0.0216550584882497,0.9953912496566772,0.5144662857055664,0.5835440158843994,0.3407955765724182,-0.434878945350647,0.123083122074604,0.021655053828774792,0.03543250010130995,0.5144662755713532,0.4769408211035056,0.3407955615969386,0.34015645949855305,0.1230831090029335,0.14747021929663148,1,meningioma,0.5144662755713532,1.0496239387272832,1,meningioma,0.4769408211035056,1.1205428850262076
D3B_icdc_glioma,GLIOMA01-i_4AAB,1.3.6.1.4.1.14519.5.2.1.308860575078322289211430912146810693215,1.3.6.1.4.1.14519.5.2.1.41256014704240471733645258105139906766,BRAIN/T1_SAG,,HEAD,glioma,collection_level_icdc_glioma,data/processed/D3B_icdc_glioma_selected_slices/GLIOMA01-i_4AAB/GLIOMA01-i_4AAB__105139906766__central04_idx0010.png,data/raw/D3B_icdc_glioma/1.3.6.1.4.1.14519.5.2.1.41256014704240471733645258105139906766/1-11.dcm,4,10,19,2,notumor,0.8019858002662659,0.0662391632795333,0.6819475210621645,-0.3801574409008026,0.0662391632795333,-1.5199956893920898,0.0211879722774028,2.113661527633667,0.8019858002662659,0.1323738843202591,0.1105870902538299,0.06623916568873468,0.0938377963108299,0.0211879720857893,0.03682391739300094,0.8019857849862514,0.7264330249059531,0.11058707723922466,0.14290526139021606,2,notumor,0.8019857849862514,0.6819475209111021,2,notumor,0.7264330249059531,0.8538231523958104
D3B_icdc_glioma,GLIOMA01-i_4AAB,1.3.6.1.4.1.14519.5.2.1.308860575078322289211430912146810693215,1.3.6.1.4.1.14519.5.2.1.41256014704240471733645258105139906766,BRAIN/T1_SAG,,HEAD,glioma,collection_level_icdc_glioma,data/processed/D3B_icdc_glioma_selected_slices/GLIOMA01-i_4AAB/GLIOMA01-i_4AAB__105139906766__central05_idx0011.png,data/raw/D3B_icdc_glioma/1.3.6.1.4.1.14519.5.2.1.41256014704240471733645258105139906766/1-12.dcm,5,11,19,2,notumor,0.729695200920105,0.0104375090450048,0.732894874955266,-2.4565951824188232,0.0104375090450048,-1.2094905376434326,0.0363251566886901,1.790625810623169,0.729695200920105,0.6075989603996277,0.223542183637619,0.010437508305453331,0.02049818077718777,0.03632515696893742,0.057041871442518294,0.7296951753702615,0.6690524008797464,0.2235421593553478,0.2534075469005476,2,notumor,0.7296951753702615,0.7328948783715892,2,notumor,0.6690524008797464,0.8598054059869578
D3B_icdc_glioma,GLIOMA01-i_1166,1.3.6.1.4.1.14519.5.2.1.301043018215445696675284359835713259960,1.3.6.1.4.1.14519.5.2.1.48524611659073752048977841008163432015,FSPGR 3D,BRAIN CARDIAC COIL/8,HEAD,glioma,collection_level_icdc_glioma,data/processed/D3B_icdc_glioma_selected_slices/GLIOMA01-i_1166/GLIOMA01-i_1166__008163432015__central01_idx0080.png,data/raw/D3B_icdc_glioma/1.3.6.1.4.1.14519.5.2.1.48524611659073752048977841008163432015/1-081.dcm,1,80,164,2,notumor,0.9822102785110474,0.0067698056809604,0.108632736146857,-0.9720485806465148,0.0067698056809604,-1.3456366062164309,0.0046593910083174,4.005284309387207,0.9822102785110474,-1.034403920173645,0.0063605653122067,0.006769806390955172,0.016100418390376986,0.0046593896485761,0.011849152494475178,0.9822102393483523,0.9567531848570906,0.0063605646121164955,0.01529724425805717,2,notumor,0.9822102393483523,0.10863276866196925,2,notumor,0.9567531848570906,0.22527571801687674
D3B_icdc_glioma,GLIOMA01-i_1166,1.3.6.1.4.1.14519.5.2.1.301043018215445696675284359835713259960,1.3.6.1.4.1.14519.5.2.1.48524611659073752048977841008163432015,FSPGR 3D,BRAIN CARDIAC COIL/8,HEAD,glioma,collection_level_icdc_glioma,data/processed/D3B_icdc_glioma_selected_slices/GLIOMA01-i_1166/GLIOMA01-i_1166__008163432015__central02_idx0081.png,data/raw/D3B_icdc_glioma/1.3.6.1.4.1.14519.5.2.1.48524611659073752048977841008163432015/1-082.dcm,2,81,164,2,notumor,0.9836142063140868,0.0060634748078882,0.1008620200648282,-0.9891868829727172,0.0060634748078882,-1.606786847114563,0.0032696505077183,4.099763870239258,0.9836142063140868,-0.8380464315414429,0.0070527903735637,0.006063473846403925,0.014736453003886589,0.00326964989582337,0.008877183760881459,0.9836140859331033,0.9597038808557711,0.007052790324669317,0.01668248237946067,2,notumor,0.9836140859331033,0.10086213142621064,2,notumor,0.9597038808557711,0.21184930348811254
D3B_icdc_glioma,GLIOMA01-i_1166,1.3.6.1.4.1.14519.5.2.1.301043018215445696675284359835713259960,1.3.6.1.4.1.14519.5.2.1.48524611659073752048977841008163432015,FSPGR 3D,BRAIN CARDIAC COIL/8,HEAD,glioma,collection_level_icdc_glioma,data/processed/D3B_icdc_glioma_selected_slices/GLIOMA01-i_1166/GLIOMA01-i_1166__008163432015__central03_idx0082.png,data/raw/D3B_icdc_glioma/1.3.6.1.4.1.14519.5.2.1.48524611659073752048977841008163432015/1-083.dcm,3,82,164,2,notumor,0.9911675453186036,0.0028240554966032,0.0594498331485566,-1.2572760581970217,0.0028240554966032,-1.905813217163086,0.0014764444204047,4.603433609008789,0.9911675453186036,-0.7843126058578491,0.004531882237643,0.002824055556418952,0.007952253505212205,0.0014764445012130456,0.0046703151750181445,0.991167617312561,0.9756539035547974,0.004531882629806932,0.011723527764972177,2,notumor,0.991167617312561,0.05944976425468704,2,notumor,0.9756539035547974,0.1396789058195193
D3B_icdc_glioma,GLIOMA01-i_1166,1.3.6.1.4.1.14519.5.2.1.301043018215445696675284359835713259960,1.3.6.1.4.1.14519.5.2.1.48524611659073752048977841008163432015,FSPGR 3D,BRAIN CARDIAC COIL/8,HEAD,glioma,collection_level_icdc_glioma,data/processed/D3B_icdc_glioma_selected_slices/GLIOMA01-i_1166/GLIOMA01-i_1166__008163432015__central04_idx0083.png,data/raw/D3B_icdc_glioma/1.3.6.1.4.1.14519.5.2.1.48524611659073752048977841008163432015/1-084.dcm,4,83,164,2,notumor,0.9882652759552002,0.0031277830712497,0.0743319800901775,-1.25460684299469,0.0031277830712497,-2.112268209457397,0.0013266582973301,4.5010199546813965,0.9882652759552002,-0.409759521484375,0.0072802975773811,0.0031277826910272822,0.008617195593625237,0.0013266579783562285,0.004262734863683244,0.9882652622467303,0.9698824794730735,0.007280297083886267,0.017237590069617937,2,notumor,0.9882652622467303,0.0743319880941142,2,notumor,0.9698824794730735,0.16388685916854231
D3B_icdc_glioma,GLIOMA01-i_1166,1.3.6.1.4.1.14519.5.2.1.301043018215445696675284359835713259960,1.3.6.1.4.1.14519.5.2.1.48524611659073752048977841008163432015,FSPGR 3D,BRAIN CARDIAC COIL/8,HEAD,glioma,collection_level_icdc_glioma,data/processed/D3B_icdc_glioma_selected_slices/GLIOMA01-i_1166/GLIOMA01-i_1166__008163432015__central05_idx0084.png,data/raw/D3B_icdc_glioma/1.3.6.1.4.1.14519.5.2.1.48524611659073752048977841008163432015/1-085.dcm,5,84,164,2,notumor,0.9787014722824096,0.0042534084059298,0.1199823320272418,-1.3352038860321045,0.0042534084059298,-2.0603127479553223,0.0020598063711076,4.103302001953125,0.9787014722824096,-0.0758598819375038,0.0149852242320775,0.004253409358274227,0.010974031872860389,0.0020598064073441683,0.006052452647024731,0.9787015569608998,0.9521269459355791,0.014985227273481788,0.030846569544535785,2,notumor,0.9787015569608998,0.11998226334173248,2,notumor,0.9521269459355791,0.23444420722587833
D3B_icdc_glioma,GLIOMA01-i_C561,1.3.6.1.4.1.14519.5.2.1.338926131208003786731409141472142449490,1.3.6.1.4.1.14519.5.2.1.54142935137696016152030943683568150861,MP RAGE FS TRANS+C,MP RAGE FS +C,HEAD,glioma,collection_level_icdc_glioma,data/processed/D3B_icdc_glioma_selected_slices/GLIOMA01-i_C561/GLIOMA01-i_C561__683568150861__central01_idx0018.png,data/raw/D3B_icdc_glioma/1.3.6.1.4.1.14519.5.2.1.54142935137696016152030943683568150861/1-19.dcm,1,18,40,2,notumor,0.931524693965912,0.0620784349739551,0.2729001757480967,1.3065533638000488,0.0620784349739551,-3.347910165786743,0.0005909258616156,4.01497745513916,0.931524693965912,-1.0629749298095703,0.0058058747090399,0.06207843599992037,0.0961799889585164,0.000590925783480108,0.002109576544699303,0.9315247629104595,0.887952121934441,0.005805875306140025,0.013758312562343411,2,notumor,0.9315247629104595,0.2729001154941085,2,notumor,0.887952121934441,0.40269801615131795
D3B_icdc_glioma,GLIOMA01-i_C561,1.3.6.1.4.1.14519.5.2.1.338926131208003786731409141472142449490,1.3.6.1.4.1.14519.5.2.1.54142935137696016152030943683568150861,MP RAGE FS TRANS+C,MP RAGE FS +C,HEAD,glioma,collection_level_icdc_glioma,data/processed/D3B_icdc_glioma_selected_slices/GLIOMA01-i_C561/GLIOMA01-i_C561__683568150861__central02_idx0019.png,data/raw/D3B_icdc_glioma/1.3.6.1.4.1.14519.5.2.1.54142935137696016152030943683568150861/1-20.dcm,2,19,40,2,notumor,0.9887456297874452,0.0075491620227694,0.0706868543513352,-0.3606192767620086,0.0075491620227694,-2.669311046600342,0.0007503201486542,4.514381408691406,0.9887456297874452,-1.29861319065094,0.0029548346064984,0.007549161283736116,0.017777469929025007,0.0007503201469024854,0.0026732097927248144,0.9887456843281076,0.9713162630109154,0.0029548342412538393,0.00823305726733475,2,notumor,0.9887456843281076,0.0706867957829463,2,notumor,0.9713162630109154,0.1552611610220057
D3B_icdc_glioma,GLIOMA01-i_C561,1.3.6.1.4.1.14519.5.2.1.338926131208003786731409141472142449490,1.3.6.1.4.1.14519.5.2.1.54142935137696016152030943683568150861,MP RAGE FS TRANS+C,MP RAGE FS +C,HEAD,glioma,collection_level_icdc_glioma,data/processed/D3B_icdc_glioma_selected_slices/GLIOMA01-i_C561/GLIOMA01-i_C561__683568150861__central03_idx0020.png,data/raw/D3B_icdc_glioma/1.3.6.1.4.1.14519.5.2.1.54142935137696016152030943683568150861/1-21.dcm,3,20,40,0,glioma,0.4911706447601318,0.4911706447601318,0.9872091331257598,1.3834604024887085,0.4911706447601318,-0.2222036570310592,0.0986055508255958,1.180684208869934,0.4010216295719147,-2.5938875675201416,0.0092022102326154,0.4911706171061687,0.4645370284779402,0.09860554495850501,0.12437936619964383,0.4010216287281775,0.39332288774510027,0.00920220920714889,0.017760717577315635,0,glioma,0.4911706171061687,0.987209129684525,0,glioma,0.4645370284779402,1.0540342434653036
D3B_icdc_glioma,GLIOMA01-i_C561,1.3.6.1.4.1.14519.5.2.1.338926131208003786731409141472142449490,1.3.6.1.4.1.14519.5.2.1.54142935137696016152030943683568150861,MP RAGE FS TRANS+C,MP RAGE FS +C,HEAD,glioma,collection_level_icdc_glioma,data/processed/D3B_icdc_glioma_selected_slices/GLIOMA01-i_C561/GLIOMA01-i_C561__683568150861__central04_idx0021.png,data/raw/D3B_icdc_glioma/1.3.6.1.4.1.14519.5.2.1.54142935137696016152030943683568150861/1-22.dcm,4,21,40,1,meningioma,0.7773052453994751,0.2100596874952316,0.5872939254543499,1.237748384475708,0.2100596874952316,2.546189785003662,0.7773052453994751,-2.0743067264556885,0.007654826156795,-2.5041697025299072,0.00498021626845,0.21005969310322814,0.24759693849835343,0.7773052603874426,0.7245771694492882,0.007654828554084825,0.01634185445541177,0.004980217955244342,0.011484037596946465,1,meningioma,0.7773052603874426,0.5872939339250747,1,meningioma,0.7245771694492882,0.697596250676351
D3B_icdc_glioma,GLIOMA01-i_C561,1.3.6.1.4.1.14519.5.2.1.338926131208003786731409141472142449490,1.3.6.1.4.1.14519.5.2.1.54142935137696016152030943683568150861,MP RAGE FS TRANS+C,MP RAGE FS +C,HEAD,glioma,collection_level_icdc_glioma,data/processed/D3B_icdc_glioma_selected_slices/GLIOMA01-i_C561/GLIOMA01-i_C561__683568150861__central05_idx0022.png,data/raw/D3B_icdc_glioma/1.3.6.1.4.1.14519.5.2.1.54142935137696016152030943683568150861/1-23.dcm,5,22,40,2,notumor,0.9265213012695312,0.0468758754432201,0.3282913858413575,-0.040777787566185,0.0468758754432201,-1.5785919427871704,0.0100712915882468,2.943156242370605,0.9265213012695312,-1.0830094814300537,0.0165315549820661,0.04687586728067834,0.07528624757413004,0.010071290292905615,0.021312084159833804,0.9265212822446077,0.8713938829741574,0.01653156018180835,0.03200778529187868,2,notumor,0.9265212822446077,0.32829139806883145,2,notumor,0.8713938829741574,0.506864599225541
D3B_icdc_glioma,GLIOMA01-i_750B,1.3.6.1.4.1.14519.5.2.1.324035417769663580990183580766753392159,1.3.6.1.4.1.14519.5.2.1.58630146911723509869060343989181468732,BRAIN/T1_TRANS,,HEAD,glioma,collection_level_icdc_glioma,data/processed/D3B_icdc_glioma_selected_slices/GLIOMA01-i_750B/GLIOMA01-i_750B__989181468732__central01_idx0007.png,data/raw/D3B_icdc_glioma/1.3.6.1.4.1.14519.5.2.1.58630146911723509869060343989181468732/1-08.dcm,1,7,19,1,meningioma,0.8642926216125488,0.027609696611762,0.4998187444673557,-1.272122144699097,0.027609696611762,2.1716222763061523,0.8642926216125488,-0.008141241967678,0.0977240651845932,-2.251025438308716,0.010373598895967,0.027609695379187737,0.04728205708231128,0.8642926389086988,0.7981333501543197,0.09772407004796035,0.13341038821975512,0.010373595664153025,0.021174204543613778,1,meningioma,0.8642926389086988,0.49981872141609845,1,meningioma,0.7981333501543197,0.6746077339040577
D3B_icdc_glioma,GLIOMA01-i_750B,1.3.6.1.4.1.14519.5.2.1.324035417769663580990183580766753392159,1.3.6.1.4.1.14519.5.2.1.58630146911723509869060343989181468732,BRAIN/T1_TRANS,,HEAD,glioma,collection_level_icdc_glioma,data/processed/D3B_icdc_glioma_selected_slices/GLIOMA01-i_750B/GLIOMA01-i_750B__989181468732__central02_idx0008.png,data/raw/D3B_icdc_glioma/1.3.6.1.4.1.14519.5.2.1.58630146911723509869060343989181468732/1-09.dcm,2,8,19,2,notumor,0.5687215328216553,0.0345484800636768,1.0747680228632193,-1.5088844299316406,0.0345484800636768,0.3750288784503937,0.2273014336824417,1.2921427488327026,0.5687215328216553,0.0811831057071685,0.1694285422563552,0.03454848633915982,0.05170256915127763,0.22730143564134916,0.24263556773784378,0.5687215330798924,0.5150168753796388,0.16942854493959852,0.1906449877312399,2,notumor,0.5687215330798924,1.0747680406182512,2,notumor,0.5150168753796388,1.1544813596100656
D3B_icdc_glioma,GLIOMA01-i_750B,1.3.6.1.4.1.14519.5.2.1.324035417769663580990183580766753392159,1.3.6.1.4.1.14519.5.2.1.58630146911723509869060343989181468732,BRAIN/T1_TRANS,,HEAD,glioma,collection_level_icdc_glioma,data/processed/D3B_icdc_glioma_selected_slices/GLIOMA01-i_750B/GLIOMA01-i_750B__989181468732__central03_idx0009.png,data/raw/D3B_icdc_glioma/1.3.6.1.4.1.14519.5.2.1.58630146911723509869060343989181468732/1-10.dcm,3,9,19,2,notumor,0.8480556607246399,0.0063060917891561,0.485018639303469,-1.9689278602600095,0.0063060917891561,-1.6570513248443604,0.0086140315979719,2.932502508163452,0.8480556607246399,1.1097140312194824,0.137024238705635,0.006306090340337886,0.014156870677949034,0.008614031319667297,0.018286165694628494,0.8480556473687475,0.7904560554803084,0.13702423097124744,0.17710090814711404,2,notumor,0.8480556473687475,0.4850186358836298,2,notumor,0.7904560554803084,0.6258877075605003
D3B_icdc_glioma,GLIOMA01-i_750B,1.3.6.1.4.1.14519.5.2.1.324035417769663580990183580766753392159,1.3.6.1.4.1.14519.5.2.1.58630146911723509869060343989181468732,BRAIN/T1_TRANS,,HEAD,glioma,collection_level_icdc_glioma,data/processed/D3B_icdc_glioma_selected_slices/GLIOMA01-i_750B/GLIOMA01-i_750B__989181468732__central04_idx0010.png,data/raw/D3B_icdc_glioma/1.3.6.1.4.1.14519.5.2.1.58630146911723509869060343989181468732/1-11.dcm,4,10,19,2,notumor,0.4710797667503357,0.0715382397174835,0.9837152657964008,-0.6313350796699524,0.0715382397174835,1.178865909576416,0.4372184872627258,1.2534602880477903,0.4710797667503357,-1.8976904153823853,0.0201635546982288,0.07153823179491196,0.09553406716858459,0.4372184721582603,0.4220160078605258,0.4710797427696771,0.4486575500683038,0.020163553277150616,0.03379237490258592,2,notumor,0.4710797427696771,0.9837152572343212,2,notumor,0.4486575500683038,1.062487599541553
D3B_icdc_glioma,GLIOMA01-i_750B,1.3.6.1.4.1.14519.5.2.1.324035417769663580990183580766753392159,1.3.6.1.4.1.14519.5.2.1.58630146911723509869060343989181468732,BRAIN/T1_TRANS,,HEAD,glioma,collection_level_icdc_glioma,data/processed/D3B_icdc_glioma_selected_slices/GLIOMA01-i_750B/GLIOMA01-i_750B__989181468732__central05_idx0011.png,data/raw/D3B_icdc_glioma/1.3.6.1.4.1.14519.5.2.1.58630146911723509869060343989181468732/1-12.dcm,5,11,19,2,notumor,0.9308159351348876,0.0071652717888355,0.3015486301804947,-1.5941163301467896,0.0071652717888355,-1.28499436378479,0.0097607383504509,3.2726993560791016,0.9308159351348876,0.3928329348564148,0.0522581152617931,0.007165270480255401,0.016216005723614917,0.009760735704462783,0.0208986158754841,0.9308158847731914,0.8800703606983872,0.05225810904209046,0.08281501770251362,2,notumor,0.9308158847731914,0.3015486500362768,2,notumor,0.8800703606983872,0.4664120718797945
D3B_icdc_glioma,GLIOMA01-i_F5BE,1.3.6.1.4.1.14519.5.2.1.266241108102756309499677510319986834116,1.3.6.1.4.1.14519.5.2.1.86659809258805330797698804820787776503,T1 FLAIR FS TRANS +C,T1 FLAIR FS TRANS +C,HEAD,glioma,collection_level_icdc_glioma,data/processed/D3B_icdc_glioma_selected_slices/GLIOMA01-i_F5BE/GLIOMA01-i_F5BE__820787776503__central01_idx0013.png,data/raw/D3B_icdc_glioma/1.3.6.1.4.1.14519.5.2.1.86659809258805330797698804820787776503/1-14.dcm,1,13,31,0,glioma,0.6634155511856079,0.6634155511856079,0.8158035256774205,1.991269826889038,0.6634155511856079,1.14815092086792,0.2855116426944732,-1.5553971529006958,0.019119992852211,-1.041872262954712,0.031952790915966,0.6634155941526986,0.6104866872385241,0.2855116193812411,0.3056198946470426,0.019119995128877583,0.033236451368770695,0.03195279133718267,0.05065696674566258,0,glioma,0.6634155941526986,0.8158035021941612,0,glioma,0.6104866872385241,0.9277941951545673
D3B_icdc_glioma,GLIOMA01-i_F5BE,1.3.6.1.4.1.14519.5.2.1.266241108102756309499677510319986834116,1.3.6.1.4.1.14519.5.2.1.86659809258805330797698804820787776503,T1 FLAIR FS TRANS +C,T1 FLAIR FS TRANS +C,HEAD,glioma,collection_level_icdc_glioma,data/processed/D3B_icdc_glioma_selected_slices/GLIOMA01-i_F5BE/GLIOMA01-i_F5BE__820787776503__central02_idx0014.png,data/raw/D3B_icdc_glioma/1.3.6.1.4.1.14519.5.2.1.86659809258805330797698804820787776503/1-15.dcm,2,14,31,2,notumor,0.6290487051010132,0.2378434538841247,0.9891447087877464,0.5509941577911377,0.2378434538841247,-1.0298793315887451,0.0489470474421978,1.5235902070999146,0.6290487051010132,-0.487889289855957,0.0841608047485351,0.23784344101159435,0.2550341088302072,0.04894705271069154,0.06968861521152289,0.6290487109866303,0.5665517332397143,0.08416079529108392,0.10872554271855552,2,notumor,0.6290487109866303,0.9891446966927784,2,notumor,0.5665517332397143,1.0972602023751676
D3B_icdc_glioma,GLIOMA01-i_F5BE,1.3.6.1.4.1.14519.5.2.1.266241108102756309499677510319986834116,1.3.6.1.4.1.14519.5.2.1.86659809258805330797698804820787776503,T1 FLAIR FS TRANS +C,T1 FLAIR FS TRANS +C,HEAD,glioma,collection_level_icdc_glioma,data/processed/D3B_icdc_glioma_selected_slices/GLIOMA01-i_F5BE/GLIOMA01-i_F5BE__820787776503__central03_idx0015.png,data/raw/D3B_icdc_glioma/1.3.6.1.4.1.14519.5.2.1.86659809258805330797698804820787776503/1-16.dcm,3,15,31,2,notumor,0.794802725315094,0.1262407898902893,0.6960722127313088,0.1456686705350875,0.1262407898902893,-0.7777372002601624,0.0501382984220981,1.9855715036392207,0.794802725315094,-1.3315153121948242,0.02881820499897,0.1262407868512565,0.15891540747340763,0.05013830161306188,0.07448288480920762,0.794802712246523,0.719320847055115,0.02881819928915851,0.04728086066226967,2,notumor,0.794802712246523,0.6960722113661373,2,notumor,0.719320847055115,0.8670155180573065
D3B_icdc_glioma,GLIOMA01-i_F5BE,1.3.6.1.4.1.14519.5.2.1.266241108102756309499677510319986834116,1.3.6.1.4.1.14519.5.2.1.86659809258805330797698804820787776503,T1 FLAIR FS TRANS +C,T1 FLAIR FS TRANS +C,HEAD,glioma,collection_level_icdc_glioma,data/processed/D3B_icdc_glioma_selected_slices/GLIOMA01-i_F5BE/GLIOMA01-i_F5BE__820787776503__central04_idx0016.png,data/raw/D3B_icdc_glioma/1.3.6.1.4.1.14519.5.2.1.86659809258805330797698804820787776503/1-17.dcm,4,16,31,2,notumor,0.8112492561340332,0.0997268557548523,0.6680732764997048,0.0098283197730779,0.0997268557548523,-1.3616856336593628,0.0253029540181159,2.105968713760376,0.8112492561340332,-0.4380938112735748,0.0637209042906761,0.0997268537210552,0.13153344935871858,0.02530295108266466,0.042679296532307336,0.8112492795423073,0.7347135408594478,0.06372091565397298,0.09107371324952637,2,notumor,0.8112492795423073,0.6680732673981135,2,notumor,0.7347135408594478,0.8461410655396588
D3B_icdc_glioma,GLIOMA01-i_F5BE,1.3.6.1.4.1.14519.5.2.1.266241108102756309499677510319986834116,1.3.6.1.4.1.14519.5.2.1.86659809258805330797698804820787776503,T1 FLAIR FS TRANS +C,T1 FLAIR FS TRANS +C,HEAD,glioma,collection_level_icdc_glioma,data/processed/D3B_icdc_glioma_selected_slices/GLIOMA01-i_F5BE/GLIOMA01-i_F5BE__820787776503__central05_idx0017.png,data/raw/D3B_icdc_glioma/1.3.6.1.4.1.14519.5.2.1.86659809258805330797698804820787776503/1-18.dcm,5,17,31,2,notumor,0.6637684106826782,0.0809565559029579,0.8664569566060607,-0.2781630158424377,0.0809565559029579,-2.364407777786255,0.0100509552285075,1.825857639312744,0.6637684106826782,0.8300967216491699,0.2452240735292434,0.08095655512923501,0.10769393288651812,0.010050957387531591,0.019437315675374094,0.6637684106570249,0.6054547106641164,0.24522407682620842,0.26741404077399145,2,notumor,0.6637684106570249,0.8664569645597742,2,notumor,0.6054547106641164,0.9730957591829653
