nohup: ignoring input
2026-08-09 17:23:28,729:INFO:Calling getSeries with parameters {'Collection': 'UPENN-GBM'}
2026-08-09 17:23:39,938:INFO:Directory 'data/raw/D3C_upenn_gbm' already exists.
2026-08-09 17:23:39,938:INFO:Found 0 previously downloaded series.
2026-08-09 17:23:39,938:INFO:Attempting to download 575 new series.
2026-08-09 17:23:39,939:INFO:Downloading... https://nbia.cancerimagingarchive.net/nbia-api/services/v4/getImage?NewFileNames=Yes&SeriesInstanceUID=1.3.6.1.4.1.14519.5.2.1.337491152254065288399657726162931889194
2026-08-09 17:23:39,940:INFO:Downloading... https://nbia.cancerimagingarchive.net/nbia-api/services/v4/getImage?NewFileNames=Yes&SeriesInstanceUID=1.3.6.1.4.1.14519.5.2.1.308898184688192356793390586849973896265
2026-08-09 17:23:39,941:INFO:Downloading... https://nbia.cancerimagingarchive.net/nbia-api/services/v4/getImage?NewFileNames=Yes&SeriesInstanceUID=1.3.6.1.4.1.14519.5.2.1.75885558349268369191658045642515516969
2026-08-09 17:23:39,941:INFO:Downloading... https://nbia.cancerimagingarchive.net/nbia-api/services/v4/getImage?NewFileNames=Yes&SeriesInstanceUID=1.3.6.1.4.1.14519.5.2.1.318499504971376018970528633946846293393
2026-08-09 17:23:46,426:INFO:Downloading... https://nbia.cancerimagingarchive.net/nbia-api/services/v4/getImage?NewFileNames=Yes&SeriesInstanceUID=1.3.6.1.4.1.14519.5.2.1.30539063893056268949252835826857084584
2026-08-09 17:23:46,502:INFO:Downloading... https://nbia.cancerimagingarchive.net/nbia-api/services/v4/getImage?NewFileNames=Yes&SeriesInstanceUID=1.3.6.1.4.1.14519.5.2.1.25930833980419842323697265093527812185
2026-08-09 17:23:46,532:INFO:Downloading... https://nbia.cancerimagingarchive.net/nbia-api/services/v4/getImage?NewFileNames=Yes&SeriesInstanceUID=1.3.6.1.4.1.14519.5.2.1.115933822823161724305094492095803049774
2026-08-09 17:23:46,707:INFO:Downloading... https://nbia.cancerimagingarchive.net/nbia-api/services/v4/getImage?NewFileNames=Yes&SeriesInstanceUID=1.3.6.1.4.1.14519.5.2.1.292092397892527468119078668575000936180
2026-08-09 17:23:52,728:INFO:Downloading... https://nbia.cancerimagingarchive.net/nbia-api/services/v4/getImage?NewFileNames=Yes&SeriesInstanceUID=1.3.6.1.4.1.14519.5.2.1.170870999839860708966191655293902879313
2026-08-09 17:23:56,290:INFO:Downloading... https://nbia.cancerimagingarchive.net/nbia-api/services/v4/getImage?NewFileNames=Yes&SeriesInstanceUID=1.3.6.1.4.1.14519.5.2.1.16236535679500688077268276125603367169
2026-08-09 17:23:56,972:INFO:Downloading... https://nbia.cancerimagingarchive.net/nbia-api/services/v4/getImage?NewFileNames=Yes&SeriesInstanceUID=1.3.6.1.4.1.14519.5.2.1.181877378128862910036534142215927207207
2026-08-09 17:24:01,599:INFO:Downloading... https://nbia.cancerimagingarchive.net/nbia-api/services/v4/getImage?NewFileNames=Yes&SeriesInstanceUID=1.3.6.1.4.1.14519.5.2.1.26089685108663841987678828131056127389
2026-08-09 17:24:03,153:INFO:Downloading... https://nbia.cancerimagingarchive.net/nbia-api/services/v4/getImage?NewFileNames=Yes&SeriesInstanceUID=1.3.6.1.4.1.14519.5.2.1.89960620696186189876390883113939233815
2026-08-09 17:24:05,929:INFO:Downloading... https://nbia.cancerimagingarchive.net/nbia-api/services/v4/getImage?NewFileNames=Yes&SeriesInstanceUID=1.3.6.1.4.1.14519.5.2.1.72475927108424370029072387660787317431
2026-08-09 17:24:07,367:INFO:Downloading... https://nbia.cancerimagingarchive.net/nbia-api/services/v4/getImage?NewFileNames=Yes&SeriesInstanceUID=1.3.6.1.4.1.14519.5.2.1.331563874473474740884769480336299226432
2026-08-09 17:24:11,765:INFO:Downloading... https://nbia.cancerimagingarchive.net/nbia-api/services/v4/getImage?NewFileNames=Yes&SeriesInstanceUID=1.3.6.1.4.1.14519.5.2.1.265246665358186944347522220408208971894
2026-08-09 17:24:15,035:INFO:Downloading... https://nbia.cancerimagingarchive.net/nbia-api/services/v4/getImage?NewFileNames=Yes&SeriesInstanceUID=1.3.6.1.4.1.14519.5.2.1.49008637967790220934500024657031921793
2026-08-09 17:24:17,119:INFO:Downloading... https://nbia.cancerimagingarchive.net/nbia-api/services/v4/getImage?NewFileNames=Yes&SeriesInstanceUID=1.3.6.1.4.1.14519.5.2.1.244434219576453070572100936256814199210
2026-08-09 17:24:21,369:INFO:Downloading... https://nbia.cancerimagingarchive.net/nbia-api/services/v4/getImage?NewFileNames=Yes&SeriesInstanceUID=1.3.6.1.4.1.14519.5.2.1.99173067399042951364704341274833902681
2026-08-09 17:24:21,452:INFO:Downloading... https://nbia.cancerimagingarchive.net/nbia-api/services/v4/getImage?NewFileNames=Yes&SeriesInstanceUID=1.3.6.1.4.1.14519.5.2.1.179029676246601157621901214548306088166
2026-08-09 17:24:23,292:INFO:Downloading... https://nbia.cancerimagingarchive.net/nbia-api/services/v4/getImage?NewFileNames=Yes&SeriesInstanceUID=1.3.6.1.4.1.14519.5.2.1.17237994647730366262439156870414628755
2026-08-09 17:24:26,581:INFO:Downloading... https://nbia.cancerimagingarchive.net/nbia-api/services/v4/getImage?NewFileNames=Yes&SeriesInstanceUID=1.3.6.1.4.1.14519.5.2.1.152723724041229806730837952837781246621
2026-08-09 17:24:31,350:INFO:Downloading... https://nbia.cancerimagingarchive.net/nbia-api/services/v4/getImage?NewFileNames=Yes&SeriesInstanceUID=1.3.6.1.4.1.14519.5.2.1.24512200310563972148472894754913279427
2026-08-09 17:24:31,368:INFO:Downloading... https://nbia.cancerimagingarchive.net/nbia-api/services/v4/getImage?NewFileNames=Yes&SeriesInstanceUID=1.3.6.1.4.1.14519.5.2.1.303883561260815382147470655820471260843
2026-08-09 17:24:32,881:INFO:Downloading... https://nbia.cancerimagingarchive.net/nbia-api/services/v4/getImage?NewFileNames=Yes&SeriesInstanceUID=1.3.6.1.4.1.14519.5.2.1.168557537211819150358199447333110265165
2026-08-09 17:24:35,882:INFO:Downloading... https://nbia.cancerimagingarchive.net/nbia-api/services/v4/getImage?NewFileNames=Yes&SeriesInstanceUID=1.3.6.1.4.1.14519.5.2.1.191650712292707229605582128006481568055
2026-08-09 17:24:40,762:INFO:Downloading... https://nbia.cancerimagingarchive.net/nbia-api/services/v4/getImage?NewFileNames=Yes&SeriesInstanceUID=1.3.6.1.4.1.14519.5.2.1.76463204851056533455501595742153804249
2026-08-09 17:24:40,935:INFO:Downloading... https://nbia.cancerimagingarchive.net/nbia-api/services/v4/getImage?NewFileNames=Yes&SeriesInstanceUID=1.3.6.1.4.1.14519.5.2.1.221649448587943973492037708506683257368
2026-08-09 17:24:42,069:INFO:Downloading... https://nbia.cancerimagingarchive.net/nbia-api/services/v4/getImage?NewFileNames=Yes&SeriesInstanceUID=1.3.6.1.4.1.14519.5.2.1.55840659655542515808553890198954141473
2026-08-09 17:24:44,542:INFO:Downloading... https://nbia.cancerimagingarchive.net/nbia-api/services/v4/getImage?NewFileNames=Yes&SeriesInstanceUID=1.3.6.1.4.1.14519.5.2.1.9415814875268550064914390880432502697
2026-08-09 17:24:50,236:INFO:Downloading... https://nbia.cancerimagingarchive.net/nbia-api/services/v4/getImage?NewFileNames=Yes&SeriesInstanceUID=1.3.6.1.4.1.14519.5.2.1.158934367696428112630488366427699308190
2026-08-09 17:24:50,569:INFO:Downloading... https://nbia.cancerimagingarchive.net/nbia-api/services/v4/getImage?NewFileNames=Yes&SeriesInstanceUID=1.3.6.1.4.1.14519.5.2.1.124303992034325365170100560810107418805
2026-08-09 17:24:51,888:INFO:Downloading... https://nbia.cancerimagingarchive.net/nbia-api/services/v4/getImage?NewFileNames=Yes&SeriesInstanceUID=1.3.6.1.4.1.14519.5.2.1.38910901594327157243748223607601754569
2026-08-09 17:24:54,555:INFO:Downloading... https://nbia.cancerimagingarchive.net/nbia-api/services/v4/getImage?NewFileNames=Yes&SeriesInstanceUID=1.3.6.1.4.1.14519.5.2.1.54843241536949148812960136712119379621
2026-08-09 17:25:00,586:INFO:Downloading... https://nbia.cancerimagingarchive.net/nbia-api/services/v4/getImage?NewFileNames=Yes&SeriesInstanceUID=1.3.6.1.4.1.14519.5.2.1.336125038882898860947528847881044941568
2026-08-09 17:25:00,800:INFO:Downloading... https://nbia.cancerimagingarchive.net/nbia-api/services/v4/getImage?NewFileNames=Yes&SeriesInstanceUID=1.3.6.1.4.1.14519.5.2.1.159561884941864640434883862391910847953
2026-08-09 17:25:00,897:INFO:Downloading... https://nbia.cancerimagingarchive.net/nbia-api/services/v4/getImage?NewFileNames=Yes&SeriesInstanceUID=1.3.6.1.4.1.14519.5.2.1.82384185427520813491576091966634777423
2026-08-09 17:25:11,573:INFO:Downloading... https://nbia.cancerimagingarchive.net/nbia-api/services/v4/getImage?NewFileNames=Yes&SeriesInstanceUID=1.3.6.1.4.1.14519.5.2.1.282156955333122591099726709216241521249
2026-08-09 17:25:21,624:INFO:Downloading... https://nbia.cancerimagingarchive.net/nbia-api/services/v4/getImage?NewFileNames=Yes&SeriesInstanceUID=1.3.6.1.4.1.14519.5.2.1.157792490794068053346926082677417721368
2026-08-09 17:25:24,421:INFO:Downloading... https://nbia.cancerimagingarchive.net/nbia-api/services/v4/getImage?NewFileNames=Yes&SeriesInstanceUID=1.3.6.1.4.1.14519.5.2.1.315817100318631856324508988684380658995
2026-08-09 17:25:26,675:INFO:Downloading... https://nbia.cancerimagingarchive.net/nbia-api/services/v4/getImage?NewFileNames=Yes&SeriesInstanceUID=1.3.6.1.4.1.14519.5.2.1.217850730867539919867810606283974599166
2026-08-09 17:25:29,834:INFO:Downloading... https://nbia.cancerimagingarchive.net/nbia-api/services/v4/getImage?NewFileNames=Yes&SeriesInstanceUID=1.3.6.1.4.1.14519.5.2.1.120025580805362501819004362571002098833
2026-08-09 17:25:32,090:INFO:Downloading... https://nbia.cancerimagingarchive.net/nbia-api/services/v4/getImage?NewFileNames=Yes&SeriesInstanceUID=1.3.6.1.4.1.14519.5.2.1.249712206095142364095587417774934614214
2026-08-09 17:25:34,638:INFO:Downloading... https://nbia.cancerimagingarchive.net/nbia-api/services/v4/getImage?NewFileNames=Yes&SeriesInstanceUID=1.3.6.1.4.1.14519.5.2.1.293622494088809611500103901622373799828
2026-08-09 17:25:35,879:INFO:Downloading... https://nbia.cancerimagingarchive.net/nbia-api/services/v4/getImage?NewFileNames=Yes&SeriesInstanceUID=1.3.6.1.4.1.14519.5.2.1.93246991380625423948052729314523522180
2026-08-09 17:25:39,568:INFO:Downloading... https://nbia.cancerimagingarchive.net/nbia-api/services/v4/getImage?NewFileNames=Yes&SeriesInstanceUID=1.3.6.1.4.1.14519.5.2.1.207959086672837582757168291000980156114
2026-08-09 17:25:41,201:INFO:Downloading... https://nbia.cancerimagingarchive.net/nbia-api/services/v4/getImage?NewFileNames=Yes&SeriesInstanceUID=1.3.6.1.4.1.14519.5.2.1.63875714254493094185486626341770677111
2026-08-09 17:25:44,988:INFO:Downloading... https://nbia.cancerimagingarchive.net/nbia-api/services/v4/getImage?NewFileNames=Yes&SeriesInstanceUID=1.3.6.1.4.1.14519.5.2.1.165637959847440042303038919821007135440
2026-08-09 17:25:45,783:INFO:Downloading... https://nbia.cancerimagingarchive.net/nbia-api/services/v4/getImage?NewFileNames=Yes&SeriesInstanceUID=1.3.6.1.4.1.14519.5.2.1.273629513690234257436455272270943949210
2026-08-09 17:25:50,109:INFO:Downloading... https://nbia.cancerimagingarchive.net/nbia-api/services/v4/getImage?NewFileNames=Yes&SeriesInstanceUID=1.3.6.1.4.1.14519.5.2.1.255222076408379932845003091032702209787
2026-08-09 17:25:50,602:INFO:Downloading... https://nbia.cancerimagingarchive.net/nbia-api/services/v4/getImage?NewFileNames=Yes&SeriesInstanceUID=1.3.6.1.4.1.14519.5.2.1.162383571422511094008913117130221433566
2026-08-09 17:25:55,540:INFO:Downloading... https://nbia.cancerimagingarchive.net/nbia-api/services/v4/getImage?NewFileNames=Yes&SeriesInstanceUID=1.3.6.1.4.1.14519.5.2.1.209330126786710213185807611525991083471
2026-08-09 17:25:55,543:INFO:Downloading... https://nbia.cancerimagingarchive.net/nbia-api/services/v4/getImage?NewFileNames=Yes&SeriesInstanceUID=1.3.6.1.4.1.14519.5.2.1.64924334359468374893010545535399832429
2026-08-09 17:26:02,422:INFO:Downloading... https://nbia.cancerimagingarchive.net/nbia-api/services/v4/getImage?NewFileNames=Yes&SeriesInstanceUID=1.3.6.1.4.1.14519.5.2.1.86911546121480294757958526214966411171
2026-08-09 17:26:03,424:INFO:Downloading... https://nbia.cancerimagingarchive.net/nbia-api/services/v4/getImage?NewFileNames=Yes&SeriesInstanceUID=1.3.6.1.4.1.14519.5.2.1.121939230202139961112961239431081519232
2026-08-09 17:26:04,387:INFO:Downloading... https://nbia.cancerimagingarchive.net/nbia-api/services/v4/getImage?NewFileNames=Yes&SeriesInstanceUID=1.3.6.1.4.1.14519.5.2.1.40254171418016153445971195527501339960
2026-08-09 17:26:05,466:INFO:Downloading... https://nbia.cancerimagingarchive.net/nbia-api/services/v4/getImage?NewFileNames=Yes&SeriesInstanceUID=1.3.6.1.4.1.14519.5.2.1.152604260839817346661979626142388090329
2026-08-09 17:26:11,397:INFO:Downloading... https://nbia.cancerimagingarchive.net/nbia-api/services/v4/getImage?NewFileNames=Yes&SeriesInstanceUID=1.3.6.1.4.1.14519.5.2.1.323734412593448964275026797093772170132
2026-08-09 17:26:13,671:INFO:Downloading... https://nbia.cancerimagingarchive.net/nbia-api/services/v4/getImage?NewFileNames=Yes&SeriesInstanceUID=1.3.6.1.4.1.14519.5.2.1.324857697517218992020266255855920793569
2026-08-09 17:26:14,341:INFO:Downloading... https://nbia.cancerimagingarchive.net/nbia-api/services/v4/getImage?NewFileNames=Yes&SeriesInstanceUID=1.3.6.1.4.1.14519.5.2.1.31344385919815287847009293380536096181
2026-08-09 17:26:20,548:INFO:Downloading... https://nbia.cancerimagingarchive.net/nbia-api/services/v4/getImage?NewFileNames=Yes&SeriesInstanceUID=1.3.6.1.4.1.14519.5.2.1.245110888128431965903331912704348455329
2026-08-09 17:26:22,524:INFO:Downloading... https://nbia.cancerimagingarchive.net/nbia-api/services/v4/getImage?NewFileNames=Yes&SeriesInstanceUID=1.3.6.1.4.1.14519.5.2.1.34280480322018916856042889464842039125
2026-08-09 17:26:23,305:INFO:Downloading... https://nbia.cancerimagingarchive.net/nbia-api/services/v4/getImage?NewFileNames=Yes&SeriesInstanceUID=1.3.6.1.4.1.14519.5.2.1.184950194209532286901506256576720515910
2026-08-09 17:26:27,307:INFO:Downloading... https://nbia.cancerimagingarchive.net/nbia-api/services/v4/getImage?NewFileNames=Yes&SeriesInstanceUID=1.3.6.1.4.1.14519.5.2.1.231019307881209606121055202499542678266
2026-08-09 17:26:29,385:INFO:Downloading... https://nbia.cancerimagingarchive.net/nbia-api/services/v4/getImage?NewFileNames=Yes&SeriesInstanceUID=1.3.6.1.4.1.14519.5.2.1.92814754513961007397831109291577648730
2026-08-09 17:26:32,350:INFO:Downloading... https://nbia.cancerimagingarchive.net/nbia-api/services/v4/getImage?NewFileNames=Yes&SeriesInstanceUID=1.3.6.1.4.1.14519.5.2.1.288658736869614218334673965781435349172
2026-08-09 17:26:32,406:INFO:Downloading... https://nbia.cancerimagingarchive.net/nbia-api/services/v4/getImage?NewFileNames=Yes&SeriesInstanceUID=1.3.6.1.4.1.14519.5.2.1.260643843178532925707394145862983459535
2026-08-09 17:26:36,554:INFO:Downloading... https://nbia.cancerimagingarchive.net/nbia-api/services/v4/getImage?NewFileNames=Yes&SeriesInstanceUID=1.3.6.1.4.1.14519.5.2.1.163373806474245898343880434691881540829
2026-08-09 17:26:38,763:INFO:Downloading... https://nbia.cancerimagingarchive.net/nbia-api/services/v4/getImage?NewFileNames=Yes&SeriesInstanceUID=1.3.6.1.4.1.14519.5.2.1.113719389109556432917569417150449535892
2026-08-09 17:26:39,942:INFO:Downloading... https://nbia.cancerimagingarchive.net/nbia-api/services/v4/getImage?NewFileNames=Yes&SeriesInstanceUID=1.3.6.1.4.1.14519.5.2.1.26158315401500481674912069336451403920
2026-08-09 17:26:41,053:INFO:Downloading... https://nbia.cancerimagingarchive.net/nbia-api/services/v4/getImage?NewFileNames=Yes&SeriesInstanceUID=1.3.6.1.4.1.14519.5.2.1.95431635361552920172964854082999431275
2026-08-09 17:26:44,816:INFO:Downloading... https://nbia.cancerimagingarchive.net/nbia-api/services/v4/getImage?NewFileNames=Yes&SeriesInstanceUID=1.3.6.1.4.1.14519.5.2.1.31687041527107627921454059155477677304
2026-08-09 17:26:47,051:INFO:Downloading... https://nbia.cancerimagingarchive.net/nbia-api/services/v4/getImage?NewFileNames=Yes&SeriesInstanceUID=1.3.6.1.4.1.14519.5.2.1.155753713424916759779936771010242524934
2026-08-09 17:26:48,000:INFO:Downloading... https://nbia.cancerimagingarchive.net/nbia-api/services/v4/getImage?NewFileNames=Yes&SeriesInstanceUID=1.3.6.1.4.1.14519.5.2.1.85502290794167741990515387964152420223
2026-08-09 17:26:49,003:INFO:Downloading... https://nbia.cancerimagingarchive.net/nbia-api/services/v4/getImage?NewFileNames=Yes&SeriesInstanceUID=1.3.6.1.4.1.14519.5.2.1.280479850131983672361724222722490841992
2026-08-09 17:26:55,212:INFO:Downloading... https://nbia.cancerimagingarchive.net/nbia-api/services/v4/getImage?NewFileNames=Yes&SeriesInstanceUID=1.3.6.1.4.1.14519.5.2.1.318564885504462257006217678691835827314
2026-08-09 17:26:56,906:INFO:Downloading... https://nbia.cancerimagingarchive.net/nbia-api/services/v4/getImage?NewFileNames=Yes&SeriesInstanceUID=1.3.6.1.4.1.14519.5.2.1.167574822529566877259003076229692562689
2026-08-09 17:26:57,270:INFO:Downloading... https://nbia.cancerimagingarchive.net/nbia-api/services/v4/getImage?NewFileNames=Yes&SeriesInstanceUID=1.3.6.1.4.1.14519.5.2.1.258663505274374887467600120390398192213
2026-08-09 17:26:57,368:INFO:Downloading... https://nbia.cancerimagingarchive.net/nbia-api/services/v4/getImage?NewFileNames=Yes&SeriesInstanceUID=1.3.6.1.4.1.14519.5.2.1.117937134807727265996023113202860046635
2026-08-09 17:27:02,613:INFO:Downloading... https://nbia.cancerimagingarchive.net/nbia-api/services/v4/getImage?NewFileNames=Yes&SeriesInstanceUID=1.3.6.1.4.1.14519.5.2.1.333199616691333622996056887410716151936
2026-08-09 17:27:04,303:INFO:Downloading... https://nbia.cancerimagingarchive.net/nbia-api/services/v4/getImage?NewFileNames=Yes&SeriesInstanceUID=1.3.6.1.4.1.14519.5.2.1.114444094692913501861902392705135505613
2026-08-09 17:27:04,753:INFO:Downloading... https://nbia.cancerimagingarchive.net/nbia-api/services/v4/getImage?NewFileNames=Yes&SeriesInstanceUID=1.3.6.1.4.1.14519.5.2.1.15643337706354433931049133273650875845
2026-08-09 17:27:05,051:INFO:Downloading... https://nbia.cancerimagingarchive.net/nbia-api/services/v4/getImage?NewFileNames=Yes&SeriesInstanceUID=1.3.6.1.4.1.14519.5.2.1.21429238875717648618984913451151730568
2026-08-09 17:27:13,626:INFO:Downloading... https://nbia.cancerimagingarchive.net/nbia-api/services/v4/getImage?NewFileNames=Yes&SeriesInstanceUID=1.3.6.1.4.1.14519.5.2.1.219340207020895411237716631485548435841
2026-08-09 17:27:13,651:INFO:Downloading... https://nbia.cancerimagingarchive.net/nbia-api/services/v4/getImage?NewFileNames=Yes&SeriesInstanceUID=1.3.6.1.4.1.14519.5.2.1.41193726072938518158825913159904824205
2026-08-09 17:27:14,502:INFO:Downloading... https://nbia.cancerimagingarchive.net/nbia-api/services/v4/getImage?NewFileNames=Yes&SeriesInstanceUID=1.3.6.1.4.1.14519.5.2.1.283136981719008182170224023287417351669
2026-08-09 17:27:15,109:INFO:Downloading... https://nbia.cancerimagingarchive.net/nbia-api/services/v4/getImage?NewFileNames=Yes&SeriesInstanceUID=1.3.6.1.4.1.14519.5.2.1.126498990260809973983001684119979614879
2026-08-09 17:27:21,192:INFO:Downloading... https://nbia.cancerimagingarchive.net/nbia-api/services/v4/getImage?NewFileNames=Yes&SeriesInstanceUID=1.3.6.1.4.1.14519.5.2.1.66247026495916747243820057358455247247
2026-08-09 17:27:21,326:INFO:Downloading... https://nbia.cancerimagingarchive.net/nbia-api/services/v4/getImage?NewFileNames=Yes&SeriesInstanceUID=1.3.6.1.4.1.14519.5.2.1.289767324138159198646827608329352835825
2026-08-09 17:27:22,458:INFO:Downloading... https://nbia.cancerimagingarchive.net/nbia-api/services/v4/getImage?NewFileNames=Yes&SeriesInstanceUID=1.3.6.1.4.1.14519.5.2.1.202822637537469611168299771742980147508
2026-08-09 17:27:22,659:INFO:Downloading... https://nbia.cancerimagingarchive.net/nbia-api/services/v4/getImage?NewFileNames=Yes&SeriesInstanceUID=1.3.6.1.4.1.14519.5.2.1.45842766282277260192078997222070292514
2026-08-09 17:27:25,346:INFO:Downloading... https://nbia.cancerimagingarchive.net/nbia-api/services/v4/getImage?NewFileNames=Yes&SeriesInstanceUID=1.3.6.1.4.1.14519.5.2.1.62944124031499306718965056171127065003
2026-08-09 17:27:28,909:INFO:Downloading... https://nbia.cancerimagingarchive.net/nbia-api/services/v4/getImage?NewFileNames=Yes&SeriesInstanceUID=1.3.6.1.4.1.14519.5.2.1.144695871492671688150700730813497822423
2026-08-09 17:27:28,991:INFO:Downloading... https://nbia.cancerimagingarchive.net/nbia-api/services/v4/getImage?NewFileNames=Yes&SeriesInstanceUID=1.3.6.1.4.1.14519.5.2.1.198587368669373141649620496065403749027
2026-08-09 17:27:30,379:INFO:Downloading... https://nbia.cancerimagingarchive.net/nbia-api/services/v4/getImage?NewFileNames=Yes&SeriesInstanceUID=1.3.6.1.4.1.14519.5.2.1.219044014031387784240395037064935477873
2026-08-09 17:27:33,361:INFO:Downloading... https://nbia.cancerimagingarchive.net/nbia-api/services/v4/getImage?NewFileNames=Yes&SeriesInstanceUID=1.3.6.1.4.1.14519.5.2.1.135747020171171464487805755379215459780
2026-08-09 17:27:36,419:INFO:Downloading... https://nbia.cancerimagingarchive.net/nbia-api/services/v4/getImage?NewFileNames=Yes&SeriesInstanceUID=1.3.6.1.4.1.14519.5.2.1.202017974625546424736475983085959614603
2026-08-09 17:27:36,999:INFO:Downloading... https://nbia.cancerimagingarchive.net/nbia-api/services/v4/getImage?NewFileNames=Yes&SeriesInstanceUID=1.3.6.1.4.1.14519.5.2.1.289419933084134531633067542855776351607
2026-08-09 17:27:38,379:INFO:Downloading... https://nbia.cancerimagingarchive.net/nbia-api/services/v4/getImage?NewFileNames=Yes&SeriesInstanceUID=1.3.6.1.4.1.14519.5.2.1.288189166983982267202911686530968480285
2026-08-09 17:27:41,391:INFO:Downloading... https://nbia.cancerimagingarchive.net/nbia-api/services/v4/getImage?NewFileNames=Yes&SeriesInstanceUID=1.3.6.1.4.1.14519.5.2.1.94831986123216452722869974205902040547
2026-08-09 17:27:44,159:INFO:Downloading... https://nbia.cancerimagingarchive.net/nbia-api/services/v4/getImage?NewFileNames=Yes&SeriesInstanceUID=1.3.6.1.4.1.14519.5.2.1.295115146512257880003200081714315348245
2026-08-09 17:27:44,673:INFO:Downloading... https://nbia.cancerimagingarchive.net/nbia-api/services/v4/getImage?NewFileNames=Yes&SeriesInstanceUID=1.3.6.1.4.1.14519.5.2.1.285201825701921389916791955995651484713
2026-08-09 17:27:45,883:INFO:Downloading... https://nbia.cancerimagingarchive.net/nbia-api/services/v4/getImage?NewFileNames=Yes&SeriesInstanceUID=1.3.6.1.4.1.14519.5.2.1.323815399703015746300752916685113008456
2026-08-09 17:27:49,518:INFO:Downloading... https://nbia.cancerimagingarchive.net/nbia-api/services/v4/getImage?NewFileNames=Yes&SeriesInstanceUID=1.3.6.1.4.1.14519.5.2.1.215027589622292550830024611172561707734
2026-08-09 17:27:51,965:INFO:Downloading... https://nbia.cancerimagingarchive.net/nbia-api/services/v4/getImage?NewFileNames=Yes&SeriesInstanceUID=1.3.6.1.4.1.14519.5.2.1.19108082888938494383557942065688395349
2026-08-09 17:27:52,534:INFO:Downloading... https://nbia.cancerimagingarchive.net/nbia-api/services/v4/getImage?NewFileNames=Yes&SeriesInstanceUID=1.3.6.1.4.1.14519.5.2.1.145474611833458572314575689360843139749
2026-08-09 17:27:54,041:INFO:Downloading... https://nbia.cancerimagingarchive.net/nbia-api/services/v4/getImage?NewFileNames=Yes&SeriesInstanceUID=1.3.6.1.4.1.14519.5.2.1.19107530223805781861247199540525724638
2026-08-09 17:27:57,237:INFO:Downloading... https://nbia.cancerimagingarchive.net/nbia-api/services/v4/getImage?NewFileNames=Yes&SeriesInstanceUID=1.3.6.1.4.1.14519.5.2.1.122093235212599687440383033228818931409
2026-08-09 17:28:00,440:INFO:Downloading... https://nbia.cancerimagingarchive.net/nbia-api/services/v4/getImage?NewFileNames=Yes&SeriesInstanceUID=1.3.6.1.4.1.14519.5.2.1.82040233242067049788412745820082663470
2026-08-09 17:28:01,748:INFO:Downloading... https://nbia.cancerimagingarchive.net/nbia-api/services/v4/getImage?NewFileNames=Yes&SeriesInstanceUID=1.3.6.1.4.1.14519.5.2.1.26695797637074699888157686452477709287
2026-08-09 17:28:04,041:INFO:Downloading... https://nbia.cancerimagingarchive.net/nbia-api/services/v4/getImage?NewFileNames=Yes&SeriesInstanceUID=1.3.6.1.4.1.14519.5.2.1.30130087419814246393628483613925622404
2026-08-09 17:28:04,857:INFO:Downloading... https://nbia.cancerimagingarchive.net/nbia-api/services/v4/getImage?NewFileNames=Yes&SeriesInstanceUID=1.3.6.1.4.1.14519.5.2.1.120092681607301828876512547098953510825
2026-08-09 17:28:07,962:INFO:Downloading... https://nbia.cancerimagingarchive.net/nbia-api/services/v4/getImage?NewFileNames=Yes&SeriesInstanceUID=1.3.6.1.4.1.14519.5.2.1.115720773223234328366623714562340865873
2026-08-09 17:28:09,064:INFO:Downloading... https://nbia.cancerimagingarchive.net/nbia-api/services/v4/getImage?NewFileNames=Yes&SeriesInstanceUID=1.3.6.1.4.1.14519.5.2.1.232726326233118797972121815430409115367
2026-08-09 17:28:11,532:INFO:Downloading... https://nbia.cancerimagingarchive.net/nbia-api/services/v4/getImage?NewFileNames=Yes&SeriesInstanceUID=1.3.6.1.4.1.14519.5.2.1.91273160526288771469078933393417921664
2026-08-09 17:28:12,092:INFO:Downloading... https://nbia.cancerimagingarchive.net/nbia-api/services/v4/getImage?NewFileNames=Yes&SeriesInstanceUID=1.3.6.1.4.1.14519.5.2.1.46142631008133758096451310661395010609
2026-08-09 17:28:15,811:INFO:Downloading... https://nbia.cancerimagingarchive.net/nbia-api/services/v4/getImage?NewFileNames=Yes&SeriesInstanceUID=1.3.6.1.4.1.14519.5.2.1.274193085069976369702275956520392878370
2026-08-09 17:28:16,803:INFO:Downloading... https://nbia.cancerimagingarchive.net/nbia-api/services/v4/getImage?NewFileNames=Yes&SeriesInstanceUID=1.3.6.1.4.1.14519.5.2.1.151159637338022615714495931461988372968
2026-08-09 17:28:19,038:INFO:Downloading... https://nbia.cancerimagingarchive.net/nbia-api/services/v4/getImage?NewFileNames=Yes&SeriesInstanceUID=1.3.6.1.4.1.14519.5.2.1.38706240677953309067050985313332075645
2026-08-09 17:28:19,821:INFO:Downloading... https://nbia.cancerimagingarchive.net/nbia-api/services/v4/getImage?NewFileNames=Yes&SeriesInstanceUID=1.3.6.1.4.1.14519.5.2.1.126797246783950695822257461485389367901
2026-08-09 17:28:23,259:INFO:Downloading... https://nbia.cancerimagingarchive.net/nbia-api/services/v4/getImage?NewFileNames=Yes&SeriesInstanceUID=1.3.6.1.4.1.14519.5.2.1.239573502223389621835195299332944076085
2026-08-09 17:28:24,687:INFO:Downloading... https://nbia.cancerimagingarchive.net/nbia-api/services/v4/getImage?NewFileNames=Yes&SeriesInstanceUID=1.3.6.1.4.1.14519.5.2.1.139784057886138418503389946668792513558
2026-08-09 17:28:27,264:INFO:Downloading... https://nbia.cancerimagingarchive.net/nbia-api/services/v4/getImage?NewFileNames=Yes&SeriesInstanceUID=1.3.6.1.4.1.14519.5.2.1.2518089014344563740326942983880976489
2026-08-09 17:28:28,480:INFO:Downloading... https://nbia.cancerimagingarchive.net/nbia-api/services/v4/getImage?NewFileNames=Yes&SeriesInstanceUID=1.3.6.1.4.1.14519.5.2.1.122999687110733353560286087804035459178
2026-08-09 17:28:30,488:INFO:Downloading... https://nbia.cancerimagingarchive.net/nbia-api/services/v4/getImage?NewFileNames=Yes&SeriesInstanceUID=1.3.6.1.4.1.14519.5.2.1.329761424614351811417492348024551403235
2026-08-09 17:28:32,319:INFO:Downloading... https://nbia.cancerimagingarchive.net/nbia-api/services/v4/getImage?NewFileNames=Yes&SeriesInstanceUID=1.3.6.1.4.1.14519.5.2.1.106168769470370765805353057723561856066
2026-08-09 17:28:34,738:INFO:Downloading... https://nbia.cancerimagingarchive.net/nbia-api/services/v4/getImage?NewFileNames=Yes&SeriesInstanceUID=1.3.6.1.4.1.14519.5.2.1.154955871932891715583850785672001673434
2026-08-09 17:28:36,011:INFO:Downloading... https://nbia.cancerimagingarchive.net/nbia-api/services/v4/getImage?NewFileNames=Yes&SeriesInstanceUID=1.3.6.1.4.1.14519.5.2.1.208379799671514794453422541088484865602
2026-08-09 17:28:39,515:INFO:Downloading... https://nbia.cancerimagingarchive.net/nbia-api/services/v4/getImage?NewFileNames=Yes&SeriesInstanceUID=1.3.6.1.4.1.14519.5.2.1.60945032571364836064816664439513361467
2026-08-09 17:28:40,731:INFO:Downloading... https://nbia.cancerimagingarchive.net/nbia-api/services/v4/getImage?NewFileNames=Yes&SeriesInstanceUID=1.3.6.1.4.1.14519.5.2.1.263654757780106175417435983801483439694
2026-08-09 17:28:43,355:INFO:Downloading... https://nbia.cancerimagingarchive.net/nbia-api/services/v4/getImage?NewFileNames=Yes&SeriesInstanceUID=1.3.6.1.4.1.14519.5.2.1.299504996305958170045867987440446370060
2026-08-09 17:28:43,551:INFO:Downloading... https://nbia.cancerimagingarchive.net/nbia-api/services/v4/getImage?NewFileNames=Yes&SeriesInstanceUID=1.3.6.1.4.1.14519.5.2.1.239407749552522453591886597188408759296
2026-08-09 17:28:50,840:INFO:Downloading... https://nbia.cancerimagingarchive.net/nbia-api/services/v4/getImage?NewFileNames=Yes&SeriesInstanceUID=1.3.6.1.4.1.14519.5.2.1.25828119121887782075528778556199409578
2026-08-09 17:28:51,782:INFO:Downloading... https://nbia.cancerimagingarchive.net/nbia-api/services/v4/getImage?NewFileNames=Yes&SeriesInstanceUID=1.3.6.1.4.1.14519.5.2.1.52310748955963821301634898908029846826
2026-08-09 17:28:54,186:INFO:Downloading... https://nbia.cancerimagingarchive.net/nbia-api/services/v4/getImage?NewFileNames=Yes&SeriesInstanceUID=1.3.6.1.4.1.14519.5.2.1.18241112723823512075361944812933377850
2026-08-09 17:28:55,093:INFO:Downloading... https://nbia.cancerimagingarchive.net/nbia-api/services/v4/getImage?NewFileNames=Yes&SeriesInstanceUID=1.3.6.1.4.1.14519.5.2.1.299537434620597311521443563939622231700
2026-08-09 17:28:58,201:INFO:Downloading... https://nbia.cancerimagingarchive.net/nbia-api/services/v4/getImage?NewFileNames=Yes&SeriesInstanceUID=1.3.6.1.4.1.14519.5.2.1.217379401732029160764684568080975767731
2026-08-09 17:28:59,275:INFO:Downloading... https://nbia.cancerimagingarchive.net/nbia-api/services/v4/getImage?NewFileNames=Yes&SeriesInstanceUID=1.3.6.1.4.1.14519.5.2.1.118895784409184924845520292934106932582
2026-08-09 17:29:01,572:INFO:Downloading... https://nbia.cancerimagingarchive.net/nbia-api/services/v4/getImage?NewFileNames=Yes&SeriesInstanceUID=1.3.6.1.4.1.14519.5.2.1.283609345258425229105706160226162970726
2026-08-09 17:29:04,285:INFO:Downloading... https://nbia.cancerimagingarchive.net/nbia-api/services/v4/getImage?NewFileNames=Yes&SeriesInstanceUID=1.3.6.1.4.1.14519.5.2.1.295675131799183227791682269931277920943
2026-08-09 17:29:05,342:INFO:Downloading... https://nbia.cancerimagingarchive.net/nbia-api/services/v4/getImage?NewFileNames=Yes&SeriesInstanceUID=1.3.6.1.4.1.14519.5.2.1.181886438964165540405943100006107352995
2026-08-09 17:29:06,772:INFO:Downloading... https://nbia.cancerimagingarchive.net/nbia-api/services/v4/getImage?NewFileNames=Yes&SeriesInstanceUID=1.3.6.1.4.1.14519.5.2.1.193171447514378556408755083828102282370
2026-08-09 17:29:08,969:INFO:Downloading... https://nbia.cancerimagingarchive.net/nbia-api/services/v4/getImage?NewFileNames=Yes&SeriesInstanceUID=1.3.6.1.4.1.14519.5.2.1.48634337802736274387575064088727144029
2026-08-09 17:29:12,483:INFO:Downloading... https://nbia.cancerimagingarchive.net/nbia-api/services/v4/getImage?NewFileNames=Yes&SeriesInstanceUID=1.3.6.1.4.1.14519.5.2.1.96939612394847383114836035717452522210
2026-08-09 17:29:15,114:INFO:Downloading... https://nbia.cancerimagingarchive.net/nbia-api/services/v4/getImage?NewFileNames=Yes&SeriesInstanceUID=1.3.6.1.4.1.14519.5.2.1.151043255868433718402109154466490686240
2026-08-09 17:29:17,196:INFO:Downloading... https://nbia.cancerimagingarchive.net/nbia-api/services/v4/getImage?NewFileNames=Yes&SeriesInstanceUID=1.3.6.1.4.1.14519.5.2.1.139388502595195095786385149562033088485
2026-08-09 17:29:18,735:INFO:Downloading... https://nbia.cancerimagingarchive.net/nbia-api/services/v4/getImage?NewFileNames=Yes&SeriesInstanceUID=1.3.6.1.4.1.14519.5.2.1.132646153594375075362500908061716099431
2026-08-09 17:29:23,026:INFO:Downloading... https://nbia.cancerimagingarchive.net/nbia-api/services/v4/getImage?NewFileNames=Yes&SeriesInstanceUID=1.3.6.1.4.1.14519.5.2.1.289630632413046533449598549568225539978
2026-08-09 17:29:23,912:INFO:Downloading... https://nbia.cancerimagingarchive.net/nbia-api/services/v4/getImage?NewFileNames=Yes&SeriesInstanceUID=1.3.6.1.4.1.14519.5.2.1.318094140099218631889842421100397749155
2026-08-09 17:29:25,628:INFO:Downloading... https://nbia.cancerimagingarchive.net/nbia-api/services/v4/getImage?NewFileNames=Yes&SeriesInstanceUID=1.3.6.1.4.1.14519.5.2.1.236692640400387648595776169580314328449
2026-08-09 17:29:26,862:INFO:Downloading... https://nbia.cancerimagingarchive.net/nbia-api/services/v4/getImage?NewFileNames=Yes&SeriesInstanceUID=1.3.6.1.4.1.14519.5.2.1.327596097230596357495298009429130875036
2026-08-09 17:29:31,017:INFO:Downloading... https://nbia.cancerimagingarchive.net/nbia-api/services/v4/getImage?NewFileNames=Yes&SeriesInstanceUID=1.3.6.1.4.1.14519.5.2.1.64480239985804259590600985746589784273
2026-08-09 17:29:34,594:INFO:Downloading... https://nbia.cancerimagingarchive.net/nbia-api/services/v4/getImage?NewFileNames=Yes&SeriesInstanceUID=1.3.6.1.4.1.14519.5.2.1.302567119001953520657490210239313065570
2026-08-09 17:29:36,829:INFO:Downloading... https://nbia.cancerimagingarchive.net/nbia-api/services/v4/getImage?NewFileNames=Yes&SeriesInstanceUID=1.3.6.1.4.1.14519.5.2.1.267366458282830763208866599157408361632
2026-08-09 17:29:38,530:INFO:Downloading... https://nbia.cancerimagingarchive.net/nbia-api/services/v4/getImage?NewFileNames=Yes&SeriesInstanceUID=1.3.6.1.4.1.14519.5.2.1.102828289452888643049407861474478881949
2026-08-09 17:29:42,025:INFO:Downloading... https://nbia.cancerimagingarchive.net/nbia-api/services/v4/getImage?NewFileNames=Yes&SeriesInstanceUID=1.3.6.1.4.1.14519.5.2.1.314278812698627425855030342389503488446
2026-08-09 17:29:42,672:INFO:Downloading... https://nbia.cancerimagingarchive.net/nbia-api/services/v4/getImage?NewFileNames=Yes&SeriesInstanceUID=1.3.6.1.4.1.14519.5.2.1.55511478386275454847540761682258432741
2026-08-09 17:29:44,520:INFO:Downloading... https://nbia.cancerimagingarchive.net/nbia-api/services/v4/getImage?NewFileNames=Yes&SeriesInstanceUID=1.3.6.1.4.1.14519.5.2.1.259386984493421107632980675204075836951
2026-08-09 17:29:46,007:INFO:Downloading... https://nbia.cancerimagingarchive.net/nbia-api/services/v4/getImage?NewFileNames=Yes&SeriesInstanceUID=1.3.6.1.4.1.14519.5.2.1.251262756967617703151439466291463932692
2026-08-09 17:29:49,315:INFO:Downloading... https://nbia.cancerimagingarchive.net/nbia-api/services/v4/getImage?NewFileNames=Yes&SeriesInstanceUID=1.3.6.1.4.1.14519.5.2.1.202404135727805426680754587657588417995
2026-08-09 17:29:50,222:INFO:Downloading... https://nbia.cancerimagingarchive.net/nbia-api/services/v4/getImage?NewFileNames=Yes&SeriesInstanceUID=1.3.6.1.4.1.14519.5.2.1.114012326857993204913379898837179050298
2026-08-09 17:29:52,186:INFO:Downloading... https://nbia.cancerimagingarchive.net/nbia-api/services/v4/getImage?NewFileNames=Yes&SeriesInstanceUID=1.3.6.1.4.1.14519.5.2.1.263114992397888607918674708762235289973
2026-08-09 17:29:54,031:INFO:Downloading... https://nbia.cancerimagingarchive.net/nbia-api/services/v4/getImage?NewFileNames=Yes&SeriesInstanceUID=1.3.6.1.4.1.14519.5.2.1.259589053058960163729994582775175382391
2026-08-09 17:29:58,621:INFO:Downloading... https://nbia.cancerimagingarchive.net/nbia-api/services/v4/getImage?NewFileNames=Yes&SeriesInstanceUID=1.3.6.1.4.1.14519.5.2.1.76619935056619582365668324840797473211
2026-08-09 17:30:00,051:INFO:Downloading... https://nbia.cancerimagingarchive.net/nbia-api/services/v4/getImage?NewFileNames=Yes&SeriesInstanceUID=1.3.6.1.4.1.14519.5.2.1.101197826793254681425036654055969922205
2026-08-09 17:30:01,196:INFO:Downloading... https://nbia.cancerimagingarchive.net/nbia-api/services/v4/getImage?NewFileNames=Yes&SeriesInstanceUID=1.3.6.1.4.1.14519.5.2.1.40194605852876748778764173018198401249
2026-08-09 17:30:01,980:INFO:Downloading... https://nbia.cancerimagingarchive.net/nbia-api/services/v4/getImage?NewFileNames=Yes&SeriesInstanceUID=1.3.6.1.4.1.14519.5.2.1.180196424324190091959874442128431748609
2026-08-09 17:30:07,663:INFO:Downloading... https://nbia.cancerimagingarchive.net/nbia-api/services/v4/getImage?NewFileNames=Yes&SeriesInstanceUID=1.3.6.1.4.1.14519.5.2.1.184363861302364644587343955347347241730
2026-08-09 17:30:09,840:INFO:Downloading... https://nbia.cancerimagingarchive.net/nbia-api/services/v4/getImage?NewFileNames=Yes&SeriesInstanceUID=1.3.6.1.4.1.14519.5.2.1.117677345822881898949903055949859830119
2026-08-09 17:30:10,365:INFO:Downloading... https://nbia.cancerimagingarchive.net/nbia-api/services/v4/getImage?NewFileNames=Yes&SeriesInstanceUID=1.3.6.1.4.1.14519.5.2.1.212879931065999196562012061933956779645
2026-08-09 17:30:12,182:INFO:Downloading... https://nbia.cancerimagingarchive.net/nbia-api/services/v4/getImage?NewFileNames=Yes&SeriesInstanceUID=1.3.6.1.4.1.14519.5.2.1.338594202817635416408751751771837897301
2026-08-09 17:30:15,793:INFO:Downloading... https://nbia.cancerimagingarchive.net/nbia-api/services/v4/getImage?NewFileNames=Yes&SeriesInstanceUID=1.3.6.1.4.1.14519.5.2.1.22840303718544229396480217541774977262
2026-08-09 17:30:18,240:INFO:Downloading... https://nbia.cancerimagingarchive.net/nbia-api/services/v4/getImage?NewFileNames=Yes&SeriesInstanceUID=1.3.6.1.4.1.14519.5.2.1.196251045058420542398628775301477286773
2026-08-09 17:30:20,772:INFO:Downloading... https://nbia.cancerimagingarchive.net/nbia-api/services/v4/getImage?NewFileNames=Yes&SeriesInstanceUID=1.3.6.1.4.1.14519.5.2.1.211865129978659758441360924054994197040
2026-08-09 17:30:24,338:INFO:Downloading... https://nbia.cancerimagingarchive.net/nbia-api/services/v4/getImage?NewFileNames=Yes&SeriesInstanceUID=1.3.6.1.4.1.14519.5.2.1.173909897446045546076055308380356796681
2026-08-09 17:30:27,237:INFO:Downloading... https://nbia.cancerimagingarchive.net/nbia-api/services/v4/getImage?NewFileNames=Yes&SeriesInstanceUID=1.3.6.1.4.1.14519.5.2.1.58763280374413155592345567705354282470
2026-08-09 17:30:28,425:INFO:Downloading... https://nbia.cancerimagingarchive.net/nbia-api/services/v4/getImage?NewFileNames=Yes&SeriesInstanceUID=1.3.6.1.4.1.14519.5.2.1.30788521017982512273045594568123156286
2026-08-09 17:30:32,138:INFO:Downloading... https://nbia.cancerimagingarchive.net/nbia-api/services/v4/getImage?NewFileNames=Yes&SeriesInstanceUID=1.3.6.1.4.1.14519.5.2.1.323706188395017008234877742961778010958
2026-08-09 17:30:36,478:INFO:Downloading... https://nbia.cancerimagingarchive.net/nbia-api/services/v4/getImage?NewFileNames=Yes&SeriesInstanceUID=1.3.6.1.4.1.14519.5.2.1.60281466052994801073511556877392488769
2026-08-09 17:30:36,967:INFO:Downloading... https://nbia.cancerimagingarchive.net/nbia-api/services/v4/getImage?NewFileNames=Yes&SeriesInstanceUID=1.3.6.1.4.1.14519.5.2.1.8819701125217072009474068988963011376
2026-08-09 17:30:39,066:INFO:Downloading... https://nbia.cancerimagingarchive.net/nbia-api/services/v4/getImage?NewFileNames=Yes&SeriesInstanceUID=1.3.6.1.4.1.14519.5.2.1.58645068137675497084023956505308412052
2026-08-09 17:30:39,619:INFO:Downloading... https://nbia.cancerimagingarchive.net/nbia-api/services/v4/getImage?NewFileNames=Yes&SeriesInstanceUID=1.3.6.1.4.1.14519.5.2.1.173096635657289446053883784176620389352
2026-08-09 17:30:43,892:INFO:Downloading... https://nbia.cancerimagingarchive.net/nbia-api/services/v4/getImage?NewFileNames=Yes&SeriesInstanceUID=1.3.6.1.4.1.14519.5.2.1.178674325284096047514468706364358807720
2026-08-09 17:30:45,601:INFO:Downloading... https://nbia.cancerimagingarchive.net/nbia-api/services/v4/getImage?NewFileNames=Yes&SeriesInstanceUID=1.3.6.1.4.1.14519.5.2.1.169690212406452360829956508402255442685
2026-08-09 17:30:45,954:INFO:Downloading... https://nbia.cancerimagingarchive.net/nbia-api/services/v4/getImage?NewFileNames=Yes&SeriesInstanceUID=1.3.6.1.4.1.14519.5.2.1.49017011511891053855942453507205683962
2026-08-09 17:30:47,952:INFO:Downloading... https://nbia.cancerimagingarchive.net/nbia-api/services/v4/getImage?NewFileNames=Yes&SeriesInstanceUID=1.3.6.1.4.1.14519.5.2.1.226510167331610860279824193785602592083
2026-08-09 17:30:51,525:INFO:Downloading... https://nbia.cancerimagingarchive.net/nbia-api/services/v4/getImage?NewFileNames=Yes&SeriesInstanceUID=1.3.6.1.4.1.14519.5.2.1.213151363412927022447785483329264423213
2026-08-09 17:30:53,600:INFO:Downloading... https://nbia.cancerimagingarchive.net/nbia-api/services/v4/getImage?NewFileNames=Yes&SeriesInstanceUID=1.3.6.1.4.1.14519.5.2.1.332507711760045704047674668671176628027
2026-08-09 17:30:53,643:INFO:Downloading... https://nbia.cancerimagingarchive.net/nbia-api/services/v4/getImage?NewFileNames=Yes&SeriesInstanceUID=1.3.6.1.4.1.14519.5.2.1.267097243022197379515113694081034171605
2026-08-09 17:30:55,322:INFO:Downloading... https://nbia.cancerimagingarchive.net/nbia-api/services/v4/getImage?NewFileNames=Yes&SeriesInstanceUID=1.3.6.1.4.1.14519.5.2.1.295889748795268142241804563145897835798
2026-08-09 17:30:59,523:INFO:Downloading... https://nbia.cancerimagingarchive.net/nbia-api/services/v4/getImage?NewFileNames=Yes&SeriesInstanceUID=1.3.6.1.4.1.14519.5.2.1.240328310425973979999064251604304819220
2026-08-09 17:31:01,312:INFO:Downloading... https://nbia.cancerimagingarchive.net/nbia-api/services/v4/getImage?NewFileNames=Yes&SeriesInstanceUID=1.3.6.1.4.1.14519.5.2.1.53357029486944592798699018430352025963
2026-08-09 17:31:01,406:INFO:Downloading... https://nbia.cancerimagingarchive.net/nbia-api/services/v4/getImage?NewFileNames=Yes&SeriesInstanceUID=1.3.6.1.4.1.14519.5.2.1.333422744422899633544179152025752345681
2026-08-09 17:31:03,043:INFO:Downloading... https://nbia.cancerimagingarchive.net/nbia-api/services/v4/getImage?NewFileNames=Yes&SeriesInstanceUID=1.3.6.1.4.1.14519.5.2.1.45750292664612827382451034681740163051
2026-08-09 17:31:06,983:INFO:Downloading... https://nbia.cancerimagingarchive.net/nbia-api/services/v4/getImage?NewFileNames=Yes&SeriesInstanceUID=1.3.6.1.4.1.14519.5.2.1.305052319304458322194745588345632420445
2026-08-09 17:31:09,045:INFO:Downloading... https://nbia.cancerimagingarchive.net/nbia-api/services/v4/getImage?NewFileNames=Yes&SeriesInstanceUID=1.3.6.1.4.1.14519.5.2.1.95900276396462809084758402317393187486
2026-08-09 17:31:10,829:INFO:Downloading... https://nbia.cancerimagingarchive.net/nbia-api/services/v4/getImage?NewFileNames=Yes&SeriesInstanceUID=1.3.6.1.4.1.14519.5.2.1.312306697322324094664373474889708891139
2026-08-09 17:31:11,782:INFO:Downloading... https://nbia.cancerimagingarchive.net/nbia-api/services/v4/getImage?NewFileNames=Yes&SeriesInstanceUID=1.3.6.1.4.1.14519.5.2.1.86653906500521782423943543335101803319
2026-08-09 17:31:17,797:INFO:Downloading... https://nbia.cancerimagingarchive.net/nbia-api/services/v4/getImage?NewFileNames=Yes&SeriesInstanceUID=1.3.6.1.4.1.14519.5.2.1.212631383049831993332655825599240269328
2026-08-09 17:31:18,941:INFO:Downloading... https://nbia.cancerimagingarchive.net/nbia-api/services/v4/getImage?NewFileNames=Yes&SeriesInstanceUID=1.3.6.1.4.1.14519.5.2.1.134211195971547891237464825914760298998
2026-08-09 17:31:20,430:INFO:Downloading... https://nbia.cancerimagingarchive.net/nbia-api/services/v4/getImage?NewFileNames=Yes&SeriesInstanceUID=1.3.6.1.4.1.14519.5.2.1.99894011670657189905623034125696083609
2026-08-09 17:31:26,003:INFO:Downloading... https://nbia.cancerimagingarchive.net/nbia-api/services/v4/getImage?NewFileNames=Yes&SeriesInstanceUID=1.3.6.1.4.1.14519.5.2.1.148007965295461159519917737296142210037
2026-08-09 17:31:26,106:INFO:Downloading... https://nbia.cancerimagingarchive.net/nbia-api/services/v4/getImage?NewFileNames=Yes&SeriesInstanceUID=1.3.6.1.4.1.14519.5.2.1.335708575814911564910066881382695134999
2026-08-09 17:31:26,460:INFO:Downloading... https://nbia.cancerimagingarchive.net/nbia-api/services/v4/getImage?NewFileNames=Yes&SeriesInstanceUID=1.3.6.1.4.1.14519.5.2.1.318425023416499783872589692219063949670
2026-08-09 17:31:28,201:INFO:Downloading... https://nbia.cancerimagingarchive.net/nbia-api/services/v4/getImage?NewFileNames=Yes&SeriesInstanceUID=1.3.6.1.4.1.14519.5.2.1.39302639307048230626028207917465119160
2026-08-09 17:31:33,738:INFO:Downloading... https://nbia.cancerimagingarchive.net/nbia-api/services/v4/getImage?NewFileNames=Yes&SeriesInstanceUID=1.3.6.1.4.1.14519.5.2.1.220093935812400856951107032176940370634
2026-08-09 17:31:35,180:INFO:Downloading... https://nbia.cancerimagingarchive.net/nbia-api/services/v4/getImage?NewFileNames=Yes&SeriesInstanceUID=1.3.6.1.4.1.14519.5.2.1.55578771704483892266285001209723663354
2026-08-09 17:31:41,179:INFO:Downloading... https://nbia.cancerimagingarchive.net/nbia-api/services/v4/getImage?NewFileNames=Yes&SeriesInstanceUID=1.3.6.1.4.1.14519.5.2.1.291978788575135233172394968320076933467
2026-08-09 17:31:41,921:INFO:Downloading... https://nbia.cancerimagingarchive.net/nbia-api/services/v4/getImage?NewFileNames=Yes&SeriesInstanceUID=1.3.6.1.4.1.14519.5.2.1.94568451210709562343052917727278788690
2026-08-09 17:31:43,060:INFO:Downloading... https://nbia.cancerimagingarchive.net/nbia-api/services/v4/getImage?NewFileNames=Yes&SeriesInstanceUID=1.3.6.1.4.1.14519.5.2.1.294327501812155883228695793820711254133
2026-08-09 17:31:47,248:INFO:Downloading... https://nbia.cancerimagingarchive.net/nbia-api/services/v4/getImage?NewFileNames=Yes&SeriesInstanceUID=1.3.6.1.4.1.14519.5.2.1.244998414919127158811893125641104916771
2026-08-09 17:31:48,687:INFO:Downloading... https://nbia.cancerimagingarchive.net/nbia-api/services/v4/getImage?NewFileNames=Yes&SeriesInstanceUID=1.3.6.1.4.1.14519.5.2.1.210785341733763197917959867784666333736
2026-08-09 17:31:49,120:INFO:Downloading... https://nbia.cancerimagingarchive.net/nbia-api/services/v4/getImage?NewFileNames=Yes&SeriesInstanceUID=1.3.6.1.4.1.14519.5.2.1.129473156300763108254043806109369564808
2026-08-09 17:31:50,911:INFO:Downloading... https://nbia.cancerimagingarchive.net/nbia-api/services/v4/getImage?NewFileNames=Yes&SeriesInstanceUID=1.3.6.1.4.1.14519.5.2.1.57775815073465575569445173832041363945
2026-08-09 17:31:55,023:INFO:Downloading... https://nbia.cancerimagingarchive.net/nbia-api/services/v4/getImage?NewFileNames=Yes&SeriesInstanceUID=1.3.6.1.4.1.14519.5.2.1.322353538207472429967921349212610087712
2026-08-09 17:31:56,841:INFO:Downloading... https://nbia.cancerimagingarchive.net/nbia-api/services/v4/getImage?NewFileNames=Yes&SeriesInstanceUID=1.3.6.1.4.1.14519.5.2.1.8860663797693623843410001258839470327
2026-08-09 17:31:57,531:INFO:Downloading... https://nbia.cancerimagingarchive.net/nbia-api/services/v4/getImage?NewFileNames=Yes&SeriesInstanceUID=1.3.6.1.4.1.14519.5.2.1.160758775863290834597152024863459801233
2026-08-09 17:31:58,335:INFO:Downloading... https://nbia.cancerimagingarchive.net/nbia-api/services/v4/getImage?NewFileNames=Yes&SeriesInstanceUID=1.3.6.1.4.1.14519.5.2.1.237344002220490133394117319137529731092
2026-08-09 17:32:02,231:INFO:Downloading... https://nbia.cancerimagingarchive.net/nbia-api/services/v4/getImage?NewFileNames=Yes&SeriesInstanceUID=1.3.6.1.4.1.14519.5.2.1.259716849831870579095508925214921975329
2026-08-09 17:32:04,682:INFO:Downloading... https://nbia.cancerimagingarchive.net/nbia-api/services/v4/getImage?NewFileNames=Yes&SeriesInstanceUID=1.3.6.1.4.1.14519.5.2.1.278862926527606347958435609366127231356
2026-08-09 17:32:10,285:INFO:Downloading... https://nbia.cancerimagingarchive.net/nbia-api/services/v4/getImage?NewFileNames=Yes&SeriesInstanceUID=1.3.6.1.4.1.14519.5.2.1.149089662376782638858444823250972587568
2026-08-09 17:32:10,922:INFO:Downloading... https://nbia.cancerimagingarchive.net/nbia-api/services/v4/getImage?NewFileNames=Yes&SeriesInstanceUID=1.3.6.1.4.1.14519.5.2.1.221139864946461103984343164678743668803
2026-08-09 17:32:11,557:INFO:Downloading... https://nbia.cancerimagingarchive.net/nbia-api/services/v4/getImage?NewFileNames=Yes&SeriesInstanceUID=1.3.6.1.4.1.14519.5.2.1.63597307372623800713412170886245418410
2026-08-09 17:32:13,042:INFO:Downloading... https://nbia.cancerimagingarchive.net/nbia-api/services/v4/getImage?NewFileNames=Yes&SeriesInstanceUID=1.3.6.1.4.1.14519.5.2.1.209790543279155196220916893130185427879
2026-08-09 17:32:17,899:INFO:Downloading... https://nbia.cancerimagingarchive.net/nbia-api/services/v4/getImage?NewFileNames=Yes&SeriesInstanceUID=1.3.6.1.4.1.14519.5.2.1.294021328611359989708049433082174105192
2026-08-09 17:32:18,731:INFO:Downloading... https://nbia.cancerimagingarchive.net/nbia-api/services/v4/getImage?NewFileNames=Yes&SeriesInstanceUID=1.3.6.1.4.1.14519.5.2.1.282976912258510100360730687934611100009
2026-08-09 17:32:20,265:INFO:Downloading... https://nbia.cancerimagingarchive.net/nbia-api/services/v4/getImage?NewFileNames=Yes&SeriesInstanceUID=1.3.6.1.4.1.14519.5.2.1.95517755024979741915835345264405096027
2026-08-09 17:32:26,734:INFO:Downloading... https://nbia.cancerimagingarchive.net/nbia-api/services/v4/getImage?NewFileNames=Yes&SeriesInstanceUID=1.3.6.1.4.1.14519.5.2.1.176616980598429253818338645512928018185
2026-08-09 17:32:27,208:INFO:Downloading... https://nbia.cancerimagingarchive.net/nbia-api/services/v4/getImage?NewFileNames=Yes&SeriesInstanceUID=1.3.6.1.4.1.14519.5.2.1.57999681898754839215379355596793038173
2026-08-09 17:32:32,969:INFO:Downloading... https://nbia.cancerimagingarchive.net/nbia-api/services/v4/getImage?NewFileNames=Yes&SeriesInstanceUID=1.3.6.1.4.1.14519.5.2.1.249002432043680087424139650285536571702
2026-08-09 17:32:34,601:INFO:Downloading... https://nbia.cancerimagingarchive.net/nbia-api/services/v4/getImage?NewFileNames=Yes&SeriesInstanceUID=1.3.6.1.4.1.14519.5.2.1.103569312388200310379609774043044547862
2026-08-09 17:32:34,851:INFO:Downloading... https://nbia.cancerimagingarchive.net/nbia-api/services/v4/getImage?NewFileNames=Yes&SeriesInstanceUID=1.3.6.1.4.1.14519.5.2.1.280464582814907831492679454523958687779
2026-08-09 17:32:36,388:INFO:Downloading... https://nbia.cancerimagingarchive.net/nbia-api/services/v4/getImage?NewFileNames=Yes&SeriesInstanceUID=1.3.6.1.4.1.14519.5.2.1.93486391843845741872878505379383070775
2026-08-09 17:32:40,849:INFO:Downloading... https://nbia.cancerimagingarchive.net/nbia-api/services/v4/getImage?NewFileNames=Yes&SeriesInstanceUID=1.3.6.1.4.1.14519.5.2.1.72708564905208244700996362853072728084
2026-08-09 17:32:42,204:INFO:Downloading... https://nbia.cancerimagingarchive.net/nbia-api/services/v4/getImage?NewFileNames=Yes&SeriesInstanceUID=1.3.6.1.4.1.14519.5.2.1.225194344496906337781732866657759944148
2026-08-09 17:32:42,805:INFO:Downloading... https://nbia.cancerimagingarchive.net/nbia-api/services/v4/getImage?NewFileNames=Yes&SeriesInstanceUID=1.3.6.1.4.1.14519.5.2.1.238170585855939589252126413529183735768
2026-08-09 17:32:44,190:INFO:Downloading... https://nbia.cancerimagingarchive.net/nbia-api/services/v4/getImage?NewFileNames=Yes&SeriesInstanceUID=1.3.6.1.4.1.14519.5.2.1.138634180647098120492604328164326774892
2026-08-09 17:32:48,563:INFO:Downloading... https://nbia.cancerimagingarchive.net/nbia-api/services/v4/getImage?NewFileNames=Yes&SeriesInstanceUID=1.3.6.1.4.1.14519.5.2.1.322662272208311837345246809932700156508
2026-08-09 17:32:49,703:INFO:Downloading... https://nbia.cancerimagingarchive.net/nbia-api/services/v4/getImage?NewFileNames=Yes&SeriesInstanceUID=1.3.6.1.4.1.14519.5.2.1.236246301843488575069526476943608618417
2026-08-09 17:32:50,318:INFO:Downloading... https://nbia.cancerimagingarchive.net/nbia-api/services/v4/getImage?NewFileNames=Yes&SeriesInstanceUID=1.3.6.1.4.1.14519.5.2.1.146352254480280953074737504218124814908
2026-08-09 17:32:56,377:INFO:Downloading... https://nbia.cancerimagingarchive.net/nbia-api/services/v4/getImage?NewFileNames=Yes&SeriesInstanceUID=1.3.6.1.4.1.14519.5.2.1.241746480499633326173268037254406787601
2026-08-09 17:32:57,120:INFO:Downloading... https://nbia.cancerimagingarchive.net/nbia-api/services/v4/getImage?NewFileNames=Yes&SeriesInstanceUID=1.3.6.1.4.1.14519.5.2.1.102270583711934590069358046143578834374
2026-08-09 17:32:57,929:INFO:Downloading... https://nbia.cancerimagingarchive.net/nbia-api/services/v4/getImage?NewFileNames=Yes&SeriesInstanceUID=1.3.6.1.4.1.14519.5.2.1.37727279344155358984183318279442871199
2026-08-09 17:33:00,991:INFO:Downloading... https://nbia.cancerimagingarchive.net/nbia-api/services/v4/getImage?NewFileNames=Yes&SeriesInstanceUID=1.3.6.1.4.1.14519.5.2.1.107053872282975524333068743118065581881
2026-08-09 17:33:04,660:INFO:Downloading... https://nbia.cancerimagingarchive.net/nbia-api/services/v4/getImage?NewFileNames=Yes&SeriesInstanceUID=1.3.6.1.4.1.14519.5.2.1.76809471026604114535639349074778363050
2026-08-09 17:33:05,538:INFO:Downloading... https://nbia.cancerimagingarchive.net/nbia-api/services/v4/getImage?NewFileNames=Yes&SeriesInstanceUID=1.3.6.1.4.1.14519.5.2.1.128807553726560737811923833583323344348
2026-08-09 17:33:12,717:INFO:Downloading... https://nbia.cancerimagingarchive.net/nbia-api/services/v4/getImage?NewFileNames=Yes&SeriesInstanceUID=1.3.6.1.4.1.14519.5.2.1.182489150574605660687205964120007658928
2026-08-09 17:33:13,585:INFO:Downloading... https://nbia.cancerimagingarchive.net/nbia-api/services/v4/getImage?NewFileNames=Yes&SeriesInstanceUID=1.3.6.1.4.1.14519.5.2.1.249553283594946810598643173621075238051
2026-08-09 17:33:16,606:INFO:Downloading... https://nbia.cancerimagingarchive.net/nbia-api/services/v4/getImage?NewFileNames=Yes&SeriesInstanceUID=1.3.6.1.4.1.14519.5.2.1.23166033272237112806900422604932457206
2026-08-09 17:33:19,839:INFO:Downloading... https://nbia.cancerimagingarchive.net/nbia-api/services/v4/getImage?NewFileNames=Yes&SeriesInstanceUID=1.3.6.1.4.1.14519.5.2.1.171659147003575155030619736498532773419
2026-08-09 17:33:21,086:INFO:Downloading... https://nbia.cancerimagingarchive.net/nbia-api/services/v4/getImage?NewFileNames=Yes&SeriesInstanceUID=1.3.6.1.4.1.14519.5.2.1.253689414312657648386242236829861355673
2026-08-09 17:33:21,254:INFO:Downloading... https://nbia.cancerimagingarchive.net/nbia-api/services/v4/getImage?NewFileNames=Yes&SeriesInstanceUID=1.3.6.1.4.1.14519.5.2.1.261815249532966456786853110842036112726
2026-08-09 17:33:27,101:INFO:Downloading... https://nbia.cancerimagingarchive.net/nbia-api/services/v4/getImage?NewFileNames=Yes&SeriesInstanceUID=1.3.6.1.4.1.14519.5.2.1.29268350889650342616198873752669519680
2026-08-09 17:33:29,193:INFO:Downloading... https://nbia.cancerimagingarchive.net/nbia-api/services/v4/getImage?NewFileNames=Yes&SeriesInstanceUID=1.3.6.1.4.1.14519.5.2.1.277096680799255643821316944568234413577
2026-08-09 17:33:30,125:INFO:Downloading... https://nbia.cancerimagingarchive.net/nbia-api/services/v4/getImage?NewFileNames=Yes&SeriesInstanceUID=1.3.6.1.4.1.14519.5.2.1.194128449808273632365030423358075619439
2026-08-09 17:33:30,687:INFO:Downloading... https://nbia.cancerimagingarchive.net/nbia-api/services/v4/getImage?NewFileNames=Yes&SeriesInstanceUID=1.3.6.1.4.1.14519.5.2.1.330614733129085226022463245064270656358
2026-08-09 17:33:36,506:INFO:Downloading... https://nbia.cancerimagingarchive.net/nbia-api/services/v4/getImage?NewFileNames=Yes&SeriesInstanceUID=1.3.6.1.4.1.14519.5.2.1.261425600679538419948230191905344902149
2026-08-09 17:33:38,630:INFO:Downloading... https://nbia.cancerimagingarchive.net/nbia-api/services/v4/getImage?NewFileNames=Yes&SeriesInstanceUID=1.3.6.1.4.1.14519.5.2.1.185718713004841372392894364758156500724
2026-08-09 17:33:39,284:INFO:Downloading... https://nbia.cancerimagingarchive.net/nbia-api/services/v4/getImage?NewFileNames=Yes&SeriesInstanceUID=1.3.6.1.4.1.14519.5.2.1.249242663985905289698271773724751391446
2026-08-09 17:33:40,570:INFO:Downloading... https://nbia.cancerimagingarchive.net/nbia-api/services/v4/getImage?NewFileNames=Yes&SeriesInstanceUID=1.3.6.1.4.1.14519.5.2.1.186261402358572346282926146965757789847
2026-08-09 17:33:44,254:INFO:Downloading... https://nbia.cancerimagingarchive.net/nbia-api/services/v4/getImage?NewFileNames=Yes&SeriesInstanceUID=1.3.6.1.4.1.14519.5.2.1.125354356866016314169792479196653836466
2026-08-09 17:33:46,955:INFO:Downloading... https://nbia.cancerimagingarchive.net/nbia-api/services/v4/getImage?NewFileNames=Yes&SeriesInstanceUID=1.3.6.1.4.1.14519.5.2.1.216075088226536822515867306818135187761
2026-08-09 17:33:48,272:INFO:Downloading... https://nbia.cancerimagingarchive.net/nbia-api/services/v4/getImage?NewFileNames=Yes&SeriesInstanceUID=1.3.6.1.4.1.14519.5.2.1.249341667591958233211330603413234126772
2026-08-09 17:33:50,416:INFO:Downloading... https://nbia.cancerimagingarchive.net/nbia-api/services/v4/getImage?NewFileNames=Yes&SeriesInstanceUID=1.3.6.1.4.1.14519.5.2.1.208730029493455198177117541939699420399
2026-08-09 17:33:52,192:INFO:Downloading... https://nbia.cancerimagingarchive.net/nbia-api/services/v4/getImage?NewFileNames=Yes&SeriesInstanceUID=1.3.6.1.4.1.14519.5.2.1.29873018630913573185906687253786493843
2026-08-09 17:33:54,437:INFO:Downloading... https://nbia.cancerimagingarchive.net/nbia-api/services/v4/getImage?NewFileNames=Yes&SeriesInstanceUID=1.3.6.1.4.1.14519.5.2.1.121283488666029734625449223402917424045
2026-08-09 17:33:56,214:INFO:Downloading... https://nbia.cancerimagingarchive.net/nbia-api/services/v4/getImage?NewFileNames=Yes&SeriesInstanceUID=1.3.6.1.4.1.14519.5.2.1.201243922361859254466816026993102714844
2026-08-09 17:34:00,439:INFO:Downloading... https://nbia.cancerimagingarchive.net/nbia-api/services/v4/getImage?NewFileNames=Yes&SeriesInstanceUID=1.3.6.1.4.1.14519.5.2.1.1587323203043174045300840776507621364
2026-08-09 17:34:03,211:INFO:Downloading... https://nbia.cancerimagingarchive.net/nbia-api/services/v4/getImage?NewFileNames=Yes&SeriesInstanceUID=1.3.6.1.4.1.14519.5.2.1.143599334651809732481749971959605406288
2026-08-09 17:34:04,801:INFO:Downloading... https://nbia.cancerimagingarchive.net/nbia-api/services/v4/getImage?NewFileNames=Yes&SeriesInstanceUID=1.3.6.1.4.1.14519.5.2.1.302983230011047306773278412603808293122
2026-08-09 17:34:05,101:INFO:Downloading... https://nbia.cancerimagingarchive.net/nbia-api/services/v4/getImage?NewFileNames=Yes&SeriesInstanceUID=1.3.6.1.4.1.14519.5.2.1.193491237307571631241723625823316257478
2026-08-09 17:34:13,202:INFO:Downloading... https://nbia.cancerimagingarchive.net/nbia-api/services/v4/getImage?NewFileNames=Yes&SeriesInstanceUID=1.3.6.1.4.1.14519.5.2.1.274294742399233026680154660601997101517
2026-08-09 17:34:14,985:INFO:Downloading... https://nbia.cancerimagingarchive.net/nbia-api/services/v4/getImage?NewFileNames=Yes&SeriesInstanceUID=1.3.6.1.4.1.14519.5.2.1.304116315799642595012775329185973156405
2026-08-09 17:34:17,345:INFO:Downloading... https://nbia.cancerimagingarchive.net/nbia-api/services/v4/getImage?NewFileNames=Yes&SeriesInstanceUID=1.3.6.1.4.1.14519.5.2.1.24915404736702718821843195539492460365
2026-08-09 17:34:17,929:INFO:Downloading... https://nbia.cancerimagingarchive.net/nbia-api/services/v4/getImage?NewFileNames=Yes&SeriesInstanceUID=1.3.6.1.4.1.14519.5.2.1.148559909500689589913941104884676242285
2026-08-09 17:34:21,975:INFO:Downloading... https://nbia.cancerimagingarchive.net/nbia-api/services/v4/getImage?NewFileNames=Yes&SeriesInstanceUID=1.3.6.1.4.1.14519.5.2.1.140824438438118472236714283346249125039
2026-08-09 17:34:23,505:INFO:Downloading... https://nbia.cancerimagingarchive.net/nbia-api/services/v4/getImage?NewFileNames=Yes&SeriesInstanceUID=1.3.6.1.4.1.14519.5.2.1.151705545674167042377266724297970793412
2026-08-09 17:34:25,451:INFO:Downloading... https://nbia.cancerimagingarchive.net/nbia-api/services/v4/getImage?NewFileNames=Yes&SeriesInstanceUID=1.3.6.1.4.1.14519.5.2.1.158215837107680191484400550703557283005
2026-08-09 17:34:27,260:INFO:Downloading... https://nbia.cancerimagingarchive.net/nbia-api/services/v4/getImage?NewFileNames=Yes&SeriesInstanceUID=1.3.6.1.4.1.14519.5.2.1.45968409312432038220998695651708502011
2026-08-09 17:34:30,511:INFO:Downloading... https://nbia.cancerimagingarchive.net/nbia-api/services/v4/getImage?NewFileNames=Yes&SeriesInstanceUID=1.3.6.1.4.1.14519.5.2.1.132909854763845365852533994845383273430
2026-08-09 17:34:30,974:INFO:Downloading... https://nbia.cancerimagingarchive.net/nbia-api/services/v4/getImage?NewFileNames=Yes&SeriesInstanceUID=1.3.6.1.4.1.14519.5.2.1.229717182672144284649351902405914312863
2026-08-09 17:34:34,888:INFO:Downloading... https://nbia.cancerimagingarchive.net/nbia-api/services/v4/getImage?NewFileNames=Yes&SeriesInstanceUID=1.3.6.1.4.1.14519.5.2.1.227348870751559620603789857315096954335
2026-08-09 17:34:38,235:INFO:Downloading... https://nbia.cancerimagingarchive.net/nbia-api/services/v4/getImage?NewFileNames=Yes&SeriesInstanceUID=1.3.6.1.4.1.14519.5.2.1.137870331847470603504392297617276268548
2026-08-09 17:34:39,922:INFO:Downloading... https://nbia.cancerimagingarchive.net/nbia-api/services/v4/getImage?NewFileNames=Yes&SeriesInstanceUID=1.3.6.1.4.1.14519.5.2.1.86868924208726473653354417152396232716
2026-08-09 17:34:42,513:INFO:Downloading... https://nbia.cancerimagingarchive.net/nbia-api/services/v4/getImage?NewFileNames=Yes&SeriesInstanceUID=1.3.6.1.4.1.14519.5.2.1.337638209355183086822553060618897954148
2026-08-09 17:34:43,525:INFO:Downloading... https://nbia.cancerimagingarchive.net/nbia-api/services/v4/getImage?NewFileNames=Yes&SeriesInstanceUID=1.3.6.1.4.1.14519.5.2.1.59738410792395926403327902745760890021
2026-08-09 17:34:46,668:INFO:Downloading... https://nbia.cancerimagingarchive.net/nbia-api/services/v4/getImage?NewFileNames=Yes&SeriesInstanceUID=1.3.6.1.4.1.14519.5.2.1.61743251016596517303874082635834263109
2026-08-09 17:34:52,784:INFO:Downloading... https://nbia.cancerimagingarchive.net/nbia-api/services/v4/getImage?NewFileNames=Yes&SeriesInstanceUID=1.3.6.1.4.1.14519.5.2.1.318205516165340885199143439455053489787
2026-08-09 17:34:54,181:INFO:Downloading... https://nbia.cancerimagingarchive.net/nbia-api/services/v4/getImage?NewFileNames=Yes&SeriesInstanceUID=1.3.6.1.4.1.14519.5.2.1.218151229592069139204245523720208863348
2026-08-09 17:34:55,619:INFO:Downloading... https://nbia.cancerimagingarchive.net/nbia-api/services/v4/getImage?NewFileNames=Yes&SeriesInstanceUID=1.3.6.1.4.1.14519.5.2.1.128113261637796708160097829966445776909
2026-08-09 17:34:57,540:INFO:Downloading... https://nbia.cancerimagingarchive.net/nbia-api/services/v4/getImage?NewFileNames=Yes&SeriesInstanceUID=1.3.6.1.4.1.14519.5.2.1.81512997960092752891716881898717290974
2026-08-09 17:34:58,607:INFO:Downloading... https://nbia.cancerimagingarchive.net/nbia-api/services/v4/getImage?NewFileNames=Yes&SeriesInstanceUID=1.3.6.1.4.1.14519.5.2.1.330733294370243925053834841584126570952
2026-08-09 17:35:03,787:INFO:Downloading... https://nbia.cancerimagingarchive.net/nbia-api/services/v4/getImage?NewFileNames=Yes&SeriesInstanceUID=1.3.6.1.4.1.14519.5.2.1.74921181476396003861082007859161152801
2026-08-09 17:35:05,402:INFO:Downloading... https://nbia.cancerimagingarchive.net/nbia-api/services/v4/getImage?NewFileNames=Yes&SeriesInstanceUID=1.3.6.1.4.1.14519.5.2.1.141155676689438743347466202120485011020
2026-08-09 17:35:05,441:INFO:Downloading... https://nbia.cancerimagingarchive.net/nbia-api/services/v4/getImage?NewFileNames=Yes&SeriesInstanceUID=1.3.6.1.4.1.14519.5.2.1.279274789047013381476567927828961204132
2026-08-09 17:35:06,558:INFO:Downloading... https://nbia.cancerimagingarchive.net/nbia-api/services/v4/getImage?NewFileNames=Yes&SeriesInstanceUID=1.3.6.1.4.1.14519.5.2.1.19040918685230107971211462769106671074
2026-08-09 17:35:13,693:INFO:Downloading... https://nbia.cancerimagingarchive.net/nbia-api/services/v4/getImage?NewFileNames=Yes&SeriesInstanceUID=1.3.6.1.4.1.14519.5.2.1.237768205069111988983967363996108603990
2026-08-09 17:35:15,175:INFO:Downloading... https://nbia.cancerimagingarchive.net/nbia-api/services/v4/getImage?NewFileNames=Yes&SeriesInstanceUID=1.3.6.1.4.1.14519.5.2.1.35258927533687502472700369972407507936
2026-08-09 17:35:17,400:INFO:Downloading... https://nbia.cancerimagingarchive.net/nbia-api/services/v4/getImage?NewFileNames=Yes&SeriesInstanceUID=1.3.6.1.4.1.14519.5.2.1.41231046688005271393302671703096876507
2026-08-09 17:35:18,993:INFO:Downloading... https://nbia.cancerimagingarchive.net/nbia-api/services/v4/getImage?NewFileNames=Yes&SeriesInstanceUID=1.3.6.1.4.1.14519.5.2.1.254918338351217776152778469353321641459
2026-08-09 17:35:21,249:INFO:Downloading... https://nbia.cancerimagingarchive.net/nbia-api/services/v4/getImage?NewFileNames=Yes&SeriesInstanceUID=1.3.6.1.4.1.14519.5.2.1.29256308923569729457849798420962036040
2026-08-09 17:35:23,359:INFO:Downloading... https://nbia.cancerimagingarchive.net/nbia-api/services/v4/getImage?NewFileNames=Yes&SeriesInstanceUID=1.3.6.1.4.1.14519.5.2.1.52276372604167141572126832402273834578
2026-08-09 17:35:24,674:INFO:Downloading... https://nbia.cancerimagingarchive.net/nbia-api/services/v4/getImage?NewFileNames=Yes&SeriesInstanceUID=1.3.6.1.4.1.14519.5.2.1.69705441856681924129691349845284136579
2026-08-09 17:35:26,200:INFO:Downloading... https://nbia.cancerimagingarchive.net/nbia-api/services/v4/getImage?NewFileNames=Yes&SeriesInstanceUID=1.3.6.1.4.1.14519.5.2.1.4189240325591629329406227836240700105
2026-08-09 17:35:26,857:INFO:Downloading... https://nbia.cancerimagingarchive.net/nbia-api/services/v4/getImage?NewFileNames=Yes&SeriesInstanceUID=1.3.6.1.4.1.14519.5.2.1.323597316457027171024470064407002239693
2026-08-09 17:35:33,444:INFO:Downloading... https://nbia.cancerimagingarchive.net/nbia-api/services/v4/getImage?NewFileNames=Yes&SeriesInstanceUID=1.3.6.1.4.1.14519.5.2.1.271322880554020270175366710343456185139
2026-08-09 17:35:34,524:INFO:Downloading... https://nbia.cancerimagingarchive.net/nbia-api/services/v4/getImage?NewFileNames=Yes&SeriesInstanceUID=1.3.6.1.4.1.14519.5.2.1.190805531997998095547950946511633053129
2026-08-09 17:35:34,797:INFO:Downloading... https://nbia.cancerimagingarchive.net/nbia-api/services/v4/getImage?NewFileNames=Yes&SeriesInstanceUID=1.3.6.1.4.1.14519.5.2.1.170476560427687156843991080515679456408
2026-08-09 17:35:35,461:INFO:Downloading... https://nbia.cancerimagingarchive.net/nbia-api/services/v4/getImage?NewFileNames=Yes&SeriesInstanceUID=1.3.6.1.4.1.14519.5.2.1.279762688773111273292504935231945897632
2026-08-09 17:35:40,535:INFO:Downloading... https://nbia.cancerimagingarchive.net/nbia-api/services/v4/getImage?NewFileNames=Yes&SeriesInstanceUID=1.3.6.1.4.1.14519.5.2.1.28535610991210344200087999564569023054
2026-08-09 17:35:43,055:INFO:Downloading... https://nbia.cancerimagingarchive.net/nbia-api/services/v4/getImage?NewFileNames=Yes&SeriesInstanceUID=1.3.6.1.4.1.14519.5.2.1.100547529282626578623896600989228443383
2026-08-09 17:35:43,732:INFO:Downloading... https://nbia.cancerimagingarchive.net/nbia-api/services/v4/getImage?NewFileNames=Yes&SeriesInstanceUID=1.3.6.1.4.1.14519.5.2.1.27180316166130273035970555959979667864
2026-08-09 17:35:47,165:INFO:Downloading... https://nbia.cancerimagingarchive.net/nbia-api/services/v4/getImage?NewFileNames=Yes&SeriesInstanceUID=1.3.6.1.4.1.14519.5.2.1.298172372283900038308864696913438012672
2026-08-09 17:35:51,350:INFO:Downloading... https://nbia.cancerimagingarchive.net/nbia-api/services/v4/getImage?NewFileNames=Yes&SeriesInstanceUID=1.3.6.1.4.1.14519.5.2.1.215039275412543329390286458065664792913
2026-08-09 17:35:52,431:INFO:Downloading... https://nbia.cancerimagingarchive.net/nbia-api/services/v4/getImage?NewFileNames=Yes&SeriesInstanceUID=1.3.6.1.4.1.14519.5.2.1.101336946091085831534705340169010607099
2026-08-09 17:35:56,084:INFO:Downloading... https://nbia.cancerimagingarchive.net/nbia-api/services/v4/getImage?NewFileNames=Yes&SeriesInstanceUID=1.3.6.1.4.1.14519.5.2.1.283431844586976938104050239145645750304
2026-08-09 17:35:58,503:INFO:Downloading... https://nbia.cancerimagingarchive.net/nbia-api/services/v4/getImage?NewFileNames=Yes&SeriesInstanceUID=1.3.6.1.4.1.14519.5.2.1.324308483969426830823747748169181122506
2026-08-09 17:35:59,629:INFO:Downloading... https://nbia.cancerimagingarchive.net/nbia-api/services/v4/getImage?NewFileNames=Yes&SeriesInstanceUID=1.3.6.1.4.1.14519.5.2.1.100228913346117845888815167664188869177
2026-08-09 17:36:00,097:INFO:Downloading... https://nbia.cancerimagingarchive.net/nbia-api/services/v4/getImage?NewFileNames=Yes&SeriesInstanceUID=1.3.6.1.4.1.14519.5.2.1.309297514132491444686148362260544165107
2026-08-09 17:36:06,654:INFO:Downloading... https://nbia.cancerimagingarchive.net/nbia-api/services/v4/getImage?NewFileNames=Yes&SeriesInstanceUID=1.3.6.1.4.1.14519.5.2.1.23080101212824335656223279832937971031
2026-08-09 17:36:07,544:INFO:Downloading... https://nbia.cancerimagingarchive.net/nbia-api/services/v4/getImage?NewFileNames=Yes&SeriesInstanceUID=1.3.6.1.4.1.14519.5.2.1.278799526081132378326381266631543530870
2026-08-09 17:36:08,524:INFO:Downloading... https://nbia.cancerimagingarchive.net/nbia-api/services/v4/getImage?NewFileNames=Yes&SeriesInstanceUID=1.3.6.1.4.1.14519.5.2.1.258264193608292913076735240724805386161
2026-08-09 17:36:08,773:INFO:Downloading... https://nbia.cancerimagingarchive.net/nbia-api/services/v4/getImage?NewFileNames=Yes&SeriesInstanceUID=1.3.6.1.4.1.14519.5.2.1.207876780735222610571518587144177158713
2026-08-09 17:36:15,940:INFO:Downloading... https://nbia.cancerimagingarchive.net/nbia-api/services/v4/getImage?NewFileNames=Yes&SeriesInstanceUID=1.3.6.1.4.1.14519.5.2.1.254760126857932788801709932158621887694
2026-08-09 17:36:16,957:INFO:Downloading... https://nbia.cancerimagingarchive.net/nbia-api/services/v4/getImage?NewFileNames=Yes&SeriesInstanceUID=1.3.6.1.4.1.14519.5.2.1.41483828248909337474377097670004024013
2026-08-09 17:36:17,441:INFO:Downloading... https://nbia.cancerimagingarchive.net/nbia-api/services/v4/getImage?NewFileNames=Yes&SeriesInstanceUID=1.3.6.1.4.1.14519.5.2.1.41093842942799208772878627463085787049
2026-08-09 17:36:22,648:INFO:Downloading... https://nbia.cancerimagingarchive.net/nbia-api/services/v4/getImage?NewFileNames=Yes&SeriesInstanceUID=1.3.6.1.4.1.14519.5.2.1.170142802742651023277169323882866322252
2026-08-09 17:36:24,702:INFO:Downloading... https://nbia.cancerimagingarchive.net/nbia-api/services/v4/getImage?NewFileNames=Yes&SeriesInstanceUID=1.3.6.1.4.1.14519.5.2.1.82185023714590953393741247012178705513
2026-08-09 17:36:26,038:INFO:Downloading... https://nbia.cancerimagingarchive.net/nbia-api/services/v4/getImage?NewFileNames=Yes&SeriesInstanceUID=1.3.6.1.4.1.14519.5.2.1.78230216306102436756427542304488017718
2026-08-09 17:36:26,364:INFO:Downloading... https://nbia.cancerimagingarchive.net/nbia-api/services/v4/getImage?NewFileNames=Yes&SeriesInstanceUID=1.3.6.1.4.1.14519.5.2.1.229074321471853443724132429816228801940
2026-08-09 17:36:30,611:INFO:Downloading... https://nbia.cancerimagingarchive.net/nbia-api/services/v4/getImage?NewFileNames=Yes&SeriesInstanceUID=1.3.6.1.4.1.14519.5.2.1.280778890313750352186379284578259049012
2026-08-09 17:36:32,812:INFO:Downloading... https://nbia.cancerimagingarchive.net/nbia-api/services/v4/getImage?NewFileNames=Yes&SeriesInstanceUID=1.3.6.1.4.1.14519.5.2.1.200803072460227029315824083293040591856
2026-08-09 17:36:33,398:INFO:Downloading... https://nbia.cancerimagingarchive.net/nbia-api/services/v4/getImage?NewFileNames=Yes&SeriesInstanceUID=1.3.6.1.4.1.14519.5.2.1.161374835357011115099989487553989421984
2026-08-09 17:36:38,975:INFO:Downloading... https://nbia.cancerimagingarchive.net/nbia-api/services/v4/getImage?NewFileNames=Yes&SeriesInstanceUID=1.3.6.1.4.1.14519.5.2.1.68478581882738631933619224824858810641
2026-08-09 17:36:41,041:INFO:Downloading... https://nbia.cancerimagingarchive.net/nbia-api/services/v4/getImage?NewFileNames=Yes&SeriesInstanceUID=1.3.6.1.4.1.14519.5.2.1.317800238375703582946962546067295174054
2026-08-09 17:36:41,550:INFO:Downloading... https://nbia.cancerimagingarchive.net/nbia-api/services/v4/getImage?NewFileNames=Yes&SeriesInstanceUID=1.3.6.1.4.1.14519.5.2.1.159874479682275473016288774637255954041
2026-08-09 17:36:42,296:INFO:Downloading... https://nbia.cancerimagingarchive.net/nbia-api/services/v4/getImage?NewFileNames=Yes&SeriesInstanceUID=1.3.6.1.4.1.14519.5.2.1.80233736206695431711684472551881407980
2026-08-09 17:36:47,971:INFO:Downloading... https://nbia.cancerimagingarchive.net/nbia-api/services/v4/getImage?NewFileNames=Yes&SeriesInstanceUID=1.3.6.1.4.1.14519.5.2.1.1337921252409445028250993459084700007
2026-08-09 17:36:49,902:INFO:Downloading... https://nbia.cancerimagingarchive.net/nbia-api/services/v4/getImage?NewFileNames=Yes&SeriesInstanceUID=1.3.6.1.4.1.14519.5.2.1.29278930883649642838349941849493489587
2026-08-09 17:36:49,944:INFO:Downloading... https://nbia.cancerimagingarchive.net/nbia-api/services/v4/getImage?NewFileNames=Yes&SeriesInstanceUID=1.3.6.1.4.1.14519.5.2.1.191531761893356034856023776932322149389
2026-08-09 17:36:50,561:INFO:Downloading... https://nbia.cancerimagingarchive.net/nbia-api/services/v4/getImage?NewFileNames=Yes&SeriesInstanceUID=1.3.6.1.4.1.14519.5.2.1.117258975984108334884889082384430701086
2026-08-09 17:36:56,701:INFO:Downloading... https://nbia.cancerimagingarchive.net/nbia-api/services/v4/getImage?NewFileNames=Yes&SeriesInstanceUID=1.3.6.1.4.1.14519.5.2.1.172075895696359852925840056319223442665
2026-08-09 17:36:57,356:INFO:Downloading... https://nbia.cancerimagingarchive.net/nbia-api/services/v4/getImage?NewFileNames=Yes&SeriesInstanceUID=1.3.6.1.4.1.14519.5.2.1.257192796544535219562960154343695765422
2026-08-09 17:36:59,011:INFO:Downloading... https://nbia.cancerimagingarchive.net/nbia-api/services/v4/getImage?NewFileNames=Yes&SeriesInstanceUID=1.3.6.1.4.1.14519.5.2.1.266293520406555971387853186346652544953
2026-08-09 17:37:05,471:INFO:Downloading... https://nbia.cancerimagingarchive.net/nbia-api/services/v4/getImage?NewFileNames=Yes&SeriesInstanceUID=1.3.6.1.4.1.14519.5.2.1.172705957104254300874243292586045638763
2026-08-09 17:37:05,837:INFO:Downloading... https://nbia.cancerimagingarchive.net/nbia-api/services/v4/getImage?NewFileNames=Yes&SeriesInstanceUID=1.3.6.1.4.1.14519.5.2.1.69125080105708602042326813688799468783
2026-08-09 17:37:06,898:INFO:Downloading... https://nbia.cancerimagingarchive.net/nbia-api/services/v4/getImage?NewFileNames=Yes&SeriesInstanceUID=1.3.6.1.4.1.14519.5.2.1.15039138552984915201075982341735882173
2026-08-09 17:37:07,461:INFO:Downloading... https://nbia.cancerimagingarchive.net/nbia-api/services/v4/getImage?NewFileNames=Yes&SeriesInstanceUID=1.3.6.1.4.1.14519.5.2.1.156682359492349382552004669695941694299
2026-08-09 17:37:15,617:INFO:Downloading... https://nbia.cancerimagingarchive.net/nbia-api/services/v4/getImage?NewFileNames=Yes&SeriesInstanceUID=1.3.6.1.4.1.14519.5.2.1.83803415838738843689668133276003179248
2026-08-09 17:37:16,160:INFO:Downloading... https://nbia.cancerimagingarchive.net/nbia-api/services/v4/getImage?NewFileNames=Yes&SeriesInstanceUID=1.3.6.1.4.1.14519.5.2.1.137891226033860540780465714704575192818
2026-08-09 17:37:16,224:INFO:Downloading... https://nbia.cancerimagingarchive.net/nbia-api/services/v4/getImage?NewFileNames=Yes&SeriesInstanceUID=1.3.6.1.4.1.14519.5.2.1.132695679376099372633212882818862594067
2026-08-09 17:37:16,683:INFO:Downloading... https://nbia.cancerimagingarchive.net/nbia-api/services/v4/getImage?NewFileNames=Yes&SeriesInstanceUID=1.3.6.1.4.1.14519.5.2.1.26459787137521418492219934743617882391
2026-08-09 17:37:23,695:INFO:Downloading... https://nbia.cancerimagingarchive.net/nbia-api/services/v4/getImage?NewFileNames=Yes&SeriesInstanceUID=1.3.6.1.4.1.14519.5.2.1.186741764579982510374386569731122553776
2026-08-09 17:37:25,330:INFO:Downloading... https://nbia.cancerimagingarchive.net/nbia-api/services/v4/getImage?NewFileNames=Yes&SeriesInstanceUID=1.3.6.1.4.1.14519.5.2.1.66713590070150270814597993490874797701
2026-08-09 17:37:25,632:INFO:Downloading... https://nbia.cancerimagingarchive.net/nbia-api/services/v4/getImage?NewFileNames=Yes&SeriesInstanceUID=1.3.6.1.4.1.14519.5.2.1.188666179085304736346852964621823726933
2026-08-09 17:37:26,088:INFO:Downloading... https://nbia.cancerimagingarchive.net/nbia-api/services/v4/getImage?NewFileNames=Yes&SeriesInstanceUID=1.3.6.1.4.1.14519.5.2.1.258077931791062914186146553560537531003
2026-08-09 17:37:32,004:INFO:Downloading... https://nbia.cancerimagingarchive.net/nbia-api/services/v4/getImage?NewFileNames=Yes&SeriesInstanceUID=1.3.6.1.4.1.14519.5.2.1.338610869849880862581862309722770703750
2026-08-09 17:37:33,755:INFO:Downloading... https://nbia.cancerimagingarchive.net/nbia-api/services/v4/getImage?NewFileNames=Yes&SeriesInstanceUID=1.3.6.1.4.1.14519.5.2.1.32493401933327397382947837748678036825
2026-08-09 17:37:34,377:INFO:Downloading... https://nbia.cancerimagingarchive.net/nbia-api/services/v4/getImage?NewFileNames=Yes&SeriesInstanceUID=1.3.6.1.4.1.14519.5.2.1.95694877002001309953346671374266152878
2026-08-09 17:37:34,644:INFO:Downloading... https://nbia.cancerimagingarchive.net/nbia-api/services/v4/getImage?NewFileNames=Yes&SeriesInstanceUID=1.3.6.1.4.1.14519.5.2.1.319494757484600367521411635645535765324
2026-08-09 17:37:39,247:INFO:Downloading... https://nbia.cancerimagingarchive.net/nbia-api/services/v4/getImage?NewFileNames=Yes&SeriesInstanceUID=1.3.6.1.4.1.14519.5.2.1.336487880394847849094135538300384028545
2026-08-09 17:37:42,027:INFO:Downloading... https://nbia.cancerimagingarchive.net/nbia-api/services/v4/getImage?NewFileNames=Yes&SeriesInstanceUID=1.3.6.1.4.1.14519.5.2.1.87457789214770419541373712520843692631
2026-08-09 17:37:42,164:INFO:Downloading... https://nbia.cancerimagingarchive.net/nbia-api/services/v4/getImage?NewFileNames=Yes&SeriesInstanceUID=1.3.6.1.4.1.14519.5.2.1.168493203461622102124504378880459732628
2026-08-09 17:37:43,261:INFO:Downloading... https://nbia.cancerimagingarchive.net/nbia-api/services/v4/getImage?NewFileNames=Yes&SeriesInstanceUID=1.3.6.1.4.1.14519.5.2.1.28703366600815612924488138709207285567
2026-08-09 17:37:46,400:INFO:Downloading... https://nbia.cancerimagingarchive.net/nbia-api/services/v4/getImage?NewFileNames=Yes&SeriesInstanceUID=1.3.6.1.4.1.14519.5.2.1.224807357735069806552554493092707478139
2026-08-09 17:37:49,280:INFO:Downloading... https://nbia.cancerimagingarchive.net/nbia-api/services/v4/getImage?NewFileNames=Yes&SeriesInstanceUID=1.3.6.1.4.1.14519.5.2.1.128678528928767231110631635312130732332
2026-08-09 17:37:50,619:INFO:Downloading... https://nbia.cancerimagingarchive.net/nbia-api/services/v4/getImage?NewFileNames=Yes&SeriesInstanceUID=1.3.6.1.4.1.14519.5.2.1.306194989752208660749613063681064470018
2026-08-09 17:37:51,057:INFO:Downloading... https://nbia.cancerimagingarchive.net/nbia-api/services/v4/getImage?NewFileNames=Yes&SeriesInstanceUID=1.3.6.1.4.1.14519.5.2.1.68430859827518350218283782775902475546
2026-08-09 17:37:54,048:INFO:Downloading... https://nbia.cancerimagingarchive.net/nbia-api/services/v4/getImage?NewFileNames=Yes&SeriesInstanceUID=1.3.6.1.4.1.14519.5.2.1.131276326451808239995203627547943773406
2026-08-09 17:37:57,382:INFO:Downloading... https://nbia.cancerimagingarchive.net/nbia-api/services/v4/getImage?NewFileNames=Yes&SeriesInstanceUID=1.3.6.1.4.1.14519.5.2.1.140327360371997000407977101165760020919
2026-08-09 17:37:58,814:INFO:Downloading... https://nbia.cancerimagingarchive.net/nbia-api/services/v4/getImage?NewFileNames=Yes&SeriesInstanceUID=1.3.6.1.4.1.14519.5.2.1.71728951039296127674426013469103135221
2026-08-09 17:38:01,638:INFO:Downloading... https://nbia.cancerimagingarchive.net/nbia-api/services/v4/getImage?NewFileNames=Yes&SeriesInstanceUID=1.3.6.1.4.1.14519.5.2.1.39812748476984875092437752552287532220
2026-08-09 17:38:07,458:INFO:Downloading... https://nbia.cancerimagingarchive.net/nbia-api/services/v4/getImage?NewFileNames=Yes&SeriesInstanceUID=1.3.6.1.4.1.14519.5.2.1.214737200714716417342697831228023832470
2026-08-09 17:38:10,269:INFO:Downloading... https://nbia.cancerimagingarchive.net/nbia-api/services/v4/getImage?NewFileNames=Yes&SeriesInstanceUID=1.3.6.1.4.1.14519.5.2.1.332120630404210425204992382535053991388
2026-08-09 17:38:11,745:INFO:Downloading... https://nbia.cancerimagingarchive.net/nbia-api/services/v4/getImage?NewFileNames=Yes&SeriesInstanceUID=1.3.6.1.4.1.14519.5.2.1.206239120842549020669443428850377388029
2026-08-09 17:38:12,347:INFO:Downloading... https://nbia.cancerimagingarchive.net/nbia-api/services/v4/getImage?NewFileNames=Yes&SeriesInstanceUID=1.3.6.1.4.1.14519.5.2.1.215267368236300248922781623586429373897
2026-08-09 17:38:18,506:INFO:Downloading... https://nbia.cancerimagingarchive.net/nbia-api/services/v4/getImage?NewFileNames=Yes&SeriesInstanceUID=1.3.6.1.4.1.14519.5.2.1.128362449209010269651565560242437489558
2026-08-09 17:38:19,847:INFO:Downloading... https://nbia.cancerimagingarchive.net/nbia-api/services/v4/getImage?NewFileNames=Yes&SeriesInstanceUID=1.3.6.1.4.1.14519.5.2.1.42514056546282479810815124946535029686
2026-08-09 17:38:19,971:INFO:Downloading... https://nbia.cancerimagingarchive.net/nbia-api/services/v4/getImage?NewFileNames=Yes&SeriesInstanceUID=1.3.6.1.4.1.14519.5.2.1.220614008862684383704560138160295090257
2026-08-09 17:38:22,341:INFO:Downloading... https://nbia.cancerimagingarchive.net/nbia-api/services/v4/getImage?NewFileNames=Yes&SeriesInstanceUID=1.3.6.1.4.1.14519.5.2.1.224884039210013072270140812826721926905
2026-08-09 17:38:26,172:INFO:Downloading... https://nbia.cancerimagingarchive.net/nbia-api/services/v4/getImage?NewFileNames=Yes&SeriesInstanceUID=1.3.6.1.4.1.14519.5.2.1.289188710917254719603532704211460353349
2026-08-09 17:38:27,503:INFO:Downloading... https://nbia.cancerimagingarchive.net/nbia-api/services/v4/getImage?NewFileNames=Yes&SeriesInstanceUID=1.3.6.1.4.1.14519.5.2.1.221850898870639690544848810685628967840
2026-08-09 17:38:28,335:INFO:Downloading... https://nbia.cancerimagingarchive.net/nbia-api/services/v4/getImage?NewFileNames=Yes&SeriesInstanceUID=1.3.6.1.4.1.14519.5.2.1.136376660583506089251034919979065910382
2026-08-09 17:38:30,072:INFO:Downloading... https://nbia.cancerimagingarchive.net/nbia-api/services/v4/getImage?NewFileNames=Yes&SeriesInstanceUID=1.3.6.1.4.1.14519.5.2.1.221512080958271519284395696734422369448
2026-08-09 17:38:35,384:INFO:Downloading... https://nbia.cancerimagingarchive.net/nbia-api/services/v4/getImage?NewFileNames=Yes&SeriesInstanceUID=1.3.6.1.4.1.14519.5.2.1.117134210955385592274084860600237392049
2026-08-09 17:38:35,911:INFO:Downloading... https://nbia.cancerimagingarchive.net/nbia-api/services/v4/getImage?NewFileNames=Yes&SeriesInstanceUID=1.3.6.1.4.1.14519.5.2.1.140565428871199258806400146572133540923
2026-08-09 17:38:37,772:INFO:Downloading... https://nbia.cancerimagingarchive.net/nbia-api/services/v4/getImage?NewFileNames=Yes&SeriesInstanceUID=1.3.6.1.4.1.14519.5.2.1.244852052988734679805936043525910555824
2026-08-09 17:38:37,946:INFO:Downloading... https://nbia.cancerimagingarchive.net/nbia-api/services/v4/getImage?NewFileNames=Yes&SeriesInstanceUID=1.3.6.1.4.1.14519.5.2.1.50290630456899372203710437853091459950
2026-08-09 17:38:43,887:INFO:Downloading... https://nbia.cancerimagingarchive.net/nbia-api/services/v4/getImage?NewFileNames=Yes&SeriesInstanceUID=1.3.6.1.4.1.14519.5.2.1.337105914461961443736707079775561192509
2026-08-09 17:38:44,171:INFO:Downloading... https://nbia.cancerimagingarchive.net/nbia-api/services/v4/getImage?NewFileNames=Yes&SeriesInstanceUID=1.3.6.1.4.1.14519.5.2.1.211730514146079437376160508151726030020
2026-08-09 17:38:45,982:INFO:Downloading... https://nbia.cancerimagingarchive.net/nbia-api/services/v4/getImage?NewFileNames=Yes&SeriesInstanceUID=1.3.6.1.4.1.14519.5.2.1.314216564966373953274102058972785838026
2026-08-09 17:38:46,127:INFO:Downloading... https://nbia.cancerimagingarchive.net/nbia-api/services/v4/getImage?NewFileNames=Yes&SeriesInstanceUID=1.3.6.1.4.1.14519.5.2.1.114654988670692357905089010349270754869
2026-08-09 17:38:51,583:INFO:Downloading... https://nbia.cancerimagingarchive.net/nbia-api/services/v4/getImage?NewFileNames=Yes&SeriesInstanceUID=1.3.6.1.4.1.14519.5.2.1.268281677382022266708290281598344655801
2026-08-09 17:38:51,877:INFO:Downloading... https://nbia.cancerimagingarchive.net/nbia-api/services/v4/getImage?NewFileNames=Yes&SeriesInstanceUID=1.3.6.1.4.1.14519.5.2.1.321129835349794572350231024160732068739
2026-08-09 17:38:54,676:INFO:Downloading... https://nbia.cancerimagingarchive.net/nbia-api/services/v4/getImage?NewFileNames=Yes&SeriesInstanceUID=1.3.6.1.4.1.14519.5.2.1.170458698574007880561087893221471701174
2026-08-09 17:38:54,809:INFO:Downloading... https://nbia.cancerimagingarchive.net/nbia-api/services/v4/getImage?NewFileNames=Yes&SeriesInstanceUID=1.3.6.1.4.1.14519.5.2.1.250395731721527546280232564001738993062
2026-08-09 17:39:00,421:INFO:Downloading... https://nbia.cancerimagingarchive.net/nbia-api/services/v4/getImage?NewFileNames=Yes&SeriesInstanceUID=1.3.6.1.4.1.14519.5.2.1.304252366521753888718704229250374075611
2026-08-09 17:39:00,988:INFO:Downloading... https://nbia.cancerimagingarchive.net/nbia-api/services/v4/getImage?NewFileNames=Yes&SeriesInstanceUID=1.3.6.1.4.1.14519.5.2.1.178651656489583194271184980357660288807
2026-08-09 17:39:02,443:INFO:Downloading... https://nbia.cancerimagingarchive.net/nbia-api/services/v4/getImage?NewFileNames=Yes&SeriesInstanceUID=1.3.6.1.4.1.14519.5.2.1.15083656321806289176315477047973451259
2026-08-09 17:39:02,453:INFO:Downloading... https://nbia.cancerimagingarchive.net/nbia-api/services/v4/getImage?NewFileNames=Yes&SeriesInstanceUID=1.3.6.1.4.1.14519.5.2.1.200438630557573256023138202402798594912
2026-08-09 17:39:09,503:INFO:Downloading... https://nbia.cancerimagingarchive.net/nbia-api/services/v4/getImage?NewFileNames=Yes&SeriesInstanceUID=1.3.6.1.4.1.14519.5.2.1.271179100180253436398580575139312545115
2026-08-09 17:39:11,969:INFO:Downloading... https://nbia.cancerimagingarchive.net/nbia-api/services/v4/getImage?NewFileNames=Yes&SeriesInstanceUID=1.3.6.1.4.1.14519.5.2.1.103771504881113156712732800931698995053
2026-08-09 17:39:12,369:INFO:Downloading... https://nbia.cancerimagingarchive.net/nbia-api/services/v4/getImage?NewFileNames=Yes&SeriesInstanceUID=1.3.6.1.4.1.14519.5.2.1.284569570950462502560778399569911294231
2026-08-09 17:39:14,987:INFO:Downloading... https://nbia.cancerimagingarchive.net/nbia-api/services/v4/getImage?NewFileNames=Yes&SeriesInstanceUID=1.3.6.1.4.1.14519.5.2.1.234191896506128649608361799699820541005
2026-08-09 17:39:19,606:INFO:Downloading... https://nbia.cancerimagingarchive.net/nbia-api/services/v4/getImage?NewFileNames=Yes&SeriesInstanceUID=1.3.6.1.4.1.14519.5.2.1.35318166187132905821295731274091028755
2026-08-09 17:39:21,053:INFO:Downloading... https://nbia.cancerimagingarchive.net/nbia-api/services/v4/getImage?NewFileNames=Yes&SeriesInstanceUID=1.3.6.1.4.1.14519.5.2.1.117795345645530908170217646347349420753
2026-08-09 17:39:22,521:INFO:Downloading... https://nbia.cancerimagingarchive.net/nbia-api/services/v4/getImage?NewFileNames=Yes&SeriesInstanceUID=1.3.6.1.4.1.14519.5.2.1.130164832344203173509324701411454196770
2026-08-09 17:39:28,181:INFO:Downloading... https://nbia.cancerimagingarchive.net/nbia-api/services/v4/getImage?NewFileNames=Yes&SeriesInstanceUID=1.3.6.1.4.1.14519.5.2.1.170757543631791814525899813412363448258
2026-08-09 17:39:29,704:INFO:Downloading... https://nbia.cancerimagingarchive.net/nbia-api/services/v4/getImage?NewFileNames=Yes&SeriesInstanceUID=1.3.6.1.4.1.14519.5.2.1.200650416414299833335792066709574908520
2026-08-09 17:39:30,411:INFO:Downloading... https://nbia.cancerimagingarchive.net/nbia-api/services/v4/getImage?NewFileNames=Yes&SeriesInstanceUID=1.3.6.1.4.1.14519.5.2.1.195864280036239963676763845835967613725
2026-08-09 17:39:31,548:INFO:Downloading... https://nbia.cancerimagingarchive.net/nbia-api/services/v4/getImage?NewFileNames=Yes&SeriesInstanceUID=1.3.6.1.4.1.14519.5.2.1.325457179752401470653364692007680020032
2026-08-09 17:39:35,057:INFO:Downloading... https://nbia.cancerimagingarchive.net/nbia-api/services/v4/getImage?NewFileNames=Yes&SeriesInstanceUID=1.3.6.1.4.1.14519.5.2.1.32153961657825400895180114124681252112
2026-08-09 17:39:36,301:INFO:Downloading... https://nbia.cancerimagingarchive.net/nbia-api/services/v4/getImage?NewFileNames=Yes&SeriesInstanceUID=1.3.6.1.4.1.14519.5.2.1.123845148511554378819724580193284665570
2026-08-09 17:39:39,038:INFO:Downloading... https://nbia.cancerimagingarchive.net/nbia-api/services/v4/getImage?NewFileNames=Yes&SeriesInstanceUID=1.3.6.1.4.1.14519.5.2.1.123257576122682332155215412524474576495
2026-08-09 17:39:39,897:INFO:Downloading... https://nbia.cancerimagingarchive.net/nbia-api/services/v4/getImage?NewFileNames=Yes&SeriesInstanceUID=1.3.6.1.4.1.14519.5.2.1.71525278630785536872077030289417210048
2026-08-09 17:39:42,248:INFO:Downloading... https://nbia.cancerimagingarchive.net/nbia-api/services/v4/getImage?NewFileNames=Yes&SeriesInstanceUID=1.3.6.1.4.1.14519.5.2.1.287382809683589883527729161585842856618
2026-08-09 17:39:44,010:INFO:Downloading... https://nbia.cancerimagingarchive.net/nbia-api/services/v4/getImage?NewFileNames=Yes&SeriesInstanceUID=1.3.6.1.4.1.14519.5.2.1.43219364124049039154195908639769756675
2026-08-09 17:39:46,415:INFO:Downloading... https://nbia.cancerimagingarchive.net/nbia-api/services/v4/getImage?NewFileNames=Yes&SeriesInstanceUID=1.3.6.1.4.1.14519.5.2.1.131269604128571988249134056678491773308
2026-08-09 17:39:47,468:INFO:Downloading... https://nbia.cancerimagingarchive.net/nbia-api/services/v4/getImage?NewFileNames=Yes&SeriesInstanceUID=1.3.6.1.4.1.14519.5.2.1.311263514892342103370385853896683817569
2026-08-09 17:39:52,698:INFO:Downloading... https://nbia.cancerimagingarchive.net/nbia-api/services/v4/getImage?NewFileNames=Yes&SeriesInstanceUID=1.3.6.1.4.1.14519.5.2.1.313542008311496752631098258338539773160
2026-08-09 17:39:53,053:INFO:Downloading... https://nbia.cancerimagingarchive.net/nbia-api/services/v4/getImage?NewFileNames=Yes&SeriesInstanceUID=1.3.6.1.4.1.14519.5.2.1.86970375631740189536264214981847897900
2026-08-09 17:39:54,765:INFO:Downloading... https://nbia.cancerimagingarchive.net/nbia-api/services/v4/getImage?NewFileNames=Yes&SeriesInstanceUID=1.3.6.1.4.1.14519.5.2.1.74425468722907580012434564193902050327
2026-08-09 17:39:55,948:INFO:Downloading... https://nbia.cancerimagingarchive.net/nbia-api/services/v4/getImage?NewFileNames=Yes&SeriesInstanceUID=1.3.6.1.4.1.14519.5.2.1.167638104590101826541351893050672674558
2026-08-09 17:40:00,624:INFO:Downloading... https://nbia.cancerimagingarchive.net/nbia-api/services/v4/getImage?NewFileNames=Yes&SeriesInstanceUID=1.3.6.1.4.1.14519.5.2.1.231859161570498816045105359455394570774
2026-08-09 17:40:00,704:INFO:Downloading... https://nbia.cancerimagingarchive.net/nbia-api/services/v4/getImage?NewFileNames=Yes&SeriesInstanceUID=1.3.6.1.4.1.14519.5.2.1.149496549832511898705622915205833633034
2026-08-09 17:40:02,557:INFO:Downloading... https://nbia.cancerimagingarchive.net/nbia-api/services/v4/getImage?NewFileNames=Yes&SeriesInstanceUID=1.3.6.1.4.1.14519.5.2.1.173825606974010681148661534592793455104
2026-08-09 17:40:03,897:INFO:Downloading... https://nbia.cancerimagingarchive.net/nbia-api/services/v4/getImage?NewFileNames=Yes&SeriesInstanceUID=1.3.6.1.4.1.14519.5.2.1.56626442117378074086282318076803388747
2026-08-09 17:40:07,543:INFO:Downloading... https://nbia.cancerimagingarchive.net/nbia-api/services/v4/getImage?NewFileNames=Yes&SeriesInstanceUID=1.3.6.1.4.1.14519.5.2.1.117622485814621685356618412893042936673
2026-08-09 17:40:08,015:INFO:Downloading... https://nbia.cancerimagingarchive.net/nbia-api/services/v4/getImage?NewFileNames=Yes&SeriesInstanceUID=1.3.6.1.4.1.14519.5.2.1.28449034746365139546686944759449641100
2026-08-09 17:40:09,451:INFO:Downloading... https://nbia.cancerimagingarchive.net/nbia-api/services/v4/getImage?NewFileNames=Yes&SeriesInstanceUID=1.3.6.1.4.1.14519.5.2.1.209309660676550092935555576317133789213
2026-08-09 17:40:11,658:INFO:Downloading... https://nbia.cancerimagingarchive.net/nbia-api/services/v4/getImage?NewFileNames=Yes&SeriesInstanceUID=1.3.6.1.4.1.14519.5.2.1.330265774626111113970055482565806805178
2026-08-09 17:40:14,703:INFO:Downloading... https://nbia.cancerimagingarchive.net/nbia-api/services/v4/getImage?NewFileNames=Yes&SeriesInstanceUID=1.3.6.1.4.1.14519.5.2.1.195439137616936231621731851465868260280
2026-08-09 17:40:15,876:INFO:Downloading... https://nbia.cancerimagingarchive.net/nbia-api/services/v4/getImage?NewFileNames=Yes&SeriesInstanceUID=1.3.6.1.4.1.14519.5.2.1.316329146277869395956727625524054615576
2026-08-09 17:40:17,223:INFO:Downloading... https://nbia.cancerimagingarchive.net/nbia-api/services/v4/getImage?NewFileNames=Yes&SeriesInstanceUID=1.3.6.1.4.1.14519.5.2.1.160226111381477287913783269916327878176
2026-08-09 17:40:18,772:INFO:Downloading... https://nbia.cancerimagingarchive.net/nbia-api/services/v4/getImage?NewFileNames=Yes&SeriesInstanceUID=1.3.6.1.4.1.14519.5.2.1.139644850993271864712430012082420829660
2026-08-09 17:40:21,605:INFO:Downloading... https://nbia.cancerimagingarchive.net/nbia-api/services/v4/getImage?NewFileNames=Yes&SeriesInstanceUID=1.3.6.1.4.1.14519.5.2.1.151333582788712454059907115919457540385
2026-08-09 17:40:22,700:INFO:Downloading... https://nbia.cancerimagingarchive.net/nbia-api/services/v4/getImage?NewFileNames=Yes&SeriesInstanceUID=1.3.6.1.4.1.14519.5.2.1.155832711426371001968614476871349995690
2026-08-09 17:40:25,129:INFO:Downloading... https://nbia.cancerimagingarchive.net/nbia-api/services/v4/getImage?NewFileNames=Yes&SeriesInstanceUID=1.3.6.1.4.1.14519.5.2.1.332623813369127455383359464292596794803
2026-08-09 17:40:26,157:INFO:Downloading... https://nbia.cancerimagingarchive.net/nbia-api/services/v4/getImage?NewFileNames=Yes&SeriesInstanceUID=1.3.6.1.4.1.14519.5.2.1.18414248366188834880721548231260036747
2026-08-09 17:40:29,418:INFO:Downloading... https://nbia.cancerimagingarchive.net/nbia-api/services/v4/getImage?NewFileNames=Yes&SeriesInstanceUID=1.3.6.1.4.1.14519.5.2.1.191257800997031220084849490186791765353
2026-08-09 17:40:30,262:INFO:Downloading... https://nbia.cancerimagingarchive.net/nbia-api/services/v4/getImage?NewFileNames=Yes&SeriesInstanceUID=1.3.6.1.4.1.14519.5.2.1.178392008614180521671118863908364111185
2026-08-09 17:40:34,123:INFO:Downloading... https://nbia.cancerimagingarchive.net/nbia-api/services/v4/getImage?NewFileNames=Yes&SeriesInstanceUID=1.3.6.1.4.1.14519.5.2.1.69608001705098269997150941456744023600
2026-08-09 17:40:37,702:INFO:Downloading... https://nbia.cancerimagingarchive.net/nbia-api/services/v4/getImage?NewFileNames=Yes&SeriesInstanceUID=1.3.6.1.4.1.14519.5.2.1.289810060538624880532882934985802387046
2026-08-09 17:40:40,578:INFO:Downloading... https://nbia.cancerimagingarchive.net/nbia-api/services/v4/getImage?NewFileNames=Yes&SeriesInstanceUID=1.3.6.1.4.1.14519.5.2.1.279848513008413206023227333691466972923
2026-08-09 17:40:42,517:INFO:Downloading... https://nbia.cancerimagingarchive.net/nbia-api/services/v4/getImage?NewFileNames=Yes&SeriesInstanceUID=1.3.6.1.4.1.14519.5.2.1.331692877218106375967008084454411269647
2026-08-09 17:40:42,710:INFO:Downloading... https://nbia.cancerimagingarchive.net/nbia-api/services/v4/getImage?NewFileNames=Yes&SeriesInstanceUID=1.3.6.1.4.1.14519.5.2.1.63755083793328228670605339321278850318
2026-08-09 17:40:43,415:INFO:Downloading... https://nbia.cancerimagingarchive.net/nbia-api/services/v4/getImage?NewFileNames=Yes&SeriesInstanceUID=1.3.6.1.4.1.14519.5.2.1.53235303634972393250112037055965446669
2026-08-09 17:40:45,383:INFO:Downloading... https://nbia.cancerimagingarchive.net/nbia-api/services/v4/getImage?NewFileNames=Yes&SeriesInstanceUID=1.3.6.1.4.1.14519.5.2.1.271332806425689808080095825287240081600
2026-08-09 17:40:45,407:INFO:Downloading... https://nbia.cancerimagingarchive.net/nbia-api/services/v4/getImage?NewFileNames=Yes&SeriesInstanceUID=1.3.6.1.4.1.14519.5.2.1.140403891907822303984399124070976741261
2026-08-09 17:40:46,054:INFO:Downloading... https://nbia.cancerimagingarchive.net/nbia-api/services/v4/getImage?NewFileNames=Yes&SeriesInstanceUID=1.3.6.1.4.1.14519.5.2.1.235621235251369161938284680469362415696
2026-08-09 17:40:49,533:INFO:Downloading... https://nbia.cancerimagingarchive.net/nbia-api/services/v4/getImage?NewFileNames=Yes&SeriesInstanceUID=1.3.6.1.4.1.14519.5.2.1.118812062838437382641718964301308742586
2026-08-09 17:40:52,038:INFO:Downloading... https://nbia.cancerimagingarchive.net/nbia-api/services/v4/getImage?NewFileNames=Yes&SeriesInstanceUID=1.3.6.1.4.1.14519.5.2.1.248649928942222113269438083093882805108
2026-08-09 17:40:52,941:INFO:Downloading... https://nbia.cancerimagingarchive.net/nbia-api/services/v4/getImage?NewFileNames=Yes&SeriesInstanceUID=1.3.6.1.4.1.14519.5.2.1.311426417515139487030863586209499257735
2026-08-09 17:40:53,273:INFO:Downloading... https://nbia.cancerimagingarchive.net/nbia-api/services/v4/getImage?NewFileNames=Yes&SeriesInstanceUID=1.3.6.1.4.1.14519.5.2.1.246659631093896553411290799175626965582
2026-08-09 17:40:53,330:INFO:Downloading... https://nbia.cancerimagingarchive.net/nbia-api/services/v4/getImage?NewFileNames=Yes&SeriesInstanceUID=1.3.6.1.4.1.14519.5.2.1.275480274379317269473959477128001401185
2026-08-09 17:41:00,992:INFO:Downloading... https://nbia.cancerimagingarchive.net/nbia-api/services/v4/getImage?NewFileNames=Yes&SeriesInstanceUID=1.3.6.1.4.1.14519.5.2.1.312326035111465260863323561928928413170
2026-08-09 17:41:01,247:INFO:Downloading... https://nbia.cancerimagingarchive.net/nbia-api/services/v4/getImage?NewFileNames=Yes&SeriesInstanceUID=1.3.6.1.4.1.14519.5.2.1.121581329116853492211029749183778441695
2026-08-09 17:41:01,512:INFO:Downloading... https://nbia.cancerimagingarchive.net/nbia-api/services/v4/getImage?NewFileNames=Yes&SeriesInstanceUID=1.3.6.1.4.1.14519.5.2.1.151480860037407616319637128748437418573
2026-08-09 17:41:03,589:INFO:Downloading... https://nbia.cancerimagingarchive.net/nbia-api/services/v4/getImage?NewFileNames=Yes&SeriesInstanceUID=1.3.6.1.4.1.14519.5.2.1.322916775473845107262844510149827646497
2026-08-09 17:41:09,171:INFO:Downloading... https://nbia.cancerimagingarchive.net/nbia-api/services/v4/getImage?NewFileNames=Yes&SeriesInstanceUID=1.3.6.1.4.1.14519.5.2.1.68358494851209905243585412779536578406
2026-08-09 17:41:09,287:INFO:Downloading... https://nbia.cancerimagingarchive.net/nbia-api/services/v4/getImage?NewFileNames=Yes&SeriesInstanceUID=1.3.6.1.4.1.14519.5.2.1.89110093808059207599643899599879575761
2026-08-09 17:41:11,098:INFO:Downloading... https://nbia.cancerimagingarchive.net/nbia-api/services/v4/getImage?NewFileNames=Yes&SeriesInstanceUID=1.3.6.1.4.1.14519.5.2.1.116521361868068587493944431341719958973
2026-08-09 17:41:15,081:INFO:Downloading... https://nbia.cancerimagingarchive.net/nbia-api/services/v4/getImage?NewFileNames=Yes&SeriesInstanceUID=1.3.6.1.4.1.14519.5.2.1.328875888373802448436206060181508699118
2026-08-09 17:41:17,289:INFO:Downloading... https://nbia.cancerimagingarchive.net/nbia-api/services/v4/getImage?NewFileNames=Yes&SeriesInstanceUID=1.3.6.1.4.1.14519.5.2.1.115952206420927735865651333696450860622
2026-08-09 17:41:18,385:INFO:Downloading... https://nbia.cancerimagingarchive.net/nbia-api/services/v4/getImage?NewFileNames=Yes&SeriesInstanceUID=1.3.6.1.4.1.14519.5.2.1.11132840993872272539486293153918805857
2026-08-09 17:41:19,885:INFO:Downloading... https://nbia.cancerimagingarchive.net/nbia-api/services/v4/getImage?NewFileNames=Yes&SeriesInstanceUID=1.3.6.1.4.1.14519.5.2.1.94177124273142291504741661311339152576
2026-08-09 17:41:23,077:INFO:Downloading... https://nbia.cancerimagingarchive.net/nbia-api/services/v4/getImage?NewFileNames=Yes&SeriesInstanceUID=1.3.6.1.4.1.14519.5.2.1.195024303226209543306576163941227997134
2026-08-09 17:41:23,793:INFO:Downloading... https://nbia.cancerimagingarchive.net/nbia-api/services/v4/getImage?NewFileNames=Yes&SeriesInstanceUID=1.3.6.1.4.1.14519.5.2.1.282390334974458575604213842889193791340
2026-08-09 17:41:26,316:INFO:Downloading... https://nbia.cancerimagingarchive.net/nbia-api/services/v4/getImage?NewFileNames=Yes&SeriesInstanceUID=1.3.6.1.4.1.14519.5.2.1.77617055340535278120158168415135255363
2026-08-09 17:41:31,317:INFO:Downloading... https://nbia.cancerimagingarchive.net/nbia-api/services/v4/getImage?NewFileNames=Yes&SeriesInstanceUID=1.3.6.1.4.1.14519.5.2.1.336926027826059036684910483466551151916
2026-08-09 17:41:33,522:INFO:Downloading... https://nbia.cancerimagingarchive.net/nbia-api/services/v4/getImage?NewFileNames=Yes&SeriesInstanceUID=1.3.6.1.4.1.14519.5.2.1.41880130223075480970510096038654856819
2026-08-09 17:41:34,220:INFO:Downloading... https://nbia.cancerimagingarchive.net/nbia-api/services/v4/getImage?NewFileNames=Yes&SeriesInstanceUID=1.3.6.1.4.1.14519.5.2.1.303317531922762832297003457984848917010
2026-08-09 17:41:36,544:INFO:Downloading... https://nbia.cancerimagingarchive.net/nbia-api/services/v4/getImage?NewFileNames=Yes&SeriesInstanceUID=1.3.6.1.4.1.14519.5.2.1.97311773677261435869849736036830630889
2026-08-09 17:41:39,354:INFO:Downloading... https://nbia.cancerimagingarchive.net/nbia-api/services/v4/getImage?NewFileNames=Yes&SeriesInstanceUID=1.3.6.1.4.1.14519.5.2.1.277133821703236938947922942808465010854
2026-08-09 17:41:39,613:INFO:Downloading... https://nbia.cancerimagingarchive.net/nbia-api/services/v4/getImage?NewFileNames=Yes&SeriesInstanceUID=1.3.6.1.4.1.14519.5.2.1.63726928817837519842779158420929584735
2026-08-09 17:41:40,561:INFO:Downloading... https://nbia.cancerimagingarchive.net/nbia-api/services/v4/getImage?NewFileNames=Yes&SeriesInstanceUID=1.3.6.1.4.1.14519.5.2.1.81665577553303404234483753581059691906
2026-08-09 17:41:42,084:INFO:Downloading... https://nbia.cancerimagingarchive.net/nbia-api/services/v4/getImage?NewFileNames=Yes&SeriesInstanceUID=1.3.6.1.4.1.14519.5.2.1.303322903279922303126691110417817904182
2026-08-09 17:41:47,110:INFO:Downloading... https://nbia.cancerimagingarchive.net/nbia-api/services/v4/getImage?NewFileNames=Yes&SeriesInstanceUID=1.3.6.1.4.1.14519.5.2.1.227790630583958006368972223413412878300
2026-08-09 17:41:47,157:INFO:Downloading... https://nbia.cancerimagingarchive.net/nbia-api/services/v4/getImage?NewFileNames=Yes&SeriesInstanceUID=1.3.6.1.4.1.14519.5.2.1.146913980031913472327809949304066659191
2026-08-09 17:41:47,982:INFO:Downloading... https://nbia.cancerimagingarchive.net/nbia-api/services/v4/getImage?NewFileNames=Yes&SeriesInstanceUID=1.3.6.1.4.1.14519.5.2.1.177852895543213794760606650078558301965
2026-08-09 17:41:49,685:INFO:Downloading... https://nbia.cancerimagingarchive.net/nbia-api/services/v4/getImage?NewFileNames=Yes&SeriesInstanceUID=1.3.6.1.4.1.14519.5.2.1.220136190636995869287124092915122064464
2026-08-09 17:41:49,910:INFO:Downloading... https://nbia.cancerimagingarchive.net/nbia-api/services/v4/getImage?NewFileNames=Yes&SeriesInstanceUID=1.3.6.1.4.1.14519.5.2.1.238691233334357249683056768235812880148
2026-08-09 17:41:54,973:INFO:Downloading... https://nbia.cancerimagingarchive.net/nbia-api/services/v4/getImage?NewFileNames=Yes&SeriesInstanceUID=1.3.6.1.4.1.14519.5.2.1.167493517248513428087029320682341008884
2026-08-09 17:41:56,793:INFO:Downloading... https://nbia.cancerimagingarchive.net/nbia-api/services/v4/getImage?NewFileNames=Yes&SeriesInstanceUID=1.3.6.1.4.1.14519.5.2.1.217606354945316218226641992141761008307
2026-08-09 17:41:57,786:INFO:Downloading... https://nbia.cancerimagingarchive.net/nbia-api/services/v4/getImage?NewFileNames=Yes&SeriesInstanceUID=1.3.6.1.4.1.14519.5.2.1.58844340153211305293094415731681451060
2026-08-09 17:41:59,777:INFO:Downloading... https://nbia.cancerimagingarchive.net/nbia-api/services/v4/getImage?NewFileNames=Yes&SeriesInstanceUID=1.3.6.1.4.1.14519.5.2.1.254662290710765502805132056966035189979
2026-08-09 17:42:02,233:INFO:Downloading... https://nbia.cancerimagingarchive.net/nbia-api/services/v4/getImage?NewFileNames=Yes&SeriesInstanceUID=1.3.6.1.4.1.14519.5.2.1.8691725007907131659504228203007873143
2026-08-09 17:42:05,036:INFO:Downloading... https://nbia.cancerimagingarchive.net/nbia-api/services/v4/getImage?NewFileNames=Yes&SeriesInstanceUID=1.3.6.1.4.1.14519.5.2.1.41368911735747484453202457561484736052
2026-08-09 17:42:05,377:INFO:Downloading... https://nbia.cancerimagingarchive.net/nbia-api/services/v4/getImage?NewFileNames=Yes&SeriesInstanceUID=1.3.6.1.4.1.14519.5.2.1.31569479557806577809402883512898024175
2026-08-09 17:42:08,404:INFO:Downloading... https://nbia.cancerimagingarchive.net/nbia-api/services/v4/getImage?NewFileNames=Yes&SeriesInstanceUID=1.3.6.1.4.1.14519.5.2.1.34429815660707929855068702496496360518
2026-08-09 17:42:08,459:INFO:Downloading... https://nbia.cancerimagingarchive.net/nbia-api/services/v4/getImage?NewFileNames=Yes&SeriesInstanceUID=1.3.6.1.4.1.14519.5.2.1.300305831781736236794927334597060311302
2026-08-09 17:42:09,597:INFO:Downloading... https://nbia.cancerimagingarchive.net/nbia-api/services/v4/getImage?NewFileNames=Yes&SeriesInstanceUID=1.3.6.1.4.1.14519.5.2.1.216932029781333971039050640126184272249
2026-08-09 17:42:12,232:INFO:Downloading... https://nbia.cancerimagingarchive.net/nbia-api/services/v4/getImage?NewFileNames=Yes&SeriesInstanceUID=1.3.6.1.4.1.14519.5.2.1.195021218541246403604794553406491529049
2026-08-09 17:42:16,241:INFO:Downloading... https://nbia.cancerimagingarchive.net/nbia-api/services/v4/getImage?NewFileNames=Yes&SeriesInstanceUID=1.3.6.1.4.1.14519.5.2.1.163534366324777662879316515041512583564
2026-08-09 17:42:16,263:INFO:Downloading... https://nbia.cancerimagingarchive.net/nbia-api/services/v4/getImage?NewFileNames=Yes&SeriesInstanceUID=1.3.6.1.4.1.14519.5.2.1.12271660700949379261021478034840053039
2026-08-09 17:42:20,935:INFO:Downloading... https://nbia.cancerimagingarchive.net/nbia-api/services/v4/getImage?NewFileNames=Yes&SeriesInstanceUID=1.3.6.1.4.1.14519.5.2.1.149661151351296133163682154226898465845
2026-08-09 17:42:21,386:INFO:Downloading... https://nbia.cancerimagingarchive.net/nbia-api/services/v4/getImage?NewFileNames=Yes&SeriesInstanceUID=1.3.6.1.4.1.14519.5.2.1.45934091083775678744481351325013568115
2026-08-09 17:42:24,021:INFO:Downloading... https://nbia.cancerimagingarchive.net/nbia-api/services/v4/getImage?NewFileNames=Yes&SeriesInstanceUID=1.3.6.1.4.1.14519.5.2.1.184476335928932461702968536835395751710
2026-08-09 17:42:24,402:INFO:Downloading... https://nbia.cancerimagingarchive.net/nbia-api/services/v4/getImage?NewFileNames=Yes&SeriesInstanceUID=1.3.6.1.4.1.14519.5.2.1.219668824826441649739049183270307415811
2026-08-09 17:42:25,329:INFO:Downloading... https://nbia.cancerimagingarchive.net/nbia-api/services/v4/getImage?NewFileNames=Yes&SeriesInstanceUID=1.3.6.1.4.1.14519.5.2.1.41201906731915616359322572058268814330
2026-08-09 17:42:28,707:INFO:Downloading... https://nbia.cancerimagingarchive.net/nbia-api/services/v4/getImage?NewFileNames=Yes&SeriesInstanceUID=1.3.6.1.4.1.14519.5.2.1.308106531592944238688702881477709656328
2026-08-09 17:42:32,083:INFO:Downloading... https://nbia.cancerimagingarchive.net/nbia-api/services/v4/getImage?NewFileNames=Yes&SeriesInstanceUID=1.3.6.1.4.1.14519.5.2.1.209706679634241407929438741862247761057
2026-08-09 17:42:32,951:INFO:Downloading... https://nbia.cancerimagingarchive.net/nbia-api/services/v4/getImage?NewFileNames=Yes&SeriesInstanceUID=1.3.6.1.4.1.14519.5.2.1.67111999072394023712442666594053974138
2026-08-09 17:42:37,069:INFO:Downloading... https://nbia.cancerimagingarchive.net/nbia-api/services/v4/getImage?NewFileNames=Yes&SeriesInstanceUID=1.3.6.1.4.1.14519.5.2.1.101054427956193064725812060973716028066
2026-08-09 17:42:39,090:INFO:Downloading... https://nbia.cancerimagingarchive.net/nbia-api/services/v4/getImage?NewFileNames=Yes&SeriesInstanceUID=1.3.6.1.4.1.14519.5.2.1.139886348844607991568188265849631773609
2026-08-09 17:42:41,863:INFO:Downloading... https://nbia.cancerimagingarchive.net/nbia-api/services/v4/getImage?NewFileNames=Yes&SeriesInstanceUID=1.3.6.1.4.1.14519.5.2.1.313557276426841988200677234772263270117
2026-08-09 17:42:44,388:INFO:Downloading... https://nbia.cancerimagingarchive.net/nbia-api/services/v4/getImage?NewFileNames=Yes&SeriesInstanceUID=1.3.6.1.4.1.14519.5.2.1.20938892998021896708832971135345395302
2026-08-09 17:42:44,701:INFO:Downloading... https://nbia.cancerimagingarchive.net/nbia-api/services/v4/getImage?NewFileNames=Yes&SeriesInstanceUID=1.3.6.1.4.1.14519.5.2.1.23833494265985152602496278449948414017
2026-08-09 17:42:46,527:INFO:Downloading... https://nbia.cancerimagingarchive.net/nbia-api/services/v4/getImage?NewFileNames=Yes&SeriesInstanceUID=1.3.6.1.4.1.14519.5.2.1.212802809507331030120785522172218134822
2026-08-09 17:42:49,290:INFO:Downloading... https://nbia.cancerimagingarchive.net/nbia-api/services/v4/getImage?NewFileNames=Yes&SeriesInstanceUID=1.3.6.1.4.1.14519.5.2.1.243703717456749034503185182040440213717
2026-08-09 17:42:51,917:INFO:Downloading... https://nbia.cancerimagingarchive.net/nbia-api/services/v4/getImage?NewFileNames=Yes&SeriesInstanceUID=1.3.6.1.4.1.14519.5.2.1.13161091246672325490917590728764563519
2026-08-09 17:42:52,573:INFO:Downloading... https://nbia.cancerimagingarchive.net/nbia-api/services/v4/getImage?NewFileNames=Yes&SeriesInstanceUID=1.3.6.1.4.1.14519.5.2.1.130477720134089679587344462379535053496
2026-08-09 17:42:53,704:INFO:Downloading... https://nbia.cancerimagingarchive.net/nbia-api/services/v4/getImage?NewFileNames=Yes&SeriesInstanceUID=1.3.6.1.4.1.14519.5.2.1.141586026073441722665267168123219131524
2026-08-09 17:42:55,711:INFO:Downloading... https://nbia.cancerimagingarchive.net/nbia-api/services/v4/getImage?NewFileNames=Yes&SeriesInstanceUID=1.3.6.1.4.1.14519.5.2.1.11413127831184076651112688357294849687
2026-08-09 17:42:57,137:INFO:Downloading... https://nbia.cancerimagingarchive.net/nbia-api/services/v4/getImage?NewFileNames=Yes&SeriesInstanceUID=1.3.6.1.4.1.14519.5.2.1.169828036483765962015480551321361814867
2026-08-09 17:43:00,405:INFO:Downloading... https://nbia.cancerimagingarchive.net/nbia-api/services/v4/getImage?NewFileNames=Yes&SeriesInstanceUID=1.3.6.1.4.1.14519.5.2.1.233566392961944636096878297908222584737
2026-08-09 17:43:00,990:INFO:Downloading... https://nbia.cancerimagingarchive.net/nbia-api/services/v4/getImage?NewFileNames=Yes&SeriesInstanceUID=1.3.6.1.4.1.14519.5.2.1.53678775595706426127285296042370559679
2026-08-09 17:43:02,374:INFO:Downloading... https://nbia.cancerimagingarchive.net/nbia-api/services/v4/getImage?NewFileNames=Yes&SeriesInstanceUID=1.3.6.1.4.1.14519.5.2.1.3608212855858039528789242895658824722
2026-08-09 17:43:04,044:INFO:Downloading... https://nbia.cancerimagingarchive.net/nbia-api/services/v4/getImage?NewFileNames=Yes&SeriesInstanceUID=1.3.6.1.4.1.14519.5.2.1.114899341835105837623478696080121601698
2026-08-09 17:43:05,643:INFO:Downloading... https://nbia.cancerimagingarchive.net/nbia-api/services/v4/getImage?NewFileNames=Yes&SeriesInstanceUID=1.3.6.1.4.1.14519.5.2.1.232948056023906337764100728170735641583
2026-08-09 17:43:06,100:INFO:Downloading... https://nbia.cancerimagingarchive.net/nbia-api/services/v4/getImage?NewFileNames=Yes&SeriesInstanceUID=1.3.6.1.4.1.14519.5.2.1.156123159020344173903013845029986993149
2026-08-09 17:43:07,501:INFO:Downloading... https://nbia.cancerimagingarchive.net/nbia-api/services/v4/getImage?NewFileNames=Yes&SeriesInstanceUID=1.3.6.1.4.1.14519.5.2.1.113715457193187114916891490116563302675
2026-08-09 17:43:15,583:INFO:Downloading... https://nbia.cancerimagingarchive.net/nbia-api/services/v4/getImage?NewFileNames=Yes&SeriesInstanceUID=1.3.6.1.4.1.14519.5.2.1.329397456581149338542960966417265455825
2026-08-09 17:43:17,305:INFO:Downloading... https://nbia.cancerimagingarchive.net/nbia-api/services/v4/getImage?NewFileNames=Yes&SeriesInstanceUID=1.3.6.1.4.1.14519.5.2.1.12572169990335103580585490462955518187
2026-08-09 17:43:19,232:INFO:Downloading... https://nbia.cancerimagingarchive.net/nbia-api/services/v4/getImage?NewFileNames=Yes&SeriesInstanceUID=1.3.6.1.4.1.14519.5.2.1.117629727738335772319441139725804921775
2026-08-09 17:43:25,107:INFO:Downloading... https://nbia.cancerimagingarchive.net/nbia-api/services/v4/getImage?NewFileNames=Yes&SeriesInstanceUID=1.3.6.1.4.1.14519.5.2.1.55987494465634148387950017975849247977
2026-08-09 17:43:25,682:INFO:Downloading... https://nbia.cancerimagingarchive.net/nbia-api/services/v4/getImage?NewFileNames=Yes&SeriesInstanceUID=1.3.6.1.4.1.14519.5.2.1.326632848260576624058225988586053078621
2026-08-09 17:43:28,006:INFO:Downloading... https://nbia.cancerimagingarchive.net/nbia-api/services/v4/getImage?NewFileNames=Yes&SeriesInstanceUID=1.3.6.1.4.1.14519.5.2.1.221768106290836376326826581330749742403
2026-08-09 17:43:32,065:INFO:Downloading... https://nbia.cancerimagingarchive.net/nbia-api/services/v4/getImage?NewFileNames=Yes&SeriesInstanceUID=1.3.6.1.4.1.14519.5.2.1.191560135764403944491980691467448829543
2026-08-09 17:43:33,237:INFO:Downloading... https://nbia.cancerimagingarchive.net/nbia-api/services/v4/getImage?NewFileNames=Yes&SeriesInstanceUID=1.3.6.1.4.1.14519.5.2.1.1318669892210230277865010350542282028
2026-08-09 17:43:37,121:INFO:Downloading... https://nbia.cancerimagingarchive.net/nbia-api/services/v4/getImage?NewFileNames=Yes&SeriesInstanceUID=1.3.6.1.4.1.14519.5.2.1.200275255213757619659567345965647418015
2026-08-09 17:43:37,842:INFO:Downloading... https://nbia.cancerimagingarchive.net/nbia-api/services/v4/getImage?NewFileNames=Yes&SeriesInstanceUID=1.3.6.1.4.1.14519.5.2.1.281831120460320156413034354282751235113
2026-08-09 17:43:38,514:INFO:Downloading... https://nbia.cancerimagingarchive.net/nbia-api/services/v4/getImage?NewFileNames=Yes&SeriesInstanceUID=1.3.6.1.4.1.14519.5.2.1.127697676022825452316760383648172480094
2026-08-09 17:43:44,435:INFO:Downloading... https://nbia.cancerimagingarchive.net/nbia-api/services/v4/getImage?NewFileNames=Yes&SeriesInstanceUID=1.3.6.1.4.1.14519.5.2.1.125945456222697102649693248777532368059
2026-08-09 17:43:44,539:INFO:Downloading... https://nbia.cancerimagingarchive.net/nbia-api/services/v4/getImage?NewFileNames=Yes&SeriesInstanceUID=1.3.6.1.4.1.14519.5.2.1.308735657732766137556933206468544239936
2026-08-09 17:43:45,357:INFO:Downloading... https://nbia.cancerimagingarchive.net/nbia-api/services/v4/getImage?NewFileNames=Yes&SeriesInstanceUID=1.3.6.1.4.1.14519.5.2.1.219557261938718227530689385085401563976
2026-08-09 17:43:48,931:INFO:Downloading... https://nbia.cancerimagingarchive.net/nbia-api/services/v4/getImage?NewFileNames=Yes&SeriesInstanceUID=1.3.6.1.4.1.14519.5.2.1.140134951404839841614275414133728928298
2026-08-09 17:43:51,422:INFO:Downloading... https://nbia.cancerimagingarchive.net/nbia-api/services/v4/getImage?NewFileNames=Yes&SeriesInstanceUID=1.3.6.1.4.1.14519.5.2.1.202410608611547526106810923628896862413
2026-08-09 17:43:52,279:INFO:Downloading... https://nbia.cancerimagingarchive.net/nbia-api/services/v4/getImage?NewFileNames=Yes&SeriesInstanceUID=1.3.6.1.4.1.14519.5.2.1.222528013235775358983449210210111159102
2026-08-09 17:43:57,305:INFO:Downloading... https://nbia.cancerimagingarchive.net/nbia-api/services/v4/getImage?NewFileNames=Yes&SeriesInstanceUID=1.3.6.1.4.1.14519.5.2.1.213128257904871728784653153286873914333
2026-08-09 17:43:58,695:INFO:Downloading... https://nbia.cancerimagingarchive.net/nbia-api/services/v4/getImage?NewFileNames=Yes&SeriesInstanceUID=1.3.6.1.4.1.14519.5.2.1.141633071291300625609699745858508164831
2026-08-09 17:43:59,378:INFO:Downloading... https://nbia.cancerimagingarchive.net/nbia-api/services/v4/getImage?NewFileNames=Yes&SeriesInstanceUID=1.3.6.1.4.1.14519.5.2.1.259408492713623472052817845024245007847
2026-08-09 17:44:00,650:INFO:Downloading... https://nbia.cancerimagingarchive.net/nbia-api/services/v4/getImage?NewFileNames=Yes&SeriesInstanceUID=1.3.6.1.4.1.14519.5.2.1.193869951795047741646964574151391210598
2026-08-09 17:44:04,234:INFO:Downloading... https://nbia.cancerimagingarchive.net/nbia-api/services/v4/getImage?NewFileNames=Yes&SeriesInstanceUID=1.3.6.1.4.1.14519.5.2.1.95617129770230845574647714944537189609
2026-08-09 17:44:06,443:INFO:Downloading... https://nbia.cancerimagingarchive.net/nbia-api/services/v4/getImage?NewFileNames=Yes&SeriesInstanceUID=1.3.6.1.4.1.14519.5.2.1.206126902555478563187067628633024177159
2026-08-09 17:44:06,527:INFO:Downloading... https://nbia.cancerimagingarchive.net/nbia-api/services/v4/getImage?NewFileNames=Yes&SeriesInstanceUID=1.3.6.1.4.1.14519.5.2.1.102370557208036322204240848818450599961
2026-08-09 17:44:07,878:INFO:Downloading... https://nbia.cancerimagingarchive.net/nbia-api/services/v4/getImage?NewFileNames=Yes&SeriesInstanceUID=1.3.6.1.4.1.14519.5.2.1.78980608970422104534913362258658952468
2026-08-09 17:44:11,004:INFO:Downloading... https://nbia.cancerimagingarchive.net/nbia-api/services/v4/getImage?NewFileNames=Yes&SeriesInstanceUID=1.3.6.1.4.1.14519.5.2.1.337893068117916057854830083103972492439
2026-08-09 17:44:13,052:INFO:Downloading... https://nbia.cancerimagingarchive.net/nbia-api/services/v4/getImage?NewFileNames=Yes&SeriesInstanceUID=1.3.6.1.4.1.14519.5.2.1.197340896934143657100005067312758145254
2026-08-09 17:44:15,622:INFO:Downloading... https://nbia.cancerimagingarchive.net/nbia-api/services/v4/getImage?NewFileNames=Yes&SeriesInstanceUID=1.3.6.1.4.1.14519.5.2.1.70712476349236861322155595374931390180
2026-08-09 17:44:15,831:INFO:Downloading... https://nbia.cancerimagingarchive.net/nbia-api/services/v4/getImage?NewFileNames=Yes&SeriesInstanceUID=1.3.6.1.4.1.14519.5.2.1.332146356040227582253764007070534397997
2026-08-09 17:44:18,125:INFO:Downloading... https://nbia.cancerimagingarchive.net/nbia-api/services/v4/getImage?NewFileNames=Yes&SeriesInstanceUID=1.3.6.1.4.1.14519.5.2.1.330711920315393829871448794331805338888
2026-08-09 17:44:19,756:INFO:Downloading... https://nbia.cancerimagingarchive.net/nbia-api/services/v4/getImage?NewFileNames=Yes&SeriesInstanceUID=1.3.6.1.4.1.14519.5.2.1.284762256326175909640673275947586788329
2026-08-09 17:44:22,307:INFO:Downloading... https://nbia.cancerimagingarchive.net/nbia-api/services/v4/getImage?NewFileNames=Yes&SeriesInstanceUID=1.3.6.1.4.1.14519.5.2.1.120935386484495351114553407108030511142
2026-08-09 17:44:25,130:INFO:Downloading... https://nbia.cancerimagingarchive.net/nbia-api/services/v4/getImage?NewFileNames=Yes&SeriesInstanceUID=1.3.6.1.4.1.14519.5.2.1.28765316630832210541359355751422648522
2026-08-09 17:44:26,355:INFO:Downloading... https://nbia.cancerimagingarchive.net/nbia-api/services/v4/getImage?NewFileNames=Yes&SeriesInstanceUID=1.3.6.1.4.1.14519.5.2.1.316109863796135119011320472564814774111
2026-08-09 17:44:29,058:INFO:Downloading... https://nbia.cancerimagingarchive.net/nbia-api/services/v4/getImage?NewFileNames=Yes&SeriesInstanceUID=1.3.6.1.4.1.14519.5.2.1.125318880286846721936944152025041156874
2026-08-09 17:44:33,979:INFO:Downloading... https://nbia.cancerimagingarchive.net/nbia-api/services/v4/getImage?NewFileNames=Yes&SeriesInstanceUID=1.3.6.1.4.1.14519.5.2.1.125341821286726631167163952111141634199
2026-08-09 17:44:34,644:INFO:Downloading... https://nbia.cancerimagingarchive.net/nbia-api/services/v4/getImage?NewFileNames=Yes&SeriesInstanceUID=1.3.6.1.4.1.14519.5.2.1.256319267842058727140210001348654000646
2026-08-09 17:44:35,665:INFO:Downloading... https://nbia.cancerimagingarchive.net/nbia-api/services/v4/getImage?NewFileNames=Yes&SeriesInstanceUID=1.3.6.1.4.1.14519.5.2.1.66783413700591719798040583930929694251
2026-08-09 17:44:40,735:INFO:Downloading... https://nbia.cancerimagingarchive.net/nbia-api/services/v4/getImage?NewFileNames=Yes&SeriesInstanceUID=1.3.6.1.4.1.14519.5.2.1.125856591886371119874227030528926959003
2026-08-09 17:44:40,832:INFO:Downloading... https://nbia.cancerimagingarchive.net/nbia-api/services/v4/getImage?NewFileNames=Yes&SeriesInstanceUID=1.3.6.1.4.1.14519.5.2.1.145244886223034788186441868646513424342
2026-08-09 17:44:42,675:INFO:Downloading... https://nbia.cancerimagingarchive.net/nbia-api/services/v4/getImage?NewFileNames=Yes&SeriesInstanceUID=1.3.6.1.4.1.14519.5.2.1.72303088443347251767816817408520352239
2026-08-09 17:44:47,073:INFO:Downloading... https://nbia.cancerimagingarchive.net/nbia-api/services/v4/getImage?NewFileNames=Yes&SeriesInstanceUID=1.3.6.1.4.1.14519.5.2.1.136034289363920742182992605185934310232
2026-08-09 17:44:47,517:INFO:Downloading... https://nbia.cancerimagingarchive.net/nbia-api/services/v4/getImage?NewFileNames=Yes&SeriesInstanceUID=1.3.6.1.4.1.14519.5.2.1.180084812119670061034291845665481856808
2026-08-09 17:44:48,963:INFO:Downloading... https://nbia.cancerimagingarchive.net/nbia-api/services/v4/getImage?NewFileNames=Yes&SeriesInstanceUID=1.3.6.1.4.1.14519.5.2.1.212873801908386453176483612331790501317
2026-08-09 17:44:51,256:INFO:Downloading... https://nbia.cancerimagingarchive.net/nbia-api/services/v4/getImage?NewFileNames=Yes&SeriesInstanceUID=1.3.6.1.4.1.14519.5.2.1.141811101474276981526095068337003975273
2026-08-09 17:44:53,269:INFO:Downloading... https://nbia.cancerimagingarchive.net/nbia-api/services/v4/getImage?NewFileNames=Yes&SeriesInstanceUID=1.3.6.1.4.1.14519.5.2.1.298078963205881514339841072669761471933
2026-08-09 17:44:53,810:INFO:Downloading... https://nbia.cancerimagingarchive.net/nbia-api/services/v4/getImage?NewFileNames=Yes&SeriesInstanceUID=1.3.6.1.4.1.14519.5.2.1.143872447343319771806458428305613303356
2026-08-09 17:44:57,461:INFO:Downloading... https://nbia.cancerimagingarchive.net/nbia-api/services/v4/getImage?NewFileNames=Yes&SeriesInstanceUID=1.3.6.1.4.1.14519.5.2.1.225070198228354482996702826116585349474
2026-08-09 17:44:59,949:INFO:Downloading... https://nbia.cancerimagingarchive.net/nbia-api/services/v4/getImage?NewFileNames=Yes&SeriesInstanceUID=1.3.6.1.4.1.14519.5.2.1.62707215887378187988943160648641956504
2026-08-09 17:44:59,989:INFO:Downloading... https://nbia.cancerimagingarchive.net/nbia-api/services/v4/getImage?NewFileNames=Yes&SeriesInstanceUID=1.3.6.1.4.1.14519.5.2.1.254373572629144863690207659252342756652
2026-08-09 17:45:00,897:INFO:Downloading... https://nbia.cancerimagingarchive.net/nbia-api/services/v4/getImage?NewFileNames=Yes&SeriesInstanceUID=1.3.6.1.4.1.14519.5.2.1.239133286058651850348316091808671240878
2026-08-09 17:45:06,010:INFO:Downloading... https://nbia.cancerimagingarchive.net/nbia-api/services/v4/getImage?NewFileNames=Yes&SeriesInstanceUID=1.3.6.1.4.1.14519.5.2.1.106707740788364789283742039637214375465
2026-08-09 17:45:06,153:INFO:Downloading... https://nbia.cancerimagingarchive.net/nbia-api/services/v4/getImage?NewFileNames=Yes&SeriesInstanceUID=1.3.6.1.4.1.14519.5.2.1.214779675822682733753230552887708538628
2026-08-09 17:45:29,173:INFO:Downloaded 575 out of 575 targeted series.
0 failed to download.
0 were previously downloaded.
2026-08-09 17:45:29,180:INFO:Series metadata saved as reports/datasets/d3c_selected_series_download/download_metadata.csv.csv
Fetching series metadata for collection: UPENN-GBM
Selected patients: 575
Selected series: 575
Selected series CSV: reports/datasets/d3c_selected_series_download/selected_series_one_per_patient.csv
Download output directory: data/raw/D3C_upenn_gbm

Starting selected-series download...
This may take time depending on series size and network speed.
Download metadata rows: 575

Download complete.
Raw output directory: data/raw/D3C_upenn_gbm
Selected series CSV: reports/datasets/d3c_selected_series_download/selected_series_one_per_patient.csv
Acquisition log: reports/datasets/D3C_acquisition_log.md
