dataset_id,patient_id,study_instance_uid,series_instance_uid,series_description,protocol_name,body_part_examined,label,label_source,output_image_path,source_dicom_path,selected_rank,slice_index_in_sorted_series,total_valid_slices_in_series,pred_index,pred_label,max_confidence,glioma_probability,entropy,logit_glioma,prob_glioma,logit_meningioma,prob_meningioma,logit_notumor,prob_notumor,logit_pituitary,prob_pituitary,raw_prob_glioma,scaled_prob_glioma,raw_prob_meningioma,scaled_prob_meningioma,raw_prob_notumor,scaled_prob_notumor,raw_prob_pituitary,scaled_prob_pituitary,raw_pred_index,raw_pred_label,raw_max_confidence,raw_entropy,scaled_pred_index,scaled_pred_label,scaled_max_confidence,scaled_entropy
D3B_icdc_glioma,GLIOMA01-i_6561,1.3.6.1.4.1.14519.5.2.1.292789083954857865766838322795931209494,1.3.6.1.4.1.14519.5.2.1.107039555734442993329560765265677753034,FSPGR 3D,BRAIN KNEE COIL/8,HEAD,glioma,collection_level_icdc_glioma,data/processed/D3B_icdc_glioma_selected_slices/GLIOMA01-i_6561/GLIOMA01-i_6561__265677753034__central01_idx0066.png,data/raw/D3B_icdc_glioma/1.3.6.1.4.1.14519.5.2.1.107039555734442993329560765265677753034/1-067.dcm,1,66,136,1,meningioma,0.457100510597229,0.1137085556983947,1.1603343234708134,-0.7705760598182678,0.1137085556983947,0.6206886768341064,0.457100510597229,0.377324640750885,0.3583604395389557,-1.2439241409301758,0.0708305612206459,0.11370854176279914,0.14257901658261582,0.45710049124187474,0.41439809380871745,0.35836041434211907,0.34384689706350896,0.07083055265320704,0.09917599254515776,1,meningioma,0.45710049124187474,1.16033429653666,1,meningioma,0.41439809380871745,1.239037314262431
D3B_icdc_glioma,GLIOMA01-i_6561,1.3.6.1.4.1.14519.5.2.1.292789083954857865766838322795931209494,1.3.6.1.4.1.14519.5.2.1.107039555734442993329560765265677753034,FSPGR 3D,BRAIN KNEE COIL/8,HEAD,glioma,collection_level_icdc_glioma,data/processed/D3B_icdc_glioma_selected_slices/GLIOMA01-i_6561/GLIOMA01-i_6561__265677753034__central02_idx0067.png,data/raw/D3B_icdc_glioma/1.3.6.1.4.1.14519.5.2.1.107039555734442993329560765265677753034/1-068.dcm,2,67,136,2,notumor,0.4512932300567627,0.1652375310659408,1.191793030785354,-0.3578391671180725,0.1652375310659408,0.3113898336887359,0.3226644992828369,0.6468942165374756,0.4512932300567627,-1.3575546741485596,0.0608047805726528,0.16523751910516477,0.1888187697132285,0.32266445664192256,0.3154514748675031,0.45129324199130505,0.4080117196393011,0.06080478226160754,0.08771803577996734,2,notumor,0.45129324199130505,1.191793016221564,2,notumor,0.4080117196393011,1.2579460226391976
D3B_icdc_glioma,GLIOMA01-i_6561,1.3.6.1.4.1.14519.5.2.1.292789083954857865766838322795931209494,1.3.6.1.4.1.14519.5.2.1.107039555734442993329560765265677753034,FSPGR 3D,BRAIN KNEE COIL/8,HEAD,glioma,collection_level_icdc_glioma,data/processed/D3B_icdc_glioma_selected_slices/GLIOMA01-i_6561/GLIOMA01-i_6561__265677753034__central03_idx0068.png,data/raw/D3B_icdc_glioma/1.3.6.1.4.1.14519.5.2.1.107039555734442993329560765265677753034/1-069.dcm,3,68,136,2,notumor,0.4260438680648803,0.1817550659179687,1.2023630743492266,-0.1841472089290619,0.1817550659179687,0.429138571023941,0.3356086909770965,0.6677350997924805,0.4260438680648803,-1.3509337902069092,0.056592334061861,0.18175508244875724,0.20279661535467122,0.33560868723161463,0.3245758137139658,0.42604389833660866,0.3897453755727202,0.056592331983019585,0.08288219535864272,2,notumor,0.42604389833660866,1.2023630773262928,2,notumor,0.3897453755727202,1.2624434670996374
D3B_icdc_glioma,GLIOMA01-i_6561,1.3.6.1.4.1.14519.5.2.1.292789083954857865766838322795931209494,1.3.6.1.4.1.14519.5.2.1.107039555734442993329560765265677753034,FSPGR 3D,BRAIN KNEE COIL/8,HEAD,glioma,collection_level_icdc_glioma,data/processed/D3B_icdc_glioma_selected_slices/GLIOMA01-i_6561/GLIOMA01-i_6561__265677753034__central04_idx0069.png,data/raw/D3B_icdc_glioma/1.3.6.1.4.1.14519.5.2.1.107039555734442993329560765265677753034/1-070.dcm,4,69,136,2,notumor,0.4384199976921081,0.1123761683702468,1.1013467349234929,-0.6291084885597229,0.1123761683702468,0.6634671688079834,0.4092914760112762,0.7322169542312622,0.4384199976921081,-1.664275050163269,0.0399123318493366,0.11237617269781047,0.14311941576609402,0.40929148754173783,0.38564898325698027,0.4384200070466192,0.4065269826766877,0.039912332713832446,0.06470461830023787,2,notumor,0.4384200070466192,1.1013467391047023,2,notumor,0.4065269826766877,1.188765243650911
D3B_icdc_glioma,GLIOMA01-i_6561,1.3.6.1.4.1.14519.5.2.1.292789083954857865766838322795931209494,1.3.6.1.4.1.14519.5.2.1.107039555734442993329560765265677753034,FSPGR 3D,BRAIN KNEE COIL/8,HEAD,glioma,collection_level_icdc_glioma,data/processed/D3B_icdc_glioma_selected_slices/GLIOMA01-i_6561/GLIOMA01-i_6561__265677753034__central05_idx0070.png,data/raw/D3B_icdc_glioma/1.3.6.1.4.1.14519.5.2.1.107039555734442993329560765265677753034/1-071.dcm,5,70,136,1,meningioma,0.7005609273910522,0.0918840169906616,0.912201459791048,-0.8513540625572205,0.0918840169906616,1.180000066757202,0.7005609273910522,-0.3269646167755127,0.1552313566207885,-1.414431095123291,0.0523237399756908,0.09188402229087736,0.1266989263048103,0.7005608887431979,0.6016133865674951,0.1552313524100643,0.18941805473992335,0.052323736555860346,0.08226963238777113,1,meningioma,0.7005608887431979,0.9122014817348572,1,meningioma,0.6016133865674951,1.0880993380364112
D3B_icdc_glioma,GLIOMA01-i_C3C0,1.3.6.1.4.1.14519.5.2.1.113382896337534967069897355516395220267,1.3.6.1.4.1.14519.5.2.1.107125424522044836954758152178866258390,t1_cor_tse post gad,t1_cor_tse post gad,HEAD,glioma,collection_level_icdc_glioma,data/processed/D3B_icdc_glioma_selected_slices/GLIOMA01-i_C3C0/GLIOMA01-i_C3C0__178866258390__central01_idx0005.png,data/raw/D3B_icdc_glioma/1.3.6.1.4.1.14519.5.2.1.107125424522044836954758152178866258390/1-06.dcm,1,5,14,0,glioma,0.5630186200141907,0.5630186200141907,1.0810152618044842,1.026523470878601,0.5630186200141907,-0.4658990204334259,0.126581996679306,0.2649770379066467,0.2628980278968811,-1.4460299015045166,0.0475014150142669,0.563018591568466,0.4935389062393625,0.12658197963293166,0.1571334215170287,0.26289802436933507,0.2752248102807107,0.047501404429267216,0.07410286196289803,0,glioma,0.563018591568466,1.0810152328709237,0,glioma,0.4935389062393625,1.1872387440111112
D3B_icdc_glioma,GLIOMA01-i_C3C0,1.3.6.1.4.1.14519.5.2.1.113382896337534967069897355516395220267,1.3.6.1.4.1.14519.5.2.1.107125424522044836954758152178866258390,t1_cor_tse post gad,t1_cor_tse post gad,HEAD,glioma,collection_level_icdc_glioma,data/processed/D3B_icdc_glioma_selected_slices/GLIOMA01-i_C3C0/GLIOMA01-i_C3C0__178866258390__central02_idx0006.png,data/raw/D3B_icdc_glioma/1.3.6.1.4.1.14519.5.2.1.107125424522044836954758152178866258390/1-07.dcm,2,6,14,0,glioma,0.6424263715744019,0.6424263715744019,1.0314787058749788,1.1940041780471802,0.6424263715744019,-0.5430725812911987,0.1130890473723411,-0.8579204678535461,0.082543671131134,-0.1840168833732605,0.1619408726692199,0.642426411899849,0.5498151749832053,0.11308904495674607,0.14510472104605765,0.08254368185943063,0.11397802679022914,0.16194086128397434,0.19110207718050778,0,glioma,0.642426411899849,1.0314786872350736,0,glioma,0.5498151749832053,1.1727758813857654
D3B_icdc_glioma,GLIOMA01-i_C3C0,1.3.6.1.4.1.14519.5.2.1.113382896337534967069897355516395220267,1.3.6.1.4.1.14519.5.2.1.107125424522044836954758152178866258390,t1_cor_tse post gad,t1_cor_tse post gad,HEAD,glioma,collection_level_icdc_glioma,data/processed/D3B_icdc_glioma_selected_slices/GLIOMA01-i_C3C0/GLIOMA01-i_C3C0__178866258390__central03_idx0007.png,data/raw/D3B_icdc_glioma/1.3.6.1.4.1.14519.5.2.1.107125424522044836954758152178866258390/1-08.dcm,3,7,14,1,meningioma,0.7104830741882324,0.1891591548919677,0.8482394273327396,0.2545704543590545,0.1891591548919677,1.5779268741607666,0.7104830741882324,-0.7103773355484009,0.0720702111721038,-1.645594358444214,0.0282876081764698,0.18915913693742237,0.2237655895023231,0.7104830387369814,0.6173600210622996,0.07207021594476865,0.10676194077114182,0.028287608380827667,0.05211244866423564,1,meningioma,0.7104830387369814,0.8482394470278642,1,meningioma,0.6173600210622996,1.0255679591596754
D3B_icdc_glioma,GLIOMA01-i_C3C0,1.3.6.1.4.1.14519.5.2.1.113382896337534967069897355516395220267,1.3.6.1.4.1.14519.5.2.1.107125424522044836954758152178866258390,t1_cor_tse post gad,t1_cor_tse post gad,HEAD,glioma,collection_level_icdc_glioma,data/processed/D3B_icdc_glioma_selected_slices/GLIOMA01-i_C3C0/GLIOMA01-i_C3C0__178866258390__central04_idx0008.png,data/raw/D3B_icdc_glioma/1.3.6.1.4.1.14519.5.2.1.107125424522044836954758152178866258390/1-09.dcm,4,8,14,0,glioma,0.6988629698753357,0.6988629698753357,0.9122591416428129,1.3077679872512815,0.6988629698753357,-0.2206006348133087,0.1515758484601974,-0.5946113467216492,0.1042795628309249,-1.4287861585617063,0.0452815890312194,0.6988630026861673,0.6006564471690605,0.15157584254230488,0.1860378965506822,0.1042795630210269,0.13964866003143928,0.045281591750500914,0.0736569962488179,0,glioma,0.6988630026861673,0.9122591212770652,0,glioma,0.6006564471690605,1.0860914710769576
D3B_icdc_glioma,GLIOMA01-i_C3C0,1.3.6.1.4.1.14519.5.2.1.113382896337534967069897355516395220267,1.3.6.1.4.1.14519.5.2.1.107125424522044836954758152178866258390,t1_cor_tse post gad,t1_cor_tse post gad,HEAD,glioma,collection_level_icdc_glioma,data/processed/D3B_icdc_glioma_selected_slices/GLIOMA01-i_C3C0/GLIOMA01-i_C3C0__178866258390__central05_idx0009.png,data/raw/D3B_icdc_glioma/1.3.6.1.4.1.14519.5.2.1.107125424522044836954758152178866258390/1-10.dcm,5,9,14,1,meningioma,0.402776837348938,0.2888283729553222,1.3013978757155134,-0.0471179112792015,0.2888283729553222,0.2854321300983429,0.402776837348938,-0.6461385488510132,0.1586676985025406,-0.704136073589325,0.1497271060943603,0.2888283615351267,0.2835777014193553,0.40277683462775427,0.36595543974860434,0.1586676827432164,0.17912971955841947,0.14972712109390263,0.17133713927362088,1,meningioma,0.40277683462775427,1.3013978734303275,1,meningioma,0.36595543974860434,1.3355577864656234
D3B_icdc_glioma,GLIOMA01-i_BF76,1.3.6.1.4.1.14519.5.2.1.235952234679028716357676607704854589953,1.3.6.1.4.1.14519.5.2.1.118531727331753402487140000387827365827,Ax T1 +C,SM BRAIN-MD/,HEAD,glioma,collection_level_icdc_glioma,data/processed/D3B_icdc_glioma_selected_slices/GLIOMA01-i_BF76/GLIOMA01-i_BF76__387827365827__central01_idx0013.png,data/raw/D3B_icdc_glioma/1.3.6.1.4.1.14519.5.2.1.118531727331753402487140000387827365827/1-14.dcm,1,13,30,1,meningioma,0.98575758934021,0.0055740363895893,0.0851359461474677,-1.391019344329834,0.0055740363895893,3.784271955490112,0.98575758934021,-4.7743353843688965,0.0001891534629976,-0.971533179283142,0.0084791090339422,0.005574035432110288,0.018058327793565723,0.9857577014754575,0.9556823333366808,0.00018915343756375672,0.0013485302326299502,0.00847910965486839,0.02491080863712372,1,meningioma,0.9857577014754575,0.08513583375765901,1,meningioma,0.9556823333366808,0.21670369576943854
D3B_icdc_glioma,GLIOMA01-i_BF76,1.3.6.1.4.1.14519.5.2.1.235952234679028716357676607704854589953,1.3.6.1.4.1.14519.5.2.1.118531727331753402487140000387827365827,Ax T1 +C,SM BRAIN-MD/,HEAD,glioma,collection_level_icdc_glioma,data/processed/D3B_icdc_glioma_selected_slices/GLIOMA01-i_BF76/GLIOMA01-i_BF76__387827365827__central02_idx0014.png,data/raw/D3B_icdc_glioma/1.3.6.1.4.1.14519.5.2.1.118531727331753402487140000387827365827/1-15.dcm,2,14,30,1,meningioma,0.4769123196601867,0.1535080969333648,1.0334464754831805,-0.1945211589336395,0.1535080969333648,0.939058244228363,0.4769123196601867,-3.7006516456604,0.0046072108671069,0.6715474128723145,0.3649724125862121,0.15350807970886438,0.18531826948772798,0.47691229465938906,0.4420363743150461,0.004607211141350658,0.012594992554751808,0.364972414490396,0.3600503636424741,1,meningioma,0.47691229465938906,1.0334464681349038,1,meningioma,0.4420363743150461,1.0961413671673135
D3B_icdc_glioma,GLIOMA01-i_BF76,1.3.6.1.4.1.14519.5.2.1.235952234679028716357676607704854589953,1.3.6.1.4.1.14519.5.2.1.118531727331753402487140000387827365827,Ax T1 +C,SM BRAIN-MD/,HEAD,glioma,collection_level_icdc_glioma,data/processed/D3B_icdc_glioma_selected_slices/GLIOMA01-i_BF76/GLIOMA01-i_BF76__387827365827__central03_idx0015.png,data/raw/D3B_icdc_glioma/1.3.6.1.4.1.14519.5.2.1.118531727331753402487140000387827365827/1-16.dcm,3,15,30,3,pituitary,0.8845708966255188,0.0192778371274471,0.4174434262033676,-1.3447450399398804,0.0192778371274471,0.246689110994339,0.094669334590435,-3.910344123840332,0.0014819474890828,2.4814016819000244,0.8845708966255188,0.019277833915965242,0.04285460523931054,0.0946693302033374,0.14521994228774426,0.0014819471281322446,0.005991314497162256,0.8845708887525652,0.805934137975783,3,pituitary,0.8845708887525652,0.41744341569534865,3,pituitary,0.805934137975783,0.61973538738749
D3B_icdc_glioma,GLIOMA01-i_BF76,1.3.6.1.4.1.14519.5.2.1.235952234679028716357676607704854589953,1.3.6.1.4.1.14519.5.2.1.118531727331753402487140000387827365827,Ax T1 +C,SM BRAIN-MD/,HEAD,glioma,collection_level_icdc_glioma,data/processed/D3B_icdc_glioma_selected_slices/GLIOMA01-i_BF76/GLIOMA01-i_BF76__387827365827__central04_idx0016.png,data/raw/D3B_icdc_glioma/1.3.6.1.4.1.14519.5.2.1.118531727331753402487140000387827365827/1-17.dcm,4,16,30,3,pituitary,0.8224325180053711,0.1538698673248291,0.5435927434998444,0.7456148862838745,0.1538698673248291,-1.1999907493591309,0.0219881031662225,-3.75431489944458,0.0017094594659283,2.42177414894104,0.8224325180053711,0.15386986799419267,0.2052216273373203,0.02198810436678941,0.04615695955794597,0.001709459855151995,0.006509039991439503,0.822432567783866,0.7421123731132943,3,pituitary,0.822432567783866,0.5435927095089843,3,pituitary,0.7421123731132943,0.7210761737914073
D3B_icdc_glioma,GLIOMA01-i_BF76,1.3.6.1.4.1.14519.5.2.1.235952234679028716357676607704854589953,1.3.6.1.4.1.14519.5.2.1.118531727331753402487140000387827365827,Ax T1 +C,SM BRAIN-MD/,HEAD,glioma,collection_level_icdc_glioma,data/processed/D3B_icdc_glioma_selected_slices/GLIOMA01-i_BF76/GLIOMA01-i_BF76__387827365827__central05_idx0017.png,data/raw/D3B_icdc_glioma/1.3.6.1.4.1.14519.5.2.1.118531727331753402487140000387827365827/1-18.dcm,5,17,30,3,pituitary,0.7433164715766907,0.0246557295322418,0.6861688649571527,-1.5134763717651367,0.0246557295322418,0.6924594640731812,0.2238429933786392,-2.616203784942627,0.0081848250702023,1.8926364183425903,0.7433164715766907,0.02465572379649238,0.04881578730076115,0.22384299973406024,0.26500219393610897,0.008184823633408412,0.020955393124037464,0.743316452836039,0.6652266256390924,3,pituitary,0.743316452836039,0.6861688603261846,3,pituitary,0.6652266256390924,0.8515013639209907
D3B_icdc_glioma,GLIOMA01-i_1165,1.3.6.1.4.1.14519.5.2.1.138967438947378494828155132414366986280,1.3.6.1.4.1.14519.5.2.1.119497583346189757803560372667170222172,MP RAGE FS +C SUB,MP RAGE FS +C,HEAD,glioma,collection_level_icdc_glioma,data/processed/D3B_icdc_glioma_selected_slices/GLIOMA01-i_1165/GLIOMA01-i_1165__667170222172__central01_idx0126.png,data/raw/D3B_icdc_glioma/1.3.6.1.4.1.14519.5.2.1.119497583346189757803560372667170222172/1-127.dcm,1,126,256,2,notumor,0.6669032573699951,0.2433552742004394,0.8900667721463027,0.4407533705234527,0.2433552742004394,-1.5223218202590942,0.0341733954846859,1.448875904083252,0.6669032573699951,-1.0361607074737549,0.0555680505931377,0.2433552907126887,0.26949837124680026,0.03417339052582347,0.05980699170909532,0.6669032685718939,0.5838649150502717,0.05556805018959404,0.08682972199383278,2,notumor,0.6669032685718939,0.8900667597592709,2,notumor,0.5838649150502717,1.048183032172097
D3B_icdc_glioma,GLIOMA01-i_1165,1.3.6.1.4.1.14519.5.2.1.138967438947378494828155132414366986280,1.3.6.1.4.1.14519.5.2.1.119497583346189757803560372667170222172,MP RAGE FS +C SUB,MP RAGE FS +C,HEAD,glioma,collection_level_icdc_glioma,data/processed/D3B_icdc_glioma_selected_slices/GLIOMA01-i_1165/GLIOMA01-i_1165__667170222172__central02_idx0127.png,data/raw/D3B_icdc_glioma/1.3.6.1.4.1.14519.5.2.1.119497583346189757803560372667170222172/1-128.dcm,2,127,256,2,notumor,0.9353992342948914,0.0318658836185932,0.3023593740382804,-0.5992574095726013,0.0318658836185932,-1.9879320859909055,0.0079475305974483,2.780179977416992,0.9353992342948914,-0.8504586815834045,0.0247873868793249,0.031865885101127776,0.06442937254670277,0.007947531112553322,0.022211832511249682,0.9353992017964372,0.8602188545323515,0.02478738198988168,0.05313994040969596,2,notumor,0.9353992017964372,0.30235939677952056,2,notumor,0.8602188545323515,0.5467189523178974
D3B_icdc_glioma,GLIOMA01-i_1165,1.3.6.1.4.1.14519.5.2.1.138967438947378494828155132414366986280,1.3.6.1.4.1.14519.5.2.1.119497583346189757803560372667170222172,MP RAGE FS +C SUB,MP RAGE FS +C,HEAD,glioma,collection_level_icdc_glioma,data/processed/D3B_icdc_glioma_selected_slices/GLIOMA01-i_1165/GLIOMA01-i_1165__667170222172__central03_idx0128.png,data/raw/D3B_icdc_glioma/1.3.6.1.4.1.14519.5.2.1.119497583346189757803560372667170222172/1-129.dcm,3,128,256,2,notumor,0.8765343427658081,0.0714567080140113,0.4889118850194778,-0.1832622289657592,0.0714567080140113,-1.7550976276397705,0.0148389693349599,2.3236217498779297,0.8765343427658081,-0.8368520736694336,0.0371700003743171,0.07145671478841639,0.11437434042470648,0.014838964833189309,0.034263145145157534,0.876534318527645,0.7820758202423495,0.03717000185074945,0.0692866941877865,2,notumor,0.876534318527645,0.4889119060959481,2,notumor,0.7820758202423495,0.7407865216555154
D3B_icdc_glioma,GLIOMA01-i_1165,1.3.6.1.4.1.14519.5.2.1.138967438947378494828155132414366986280,1.3.6.1.4.1.14519.5.2.1.119497583346189757803560372667170222172,MP RAGE FS +C SUB,MP RAGE FS +C,HEAD,glioma,collection_level_icdc_glioma,data/processed/D3B_icdc_glioma_selected_slices/GLIOMA01-i_1165/GLIOMA01-i_1165__667170222172__central04_idx0129.png,data/raw/D3B_icdc_glioma/1.3.6.1.4.1.14519.5.2.1.119497583346189757803560372667170222172/1-130.dcm,4,129,256,2,notumor,0.8541711568832397,0.099132053554058,0.5341217918193395,0.0430656336247921,0.099132053554058,-2.0157787799835205,0.0126493843272328,2.196744203567505,0.8541711568832397,-1.0256325006484983,0.0340474396944046,0.09913206650508391,0.1457259310909297,0.012649384433850767,0.030049456059890112,0.8541711095461264,0.7600141442438878,0.034047439514939055,0.06421046860529246,2,notumor,0.8541711095461264,0.5341218486099022,2,notumor,0.7600141442438878,0.7708501243814105
D3B_icdc_glioma,GLIOMA01-i_1165,1.3.6.1.4.1.14519.5.2.1.138967438947378494828155132414366986280,1.3.6.1.4.1.14519.5.2.1.119497583346189757803560372667170222172,MP RAGE FS +C SUB,MP RAGE FS +C,HEAD,glioma,collection_level_icdc_glioma,data/processed/D3B_icdc_glioma_selected_slices/GLIOMA01-i_1165/GLIOMA01-i_1165__667170222172__central05_idx0130.png,data/raw/D3B_icdc_glioma/1.3.6.1.4.1.14519.5.2.1.119497583346189757803560372667170222172/1-131.dcm,5,130,256,2,notumor,0.9194621443748474,0.0445968620479106,0.3561165011578271,-0.4561601281166076,0.0445968620479106,-2.010755777359009,0.009422194212675,2.569965362548828,0.9194621443748474,-0.9759693145751952,0.0265188068151474,0.04459685684774869,0.08225517387083574,0.009422191765624307,0.02496913883781299,0.9194621439509361,0.8375628269044224,0.026518807435691065,0.05521286038692883,2,notumor,0.9194621439509361,0.356116483237617,2,notumor,0.8375628269044224,0.6059994467532093
D3B_icdc_glioma,GLIOMA01-i_8743,1.3.6.1.4.1.14519.5.2.1.292914470163135235245310885293451696300,1.3.6.1.4.1.14519.5.2.1.126374909903560581946131420797090115492,AX FSE T1,BRAIN CARDIAC COIL/4,HEAD,glioma,collection_level_icdc_glioma,data/processed/D3B_icdc_glioma_selected_slices/GLIOMA01-i_8743/GLIOMA01-i_8743__797090115492__central01_idx0012.png,data/raw/D3B_icdc_glioma/1.3.6.1.4.1.14519.5.2.1.126374909903560581946131420797090115492/1-13.dcm,1,12,28,2,notumor,0.3514599502086639,0.1831295192241668,1.3545944194826185,-0.4530951678752899,0.1831295192241668,-0.1178924739360809,0.2560560405254364,0.1988069117069244,0.3514599502086639,-0.3192601799964905,0.209354430437088,0.18312953120508876,0.19802707684338453,0.2560560631508951,0.2560732270527036,0.351459963470226,0.32646845705582944,0.2093544421737901,0.21943123904808254,2,notumor,0.351459963470226,1.354594443260393,2,notumor,0.32646845705582944,1.3677928152617191
D3B_icdc_glioma,GLIOMA01-i_8743,1.3.6.1.4.1.14519.5.2.1.292914470163135235245310885293451696300,1.3.6.1.4.1.14519.5.2.1.126374909903560581946131420797090115492,AX FSE T1,BRAIN CARDIAC COIL/4,HEAD,glioma,collection_level_icdc_glioma,data/processed/D3B_icdc_glioma_selected_slices/GLIOMA01-i_8743/GLIOMA01-i_8743__797090115492__central02_idx0013.png,data/raw/D3B_icdc_glioma/1.3.6.1.4.1.14519.5.2.1.126374909903560581946131420797090115492/1-14.dcm,2,13,28,2,notumor,0.4224123060703277,0.2592857182025909,1.2948179296425326,0.08467348664999,0.2592857182025909,-0.5803386569023132,0.1333421617746353,0.5727246999740601,0.4224123060703277,-0.253118485212326,0.1849598288536071,0.25928571961132435,0.26135374184159815,0.13334216245111274,0.15694437404722483,0.4224122916450972,0.37999219366219644,0.1849598262924657,0.20170969044898052,2,notumor,0.4224122916450972,1.2948179310547232,2,notumor,0.37999219366219644,1.331949518652321
D3B_icdc_glioma,GLIOMA01-i_8743,1.3.6.1.4.1.14519.5.2.1.292914470163135235245310885293451696300,1.3.6.1.4.1.14519.5.2.1.126374909903560581946131420797090115492,AX FSE T1,BRAIN CARDIAC COIL/4,HEAD,glioma,collection_level_icdc_glioma,data/processed/D3B_icdc_glioma_selected_slices/GLIOMA01-i_8743/GLIOMA01-i_8743__797090115492__central03_idx0014.png,data/raw/D3B_icdc_glioma/1.3.6.1.4.1.14519.5.2.1.126374909903560581946131420797090115492/1-15.dcm,3,14,28,3,pituitary,0.3430471420288086,0.162960946559906,1.3477400818619496,-0.5118778347969055,0.162960946559906,-0.2607982158660888,0.2094720304012298,0.0454146079719066,0.2845198810100555,0.232479453086853,0.3430471420288086,0.1629609529717805,0.18131379135301745,0.20947203348227078,0.2198128926718474,0.28451986135134794,0.27799542809717076,0.34304715219460075,0.32087788787796434,3,pituitary,0.34304715219460075,1.3477400844770315,3,pituitary,0.32087788787796434,1.363226046975018
D3B_icdc_glioma,GLIOMA01-i_8743,1.3.6.1.4.1.14519.5.2.1.292914470163135235245310885293451696300,1.3.6.1.4.1.14519.5.2.1.126374909903560581946131420797090115492,AX FSE T1,BRAIN CARDIAC COIL/4,HEAD,glioma,collection_level_icdc_glioma,data/processed/D3B_icdc_glioma_selected_slices/GLIOMA01-i_8743/GLIOMA01-i_8743__797090115492__central04_idx0015.png,data/raw/D3B_icdc_glioma/1.3.6.1.4.1.14519.5.2.1.126374909903560581946131420797090115492/1-16.dcm,4,15,28,2,notumor,0.3618711233139038,0.35711869597435,1.2840479494126054,0.3917134404182434,0.35711869597435,-0.4052012860774994,0.1609596163034439,0.404933363199234,0.3618711233139038,-0.6984419822692871,0.1200505271553993,0.35711870800721035,0.334856155380253,0.16095961828830002,0.1817376999026836,0.36187113388882264,0.33826821782637506,0.12005053981566709,0.14513792689068825,2,notumor,0.36187113388882264,1.2840479657621557,2,notumor,0.33826821782637506,1.323029109216397
D3B_icdc_glioma,GLIOMA01-i_8743,1.3.6.1.4.1.14519.5.2.1.292914470163135235245310885293451696300,1.3.6.1.4.1.14519.5.2.1.126374909903560581946131420797090115492,AX FSE T1,BRAIN CARDIAC COIL/4,HEAD,glioma,collection_level_icdc_glioma,data/processed/D3B_icdc_glioma_selected_slices/GLIOMA01-i_8743/GLIOMA01-i_8743__797090115492__central05_idx0016.png,data/raw/D3B_icdc_glioma/1.3.6.1.4.1.14519.5.2.1.126374909903560581946131420797090115492/1-17.dcm,5,16,28,0,glioma,0.6306957602500916,0.6306957602500916,0.9890257235931346,1.270215392112732,0.6306957602500916,-0.7184643745422363,0.0863271206617355,0.2807636260986328,0.2344803810119629,-1.2951112985610962,0.0484967567026615,0.6306957625430363,0.5477433507743883,0.0863271223313087,0.11919150330791381,0.23448035935806488,0.256471551030374,0.04849675576759025,0.07659359488732381,0,glioma,0.6306957625430363,0.9890257131300609,0,glioma,0.5477433507743883,1.1290143535499269
D3B_icdc_glioma,GLIOMA01-i_FECA,1.3.6.1.4.1.14519.5.2.1.219496406064454363522821095725012577639,1.3.6.1.4.1.14519.5.2.1.129647912181564009003674418318949601014,T1/T/SE  +C,T1/T/SE  +C,HEAD,glioma,collection_level_icdc_glioma,data/processed/D3B_icdc_glioma_selected_slices/GLIOMA01-i_FECA/GLIOMA01-i_FECA__318949601014__central01_idx0006.png,data/raw/D3B_icdc_glioma/1.3.6.1.4.1.14519.5.2.1.129647912181564009003674418318949601014/1-07.dcm,1,6,16,1,meningioma,0.4718326926231384,0.2315319776535034,1.0882807596486883,0.3033514618873596,0.2315319776535034,1.0152579545974731,0.4718326926231384,0.5258495807647705,0.289228230714798,-3.13893985748291,0.007407009601593,0.2315319942723435,0.251025132706616,0.47183274118448754,0.4333296300417538,0.2892282552860742,0.29772851406381934,0.007407009257094647,0.01791672318781077,1,meningioma,0.47183274118448754,1.0882807598233788,1,meningioma,0.4333296300417538,1.1421235756649357
D3B_icdc_glioma,GLIOMA01-i_FECA,1.3.6.1.4.1.14519.5.2.1.219496406064454363522821095725012577639,1.3.6.1.4.1.14519.5.2.1.129647912181564009003674418318949601014,T1/T/SE  +C,T1/T/SE  +C,HEAD,glioma,collection_level_icdc_glioma,data/processed/D3B_icdc_glioma_selected_slices/GLIOMA01-i_FECA/GLIOMA01-i_FECA__318949601014__central02_idx0007.png,data/raw/D3B_icdc_glioma/1.3.6.1.4.1.14519.5.2.1.129647912181564009003674418318949601014/1-08.dcm,2,7,16,1,meningioma,0.8885456323623657,0.051871433854103,0.4469873031681901,-0.544874370098114,0.051871433854103,2.295943260192871,0.8885456323623657,-0.5210868120193481,0.053120132535696,-2.6275808811187744,0.0064627961255609,0.05187144143625514,0.09046118526827139,0.8885456345984873,0.7990969479678242,0.05312012909712264,0.09212653650543191,0.006462794868134777,0.018315330258472665,1,meningioma,0.8885456345984873,0.44698730431319045,1,meningioma,0.7990969479678242,0.6895249765519068
D3B_icdc_glioma,GLIOMA01-i_FECA,1.3.6.1.4.1.14519.5.2.1.219496406064454363522821095725012577639,1.3.6.1.4.1.14519.5.2.1.129647912181564009003674418318949601014,T1/T/SE  +C,T1/T/SE  +C,HEAD,glioma,collection_level_icdc_glioma,data/processed/D3B_icdc_glioma_selected_slices/GLIOMA01-i_FECA/GLIOMA01-i_FECA__318949601014__central03_idx0008.png,data/raw/D3B_icdc_glioma/1.3.6.1.4.1.14519.5.2.1.129647912181564009003674418318949601014/1-09.dcm,3,8,16,1,meningioma,0.9863139390945436,0.0087912762537598,0.0831014359496852,-0.7250708937644958,0.0087912762537598,3.9951441287994394,0.9863139390945436,-1.4453307390213013,0.0042780605144798,-3.382240056991577,0.0006166772218421,0.008791274772317939,0.025616618343966183,0.9863139868964701,0.9563001129348765,0.004278061049878702,0.014744787726123504,0.0006166772813333588,0.0033384809950339324,1,meningioma,0.9863139868964701,0.0831013860398197,1,meningioma,0.9563001129348765,0.21781688861759216
D3B_icdc_glioma,GLIOMA01-i_FECA,1.3.6.1.4.1.14519.5.2.1.219496406064454363522821095725012577639,1.3.6.1.4.1.14519.5.2.1.129647912181564009003674418318949601014,T1/T/SE  +C,T1/T/SE  +C,HEAD,glioma,collection_level_icdc_glioma,data/processed/D3B_icdc_glioma_selected_slices/GLIOMA01-i_FECA/GLIOMA01-i_FECA__318949601014__central04_idx0009.png,data/raw/D3B_icdc_glioma/1.3.6.1.4.1.14519.5.2.1.129647912181564009003674418318949601014/1-10.dcm,4,9,16,1,meningioma,0.9917452931404114,0.0051070833578705,0.0551433775421736,-1.12167489528656,0.0051070833578705,4.147162914276123,0.9917452931404114,-1.9212592840194704,0.0022957143373787,-2.91250228881836,0.0008519742987118,0.005107083197110349,0.01704945283842384,0.9917452282063832,0.9693982507819001,0.0022957143291142297,0.009234386608094627,0.0008519742673923951,0.004317909771581429,1,meningioma,0.9917452282063832,0.055143441018370175,1,meningioma,0.9693982507819001,0.16632024890181918
D3B_icdc_glioma,GLIOMA01-i_FECA,1.3.6.1.4.1.14519.5.2.1.219496406064454363522821095725012577639,1.3.6.1.4.1.14519.5.2.1.129647912181564009003674418318949601014,T1/T/SE  +C,T1/T/SE  +C,HEAD,glioma,collection_level_icdc_glioma,data/processed/D3B_icdc_glioma_selected_slices/GLIOMA01-i_FECA/GLIOMA01-i_FECA__318949601014__central05_idx0010.png,data/raw/D3B_icdc_glioma/1.3.6.1.4.1.14519.5.2.1.129647912181564009003674418318949601014/1-11.dcm,5,10,16,1,meningioma,0.984245240688324,0.0068975673057138,0.097899291820621,-1.4951754808425903,0.0068975673057138,3.465530633926392,0.984245240688324,-1.8282204866409304,0.0049437484703958,-2.0619304180145264,0.0039134291000664,0.0068975687321027115,0.021135380444197924,0.9842452527665396,0.9488078768699395,0.004943749176926124,0.01637152335988935,0.003913429324431546,0.013685219325973271,1,meningioma,0.9842452527665396,0.09789928967062049,1,meningioma,0.9488078768699395,0.2574263913473688
D3B_icdc_glioma,GLIOMA01-i_05CA,1.3.6.1.4.1.14519.5.2.1.204647078142213578871402112392304405271,1.3.6.1.4.1.14519.5.2.1.134195134137667202942465181548202178049,T1 FS TRANS +C,T1 FS TRANS +C,HEAD,glioma,collection_level_icdc_glioma,data/processed/D3B_icdc_glioma_selected_slices/GLIOMA01-i_05CA/GLIOMA01-i_05CA__548202178049__central01_idx0014.png,data/raw/D3B_icdc_glioma/1.3.6.1.4.1.14519.5.2.1.134195134137667202942465181548202178049/1-15.dcm,1,14,32,2,notumor,0.6619040369987488,9.562837658450007e-05,0.6457624420529653,-5.511821269989014,9.562837658450007e-05,-3.499225378036499,0.0007155602797865,3.33058500289917,0.6619040369987488,2.656391859054565,0.3372847139835357,9.562838078657823e-05,0.0007082138971360176,0.0007155600609529224,0.0033148322181505087,0.6619040726394065,0.6239313935313695,0.33728473891885385,0.372045560353344,2,notumor,0.6619040726394065,0.645762421952589,2,notumor,0.6239313935313695,0.68623569162221
D3B_icdc_glioma,GLIOMA01-i_05CA,1.3.6.1.4.1.14519.5.2.1.204647078142213578871402112392304405271,1.3.6.1.4.1.14519.5.2.1.134195134137667202942465181548202178049,T1 FS TRANS +C,T1 FS TRANS +C,HEAD,glioma,collection_level_icdc_glioma,data/processed/D3B_icdc_glioma_selected_slices/GLIOMA01-i_05CA/GLIOMA01-i_05CA__548202178049__central02_idx0015.png,data/raw/D3B_icdc_glioma/1.3.6.1.4.1.14519.5.2.1.134195134137667202942465181548202178049/1-16.dcm,2,15,32,2,notumor,0.617456316947937,0.0003068241931032,0.6733725453391761,-4.451024532318115,0.0003068241931032,-3.5237903594970703,0.0007755009573884,3.156064033508301,0.617456316947937,2.6744654178619385,0.3814614117145538,0.00030682421039921175,0.0017217909162313698,0.0007755009067370145,0.003505877164320947,0.6174562809211838,0.5882053742543913,0.38146139396167983,0.4065669576650563,2,notumor,0.6174562809211838,0.6733725644498598,2,notumor,0.5882053742543913,0.7088392477881833
D3B_icdc_glioma,GLIOMA01-i_05CA,1.3.6.1.4.1.14519.5.2.1.204647078142213578871402112392304405271,1.3.6.1.4.1.14519.5.2.1.134195134137667202942465181548202178049,T1 FS TRANS +C,T1 FS TRANS +C,HEAD,glioma,collection_level_icdc_glioma,data/processed/D3B_icdc_glioma_selected_slices/GLIOMA01-i_05CA/GLIOMA01-i_05CA__548202178049__central03_idx0016.png,data/raw/D3B_icdc_glioma/1.3.6.1.4.1.14519.5.2.1.134195134137667202942465181548202178049/1-17.dcm,3,16,32,3,pituitary,0.7837569713592529,0.0005789268761873,0.675177971211492,-5.291040897369385,0.0005789268761873,-0.1289160400629043,0.1010429784655571,-0.0028297491371631,0.1146211326122284,1.9196369647979736,0.7837569713592529,0.0005789269953052697,0.0027535254403283464,0.10104297894052992,0.14425803826500272,0.11462113957995484,0.15890339984009239,0.7837569544842099,0.6940850364545765,3,pituitary,0.7837569544842099,0.6751779934826423,3,pituitary,0.6940850364545765,0.8412860247137297
D3B_icdc_glioma,GLIOMA01-i_05CA,1.3.6.1.4.1.14519.5.2.1.204647078142213578871402112392304405271,1.3.6.1.4.1.14519.5.2.1.134195134137667202942465181548202178049,T1 FS TRANS +C,T1 FS TRANS +C,HEAD,glioma,collection_level_icdc_glioma,data/processed/D3B_icdc_glioma_selected_slices/GLIOMA01-i_05CA/GLIOMA01-i_05CA__548202178049__central04_idx0017.png,data/raw/D3B_icdc_glioma/1.3.6.1.4.1.14519.5.2.1.134195134137667202942465181548202178049/1-18.dcm,4,17,32,3,pituitary,0.7020505666732788,0.002122284611687,0.6775265791816707,-3.65136194229126,0.002122284611687,-1.7784645557403564,0.0138099668547511,1.2381129264831543,0.2820172011852264,2.1501502990722656,0.7020505666732788,0.0021222846515119684,0.0075043268304097865,0.013809966764289252,0.031556012383603005,0.28201719464590297,0.3189747555194922,0.7020505539382959,0.6419649052664951,3,pituitary,0.7020505539382959,0.6775265855819657,3,pituitary,0.6419649052664951,0.7947776449894008
D3B_icdc_glioma,GLIOMA01-i_05CA,1.3.6.1.4.1.14519.5.2.1.204647078142213578871402112392304405271,1.3.6.1.4.1.14519.5.2.1.134195134137667202942465181548202178049,T1 FS TRANS +C,T1 FS TRANS +C,HEAD,glioma,collection_level_icdc_glioma,data/processed/D3B_icdc_glioma_selected_slices/GLIOMA01-i_05CA/GLIOMA01-i_05CA__548202178049__central05_idx0018.png,data/raw/D3B_icdc_glioma/1.3.6.1.4.1.14519.5.2.1.134195134137667202942465181548202178049/1-19.dcm,5,18,32,3,pituitary,0.5950168967247009,0.0006837113760411,0.7476980044451353,-4.9555344581604,0.0006837113760411,-1.7965210676193235,0.0160995982587337,1.386204719543457,0.3881997168064117,1.813274621963501,0.5950168967247009,0.0006837115360065567,0.003111845454668033,0.016099596494829543,0.0350857399108966,0.3881997382256762,0.40284752226518006,0.5950169537434877,0.5589548923692552,3,pituitary,0.5950169537434877,0.747697971363602,3,pituitary,0.5589548923692552,0.8269034267953687
D3B_icdc_glioma,GLIOMA01-i_D026,1.3.6.1.4.1.14519.5.2.1.147967266238547574979539666384120283684,1.3.6.1.4.1.14519.5.2.1.140279437954891376987651232566447039670,FSPGR 3D,BRAIN CARDIAC COIL/8,HEAD,glioma,collection_level_icdc_glioma,data/processed/D3B_icdc_glioma_selected_slices/GLIOMA01-i_D026/GLIOMA01-i_D026__566447039670__central01_idx0080.png,data/raw/D3B_icdc_glioma/1.3.6.1.4.1.14519.5.2.1.140279437954891376987651232566447039670/1-081.dcm,1,80,164,3,pituitary,0.99378502368927,0.005030149128288,0.0416093217148735,-0.7948318123817444,0.005030149128288,-3.090064525604248,0.0005067268502898,-2.7986860275268555,0.0006781378760933,4.491239547729492,0.99378502368927,0.0050301485278280616,0.016948705570545827,0.0005067268382529305,0.002915459065530698,0.0006781378432524714,0.003645447540426663,0.9937849867906665,0.9764903878234968,3,pituitary,0.9937849867906665,0.04160935552001376,3,pituitary,0.9764903878234968,0.12982670447007866
D3B_icdc_glioma,GLIOMA01-i_D026,1.3.6.1.4.1.14519.5.2.1.147967266238547574979539666384120283684,1.3.6.1.4.1.14519.5.2.1.140279437954891376987651232566447039670,FSPGR 3D,BRAIN CARDIAC COIL/8,HEAD,glioma,collection_level_icdc_glioma,data/processed/D3B_icdc_glioma_selected_slices/GLIOMA01-i_D026/GLIOMA01-i_D026__566447039670__central02_idx0081.png,data/raw/D3B_icdc_glioma/1.3.6.1.4.1.14519.5.2.1.140279437954891376987651232566447039670/1-082.dcm,2,81,164,3,pituitary,0.9971529245376588,0.0015896816039457,0.0220755229769679,-1.4910482168197632,0.0015896816039457,-3.446697473526001,0.0002248964447062,-1.922614336013794,0.0010324843460693,4.950322151184082,0.9971529245376588,0.001589681669305987,0.007058341552443977,0.0002248963907246447,0.0015753305600842743,0.0010324841235317803,0.005069546786848429,0.9971529378164377,0.9862967811006234,3,pituitary,0.9971529378164377,0.02207550838484328,3,pituitary,0.9862967811006234,0.08552881635626775
D3B_icdc_glioma,GLIOMA01-i_D026,1.3.6.1.4.1.14519.5.2.1.147967266238547574979539666384120283684,1.3.6.1.4.1.14519.5.2.1.140279437954891376987651232566447039670,FSPGR 3D,BRAIN CARDIAC COIL/8,HEAD,glioma,collection_level_icdc_glioma,data/processed/D3B_icdc_glioma_selected_slices/GLIOMA01-i_D026/GLIOMA01-i_D026__566447039670__central03_idx0082.png,data/raw/D3B_icdc_glioma/1.3.6.1.4.1.14519.5.2.1.140279437954891376987651232566447039670/1-083.dcm,3,82,164,3,pituitary,0.9942532181739808,0.0046083740890026,0.0389728537900076,-0.7983734607696533,0.0046083740890026,-3.2584025859832764,0.0003937049477826,-2.62106990814209,0.0007446648087352,4.575743198394775,0.9942532181739808,0.004608374994812743,0.015863533654101977,0.0003937048248167414,0.002404831957898517,0.0007446647601837707,0.003920568358396854,0.9942532554201867,0.9778110660296027,3,pituitary,0.9942532554201867,0.038972819583583805,3,pituitary,0.9778110660296027,0.12390285616856744
D3B_icdc_glioma,GLIOMA01-i_D026,1.3.6.1.4.1.14519.5.2.1.147967266238547574979539666384120283684,1.3.6.1.4.1.14519.5.2.1.140279437954891376987651232566447039670,FSPGR 3D,BRAIN CARDIAC COIL/8,HEAD,glioma,collection_level_icdc_glioma,data/processed/D3B_icdc_glioma_selected_slices/GLIOMA01-i_D026/GLIOMA01-i_D026__566447039670__central04_idx0083.png,data/raw/D3B_icdc_glioma/1.3.6.1.4.1.14519.5.2.1.140279437954891376987651232566447039670/1-084.dcm,4,83,164,3,pituitary,0.9959254264831544,0.0024813555646687,0.0302585755561266,-1.396245360374451,0.0024813555646687,-2.854376077651977,0.0005773389129899,-2.289282321929932,0.0010158931836485,4.598621845245361,0.9959254264831544,0.0024813559416585734,0.009896048518353717,0.0005773390620570158,0.003234669391465762,0.0010158931739481741,0.004989246352304833,0.9959254118223363,0.9818800357378757,3,pituitary,0.9959254118223363,0.030258592947022635,3,pituitary,0.9818800357378757,0.10862358635130762
D3B_icdc_glioma,GLIOMA01-i_D026,1.3.6.1.4.1.14519.5.2.1.147967266238547574979539666384120283684,1.3.6.1.4.1.14519.5.2.1.140279437954891376987651232566447039670,FSPGR 3D,BRAIN CARDIAC COIL/8,HEAD,glioma,collection_level_icdc_glioma,data/processed/D3B_icdc_glioma_selected_slices/GLIOMA01-i_D026/GLIOMA01-i_D026__566447039670__central05_idx0084.png,data/raw/D3B_icdc_glioma/1.3.6.1.4.1.14519.5.2.1.140279437954891376987651232566447039670/1-085.dcm,5,84,164,3,pituitary,0.9918036460876464,0.0070829312317073,0.0515076923729973,-0.4205346703529358,0.0070829312317073,-3.3553802967071533,0.0003763792337849,-2.683304071426392,0.0007370630628429,4.521302700042725,0.9918036460876464,0.00708293068386925,0.021964170347309898,0.000376379300591607,0.002313457286612165,0.0007370631976409449,0.003873442873012634,0.9918036268178981,0.9718489294930653,3,pituitary,0.9918036268178981,0.05150771061759157,3,pituitary,0.9718489294930653,0.1471697863573489
D3B_icdc_glioma,GLIOMA01-i_0FF0,1.3.6.1.4.1.14519.5.2.1.158198985759400658053234760166855309047,1.3.6.1.4.1.14519.5.2.1.145185012510140618200318931731146332261,O-Ax T1 SE S,"Brain, Dual Coil/",HEAD,glioma,collection_level_icdc_glioma,data/processed/D3B_icdc_glioma_selected_slices/GLIOMA01-i_0FF0/GLIOMA01-i_0FF0__731146332261__central01_idx0008.png,data/raw/D3B_icdc_glioma/1.3.6.1.4.1.14519.5.2.1.145185012510140618200318931731146332261/1-09.dcm,1,8,20,3,pituitary,0.871325671672821,0.0546489134430885,0.5227570343030404,-0.8872894644737244,0.0546489134430885,-1.3399430513381958,0.0347533375024795,-1.2177060842514038,0.0392720289528369,1.881797194480896,0.871325671672821,0.05464890693506809,0.09221974073508424,0.03475333804929351,0.06517291705669079,0.039272031288052144,0.07157779342514857,0.8713257237275862,0.7710295487830763,3,pituitary,0.8713257237275862,0.5227569835232463,3,pituitary,0.7710295487830763,0.7870198893976987
D3B_icdc_glioma,GLIOMA01-i_0FF0,1.3.6.1.4.1.14519.5.2.1.158198985759400658053234760166855309047,1.3.6.1.4.1.14519.5.2.1.145185012510140618200318931731146332261,O-Ax T1 SE S,"Brain, Dual Coil/",HEAD,glioma,collection_level_icdc_glioma,data/processed/D3B_icdc_glioma_selected_slices/GLIOMA01-i_0FF0/GLIOMA01-i_0FF0__731146332261__central02_idx0009.png,data/raw/D3B_icdc_glioma/1.3.6.1.4.1.14519.5.2.1.145185012510140618200318931731146332261/1-10.dcm,2,9,20,3,pituitary,0.810230016708374,0.1811088919639587,0.5253312895429739,1.1620841026306152,0.1811088919639587,-3.524771451950073,0.0016690305201336,-2.092234373092652,0.0069920932874083,2.660303831100464,0.810230016708374,0.18110888412715453,0.23447712437449278,0.001669030410956099,0.006443746916300555,0.006992093036744694,0.019330647633852074,0.8102299924251446,0.7397484810753546,3,pituitary,0.8102299924251446,0.5253313015800629,3,pituitary,0.7397484810753546,0.6718648657159554
D3B_icdc_glioma,GLIOMA01-i_0FF0,1.3.6.1.4.1.14519.5.2.1.158198985759400658053234760166855309047,1.3.6.1.4.1.14519.5.2.1.145185012510140618200318931731146332261,O-Ax T1 SE S,"Brain, Dual Coil/",HEAD,glioma,collection_level_icdc_glioma,data/processed/D3B_icdc_glioma_selected_slices/GLIOMA01-i_0FF0/GLIOMA01-i_0FF0__731146332261__central03_idx0010.png,data/raw/D3B_icdc_glioma/1.3.6.1.4.1.14519.5.2.1.145185012510140618200318931731146332261/1-11.dcm,3,10,20,3,pituitary,0.9715487957000732,0.026362057775259,0.1379807673187108,0.3449521064758301,0.026362057775259,-3.535478115081787,0.0005441639223136,-2.491973400115967,0.0015449629863724,3.951917886734009,0.9715487957000732,0.026362056830205486,0.05861278072107998,0.0005441640655520177,0.002989586321667212,0.0015449634119112342,0.006655051235896473,0.9715488156923312,0.9317425817213564,3,pituitary,0.9715488156923312,0.1379807486747535,3,pituitary,0.9317425817213564,0.28288084452373835
D3B_icdc_glioma,GLIOMA01-i_0FF0,1.3.6.1.4.1.14519.5.2.1.158198985759400658053234760166855309047,1.3.6.1.4.1.14519.5.2.1.145185012510140618200318931731146332261,O-Ax T1 SE S,"Brain, Dual Coil/",HEAD,glioma,collection_level_icdc_glioma,data/processed/D3B_icdc_glioma_selected_slices/GLIOMA01-i_0FF0/GLIOMA01-i_0FF0__731146332261__central04_idx0011.png,data/raw/D3B_icdc_glioma/1.3.6.1.4.1.14519.5.2.1.145185012510140618200318931731146332261/1-12.dcm,4,11,20,3,pituitary,0.964066743850708,0.0343487784266471,0.1621090218602419,0.6710050106048584,0.0343487784266471,-3.959686040878296,0.0003348325553815,-2.6427040100097656,0.0012496424606069,4.005599021911621,0.964066743850708,0.034348780565839496,0.07139048916323326,0.0003348326133365099,0.002048254879139455,0.0012496424834403546,0.005623493552562607,0.9640667443373837,0.9209377624050648,3,pituitary,0.9640667443373837,0.16210902699940358,3,pituitary,0.9209377624050648,0.3061071746156683
D3B_icdc_glioma,GLIOMA01-i_0FF0,1.3.6.1.4.1.14519.5.2.1.158198985759400658053234760166855309047,1.3.6.1.4.1.14519.5.2.1.145185012510140618200318931731146332261,O-Ax T1 SE S,"Brain, Dual Coil/",HEAD,glioma,collection_level_icdc_glioma,data/processed/D3B_icdc_glioma_selected_slices/GLIOMA01-i_0FF0/GLIOMA01-i_0FF0__731146332261__central05_idx0012.png,data/raw/D3B_icdc_glioma/1.3.6.1.4.1.14519.5.2.1.145185012510140618200318931731146332261/1-13.dcm,5,12,20,0,glioma,0.9066493511199952,0.9066493511199952,0.3303999346626778,3.2119977474212646,0.9066493511199952,-3.942982912063599,0.0007080610957928,-2.249563217163086,0.0038504675030708,0.8885396718978882,0.088792085647583,0.9066493674809738,0.8420026181551288,0.000708061114549095,0.0034861001820787442,0.003850468487152443,0.012774238298502777,0.08879210291732481,0.14173704336428994,0,glioma,0.9066493674809738,0.33039994905753617,0,glioma,0.8420026181551288,0.4971518225428582
D3B_icdc_glioma,GLIOMA01-i_6454,1.3.6.1.4.1.14519.5.2.1.131202284249283473488626711122269899807,1.3.6.1.4.1.14519.5.2.1.14543132867466309601670285112662324635,RAGE FS +C TRANS,MP RAGE FS +C,HEAD,glioma,collection_level_icdc_glioma,data/processed/D3B_icdc_glioma_selected_slices/GLIOMA01-i_6454/GLIOMA01-i_6454__112662324635__central01_idx0019.png,data/raw/D3B_icdc_glioma/1.3.6.1.4.1.14519.5.2.1.14543132867466309601670285112662324635/1-20.dcm,1,19,42,3,pituitary,0.5908880233764648,0.2876369655132293,0.9984602209378618,0.4296369552612304,0.2876369655132293,-1.6720062494277954,0.0351651720702648,-0.7741189002990723,0.0863098204135894,1.149564266204834,0.5908880233764648,0.2876369873109588,0.29996610843024357,0.0351651670310636,0.05985739111679577,0.08630981897096024,0.11916811730037273,0.5908880266870175,0.5210083831525879,3,pituitary,0.5908880266870175,0.9984602108104805,3,pituitary,0.5210083831525879,1.122919408926498
D3B_icdc_glioma,GLIOMA01-i_6454,1.3.6.1.4.1.14519.5.2.1.131202284249283473488626711122269899807,1.3.6.1.4.1.14519.5.2.1.14543132867466309601670285112662324635,RAGE FS +C TRANS,MP RAGE FS +C,HEAD,glioma,collection_level_icdc_glioma,data/processed/D3B_icdc_glioma_selected_slices/GLIOMA01-i_6454/GLIOMA01-i_6454__112662324635__central02_idx0020.png,data/raw/D3B_icdc_glioma/1.3.6.1.4.1.14519.5.2.1.14543132867466309601670285112662324635/1-21.dcm,2,20,42,0,glioma,0.491617202758789,0.491617202758789,0.9722722515994576,1.1635727882385254,0.491617202758789,-1.6677318811416626,0.0289739128202199,-1.0507359504699707,0.0536988526582717,1.0196306705474854,0.4257099628448486,0.4916172439615428,0.45608963846790485,0.02897391043563513,0.052009335989485796,0.053698856957926394,0.08347807596360526,0.4257099886448958,0.40842294957900405,0,glioma,0.4916172439615428,0.9722722381000465,0,glioma,0.45608963846790485,1.0848307998192377
D3B_icdc_glioma,GLIOMA01-i_6454,1.3.6.1.4.1.14519.5.2.1.131202284249283473488626711122269899807,1.3.6.1.4.1.14519.5.2.1.14543132867466309601670285112662324635,RAGE FS +C TRANS,MP RAGE FS +C,HEAD,glioma,collection_level_icdc_glioma,data/processed/D3B_icdc_glioma_selected_slices/GLIOMA01-i_6454/GLIOMA01-i_6454__112662324635__central03_idx0021.png,data/raw/D3B_icdc_glioma/1.3.6.1.4.1.14519.5.2.1.14543132867466309601670285112662324635/1-22.dcm,3,21,42,3,pituitary,0.6964830756187439,0.0250039268285036,0.7816117123721666,-1.5278695821762085,0.0250039268285036,-1.5747913122177124,0.0238577984273433,0.7930079698562622,0.2546551823616028,1.7991410493850708,0.6964830756187439,0.02500392661603153,0.048265547689663534,0.02385779855045573,0.04655967164032775,0.2546551887701851,0.28615930046883414,0.6964830860633275,0.6190154802011746,3,pituitary,0.6964830860633275,0.7816117078283892,3,pituitary,0.6190154802011746,0.9440338548173279
D3B_icdc_glioma,GLIOMA01-i_6454,1.3.6.1.4.1.14519.5.2.1.131202284249283473488626711122269899807,1.3.6.1.4.1.14519.5.2.1.14543132867466309601670285112662324635,RAGE FS +C TRANS,MP RAGE FS +C,HEAD,glioma,collection_level_icdc_glioma,data/processed/D3B_icdc_glioma_selected_slices/GLIOMA01-i_6454/GLIOMA01-i_6454__112662324635__central04_idx0022.png,data/raw/D3B_icdc_glioma/1.3.6.1.4.1.14519.5.2.1.14543132867466309601670285112662324635/1-23.dcm,4,22,42,3,pituitary,0.4434041082859039,0.1193784698843956,1.2451072652282482,-0.7182546257972717,0.1193784698843956,-0.6063182353973389,0.1335178613662719,0.2154856026172638,0.3036995828151703,0.5939280986785889,0.4434041082859039,0.11937846239937175,0.14553038170095084,0.13351785219042417,0.15857480900349408,0.3036995927798004,0.29780830186837054,0.44340409263040365,0.3980865074271845,3,pituitary,0.44340409263040365,1.2451072523379487,3,pituitary,0.3980865074271845,1.2999196857048803
D3B_icdc_glioma,GLIOMA01-i_6454,1.3.6.1.4.1.14519.5.2.1.131202284249283473488626711122269899807,1.3.6.1.4.1.14519.5.2.1.14543132867466309601670285112662324635,RAGE FS +C TRANS,MP RAGE FS +C,HEAD,glioma,collection_level_icdc_glioma,data/processed/D3B_icdc_glioma_selected_slices/GLIOMA01-i_6454/GLIOMA01-i_6454__112662324635__central05_idx0023.png,data/raw/D3B_icdc_glioma/1.3.6.1.4.1.14519.5.2.1.14543132867466309601670285112662324635/1-24.dcm,5,23,42,3,pituitary,0.4851937592029571,0.180217370390892,1.223105619453654,-0.3208134770393371,0.180217370390892,-0.9900201559066772,0.0922919586300849,-0.0248131640255451,0.2422969490289688,0.6695711612701416,0.4851937592029571,0.18021735726479973,0.2003759418247316,0.09229195570257201,0.11994043299355736,0.24229693442793374,0.2514367657447035,0.48519375260469455,0.42824685943700763,3,pituitary,0.48519375260469455,1.2231056017679134,3,pituitary,0.42824685943700763,1.2867827993897123
D3B_icdc_glioma,GLIOMA01-i_A71E,1.3.6.1.4.1.14519.5.2.1.103043962838632210500037872750432735043,1.3.6.1.4.1.14519.5.2.1.14701725966354560681293302391612854512,T1/T/SE  +C,T1/T/SE  +C,HEAD,glioma,collection_level_icdc_glioma,data/processed/D3B_icdc_glioma_selected_slices/GLIOMA01-i_A71E/GLIOMA01-i_A71E__391612854512__central01_idx0008.png,data/raw/D3B_icdc_glioma/1.3.6.1.4.1.14519.5.2.1.14701725966354560681293302391612854512/1-09.dcm,1,8,20,1,meningioma,0.6760462522506714,0.1623193919658661,0.9417031157935432,-0.022409051656723,0.1623193919658661,1.404286503791809,0.6760462522506714,-0.289182186126709,0.1243117824196815,-1.4923774003982544,0.0373225472867488,0.16231939455158623,0.19510681554978399,0.6760462703683986,0.582686350666145,0.12431178824564454,0.15900961173059636,0.03732254683437058,0.06319722205347467,1,meningioma,0.6760462703683986,0.9417031121702404,1,meningioma,0.582686350666145,1.1004618580389516
D3B_icdc_glioma,GLIOMA01-i_A71E,1.3.6.1.4.1.14519.5.2.1.103043962838632210500037872750432735043,1.3.6.1.4.1.14519.5.2.1.14701725966354560681293302391612854512,T1/T/SE  +C,T1/T/SE  +C,HEAD,glioma,collection_level_icdc_glioma,data/processed/D3B_icdc_glioma_selected_slices/GLIOMA01-i_A71E/GLIOMA01-i_A71E__391612854512__central02_idx0009.png,data/raw/D3B_icdc_glioma/1.3.6.1.4.1.14519.5.2.1.14701725966354560681293302391612854512/1-10.dcm,2,9,20,1,meningioma,0.5518640875816345,0.0800474882125854,0.9766610795784644,-0.7526511549949646,0.0800474882125854,1.1780306100845337,0.5518640875816345,0.7162824273109436,0.3477742671966553,-2.1239492893218994,0.0203142333775758,0.08004747973915255,0.11325329776030502,0.5518640448850334,0.4978131681287422,0.3477742414075754,0.3493660333012467,0.02031423396823864,0.03956750080970608,1,meningioma,0.5518640448850334,0.9766610842322145,1,meningioma,0.4978131681287422,1.089118668174984
D3B_icdc_glioma,GLIOMA01-i_A71E,1.3.6.1.4.1.14519.5.2.1.103043962838632210500037872750432735043,1.3.6.1.4.1.14519.5.2.1.14701725966354560681293302391612854512,T1/T/SE  +C,T1/T/SE  +C,HEAD,glioma,collection_level_icdc_glioma,data/processed/D3B_icdc_glioma_selected_slices/GLIOMA01-i_A71E/GLIOMA01-i_A71E__391612854512__central03_idx0010.png,data/raw/D3B_icdc_glioma/1.3.6.1.4.1.14519.5.2.1.14701725966354560681293302391612854512/1-11.dcm,3,10,20,1,meningioma,0.6023628115653992,0.0964142605662345,0.9780044825997624,-0.590535581111908,0.0964142605662345,1.2416701316833496,0.6023628115653992,0.4626933634281158,0.2764094173908233,-1.947803378105164,0.0248134620487689,0.09641427398481521,0.1303485381667156,0.6023628314683246,0.5312808220874452,0.2764094291829706,0.29233790821824024,0.02481346536388954,0.04603273152759891,1,meningioma,0.6023628314683246,0.9780045030642064,1,meningioma,0.5312808220874452,1.1028446521580948
D3B_icdc_glioma,GLIOMA01-i_A71E,1.3.6.1.4.1.14519.5.2.1.103043962838632210500037872750432735043,1.3.6.1.4.1.14519.5.2.1.14701725966354560681293302391612854512,T1/T/SE  +C,T1/T/SE  +C,HEAD,glioma,collection_level_icdc_glioma,data/processed/D3B_icdc_glioma_selected_slices/GLIOMA01-i_A71E/GLIOMA01-i_A71E__391612854512__central04_idx0011.png,data/raw/D3B_icdc_glioma/1.3.6.1.4.1.14519.5.2.1.14701725966354560681293302391612854512/1-12.dcm,4,11,20,1,meningioma,0.968817949295044,0.0085818469524383,0.1708096229151474,-1.6060482263565063,0.0085818469524383,3.1203792095184326,0.968817949295044,-0.9820787906646729,0.016016487032175,-1.871092677116394,0.006583753041923,0.008581847747363546,0.024426436380143926,0.9688179124259275,0.9162238050488011,0.01601648783242809,0.039416110435747206,0.006583751994280734,0.019933648135307708,1,meningioma,0.9688179124259275,0.17080965989699556,1,meningioma,0.9162238050488011,0.3763400658896042
D3B_icdc_glioma,GLIOMA01-i_A71E,1.3.6.1.4.1.14519.5.2.1.103043962838632210500037872750432735043,1.3.6.1.4.1.14519.5.2.1.14701725966354560681293302391612854512,T1/T/SE  +C,T1/T/SE  +C,HEAD,glioma,collection_level_icdc_glioma,data/processed/D3B_icdc_glioma_selected_slices/GLIOMA01-i_A71E/GLIOMA01-i_A71E__391612854512__central05_idx0012.png,data/raw/D3B_icdc_glioma/1.3.6.1.4.1.14519.5.2.1.14701725966354560681293302391612854512/1-13.dcm,5,12,20,1,meningioma,0.9919334053993224,0.0023869986180216,0.0557510235985994,-2.1357905864715576,0.0023869986180216,3.893828630447388,0.9919334053993224,-1.946585774421692,0.0028841823805123,-1.9778149127960205,0.0027955041732639,0.0023869983729230037,0.009507135690617553,0.9919333153882164,0.9687695927932761,0.0028841824428306674,0.010991691920703407,0.002795503796030099,0.0107315795954029,1,meningioma,0.9919333153882164,0.055751110107283425,1,meningioma,0.9687695927932761,0.1732424091363628
D3B_icdc_glioma,GLIOMA01-i_E952,1.3.6.1.4.1.14519.5.2.1.117926907228339261453178550732951473986,1.3.6.1.4.1.14519.5.2.1.149772195201549816296268757789670216014,BRAIN/T1_TRANS,,HEAD,glioma,collection_level_icdc_glioma,data/processed/D3B_icdc_glioma_selected_slices/GLIOMA01-i_E952/GLIOMA01-i_E952__789670216014__central01_idx0007.png,data/raw/D3B_icdc_glioma/1.3.6.1.4.1.14519.5.2.1.149772195201549816296268757789670216014/1-08.dcm,1,7,19,3,pituitary,0.6030884981155396,0.0557346455752849,0.9104171728365316,-1.359477162361145,0.0557346455752849,0.3902151882648468,0.3206320405006408,-2.3574705123901367,0.0205448102205991,1.0219849348068235,0.6030884981155396,0.055734639708209764,0.08694203627695327,0.32063204938662915,0.33263398807762756,0.020544813022532152,0.040443348746831725,0.603088497882629,0.5399806268985875,3,pituitary,0.603088497882629,0.9104171711850564,3,pituitary,0.5399806268985875,1.0409757783211238
D3B_icdc_glioma,GLIOMA01-i_E952,1.3.6.1.4.1.14519.5.2.1.117926907228339261453178550732951473986,1.3.6.1.4.1.14519.5.2.1.149772195201549816296268757789670216014,BRAIN/T1_TRANS,,HEAD,glioma,collection_level_icdc_glioma,data/processed/D3B_icdc_glioma_selected_slices/GLIOMA01-i_E952/GLIOMA01-i_E952__789670216014__central02_idx0008.png,data/raw/D3B_icdc_glioma/1.3.6.1.4.1.14519.5.2.1.149772195201549816296268757789670216014/1-09.dcm,2,8,19,3,pituitary,0.659489095211029,0.0525534860789775,0.9084706525792912,-1.431052565574646,0.0525534860789775,0.1099829375743866,0.2453944236040115,-1.641897678375244,0.0425630360841751,1.0985815525054932,0.659489095211029,0.0525534779880408,0.08285620869492075,0.24539441730273587,0.2701273121239078,0.04256303555798885,0.07048600203314234,0.6594890691512344,0.5765304771480292,3,pituitary,0.6594890691512344,0.9084706483601338,3,pituitary,0.5765304771480292,1.0643889147040129
D3B_icdc_glioma,GLIOMA01-i_E952,1.3.6.1.4.1.14519.5.2.1.117926907228339261453178550732951473986,1.3.6.1.4.1.14519.5.2.1.149772195201549816296268757789670216014,BRAIN/T1_TRANS,,HEAD,glioma,collection_level_icdc_glioma,data/processed/D3B_icdc_glioma_selected_slices/GLIOMA01-i_E952/GLIOMA01-i_E952__789670216014__central03_idx0009.png,data/raw/D3B_icdc_glioma/1.3.6.1.4.1.14519.5.2.1.149772195201549816296268757789670216014/1-10.dcm,3,9,19,0,glioma,0.4747557342052459,0.4747557342052459,1.1997849295956478,0.550434410572052,0.4747557342052459,-0.8823323249816895,0.1132993921637535,-0.9566144347190856,0.105188250541687,0.1136888191103935,0.3067566752433777,0.4747557177924777,0.4231009177857561,0.11329937569932932,0.14101312930300186,0.10518824432772768,0.13320478265491262,0.30675666218046527,0.3026811702563294,0,glioma,0.4747557177924777,1.1997849042377,0,glioma,0.4231009177857561,1.2704088786654826
D3B_icdc_glioma,GLIOMA01-i_E952,1.3.6.1.4.1.14519.5.2.1.117926907228339261453178550732951473986,1.3.6.1.4.1.14519.5.2.1.149772195201549816296268757789670216014,BRAIN/T1_TRANS,,HEAD,glioma,collection_level_icdc_glioma,data/processed/D3B_icdc_glioma_selected_slices/GLIOMA01-i_E952/GLIOMA01-i_E952__789670216014__central04_idx0010.png,data/raw/D3B_icdc_glioma/1.3.6.1.4.1.14519.5.2.1.149772195201549816296268757789670216014/1-11.dcm,4,10,19,0,glioma,0.690740168094635,0.690740168094635,0.8570409420247591,1.4437196254730225,0.690740168094635,-0.6579350233078003,0.0844457373023033,-2.333113193511963,0.0158145576715469,0.2482880353927612,0.2089995592832565,0.6907401578184899,0.6043812330358714,0.08444572889081178,0.12060151243566981,0.015814557809542704,0.03337589823732566,0.20899955548115567,0.24164135629113317,0,glioma,0.6907401578184899,0.8570409344045309,0,glioma,0.6043812330358714,1.0161190030894907
D3B_icdc_glioma,GLIOMA01-i_E952,1.3.6.1.4.1.14519.5.2.1.117926907228339261453178550732951473986,1.3.6.1.4.1.14519.5.2.1.149772195201549816296268757789670216014,BRAIN/T1_TRANS,,HEAD,glioma,collection_level_icdc_glioma,data/processed/D3B_icdc_glioma_selected_slices/GLIOMA01-i_E952/GLIOMA01-i_E952__789670216014__central05_idx0011.png,data/raw/D3B_icdc_glioma/1.3.6.1.4.1.14519.5.2.1.149772195201549816296268757789670216014/1-12.dcm,5,11,19,0,glioma,0.955948531627655,0.955948531627655,0.2255778330877567,2.945009469985962,0.955948531627655,-1.2969977855682373,0.0137452976778149,-1.8223646879196167,0.0081281224265694,-0.8185939192771912,0.0221779942512512,0.9559485800979207,0.8926370220774109,0.013745298928479591,0.03450404954176782,0.008128122541534734,0.02306195328520958,0.022177998432064843,0.04979697509561164,0,glioma,0.9559485800979207,0.22557780309289946,0,glioma,0.8926370220774109,0.45386020779867775
D3B_icdc_glioma,GLIOMA01-i_2C4F,1.3.6.1.4.1.14519.5.2.1.291980711097592015449079747618518953007,1.3.6.1.4.1.14519.5.2.1.151890012878496215654971844639837033156,RAGE FS TRANS +C,MP RAGE FS +C,HEAD,glioma,collection_level_icdc_glioma,data/processed/D3B_icdc_glioma_selected_slices/GLIOMA01-i_2C4F/GLIOMA01-i_2C4F__639837033156__central01_idx0029.png,data/raw/D3B_icdc_glioma/1.3.6.1.4.1.14519.5.2.1.151890012878496215654971844639837033156/1-30.dcm,1,29,62,1,meningioma,0.8792746067047119,0.0753127709031105,0.4667226944958642,-0.0683894678950309,0.0753127709031105,2.3890581130981445,0.8792746067047119,-0.7254327535629272,0.0390407629311084,-2.538150787353516,0.0063718403689563,0.07531276896191941,0.11993092863984256,0.8792746233860604,0.7895626758402859,0.039040767055477085,0.07246065619166636,0.006371840596543058,0.018045739328205218,1,meningioma,0.8792746233860604,0.46672268705640524,1,meningioma,0.7895626758402859,0.7035481645788615
D3B_icdc_glioma,GLIOMA01-i_2C4F,1.3.6.1.4.1.14519.5.2.1.291980711097592015449079747618518953007,1.3.6.1.4.1.14519.5.2.1.151890012878496215654971844639837033156,RAGE FS TRANS +C,MP RAGE FS +C,HEAD,glioma,collection_level_icdc_glioma,data/processed/D3B_icdc_glioma_selected_slices/GLIOMA01-i_2C4F/GLIOMA01-i_2C4F__639837033156__central02_idx0030.png,data/raw/D3B_icdc_glioma/1.3.6.1.4.1.14519.5.2.1.151890012878496215654971844639837033156/1-31.dcm,2,30,62,1,meningioma,0.8682106733322144,0.08854641020298,0.4879768538966836,0.2060674428939819,0.08854641020298,2.4889748096466064,0.8682106733322144,-0.6248969435691833,0.0385733842849731,-2.7363977432250977,0.0046695470809936,0.08854642516369042,0.13527841282638844,0.8682106411401121,0.7790280892504591,0.0385733879026302,0.07152781621551474,0.004669545793567263,0.014165681707637781,1,meningioma,0.8682106411401121,0.48797690538355476,1,meningioma,0.7790280892504591,0.7141124192520895
D3B_icdc_glioma,GLIOMA01-i_2C4F,1.3.6.1.4.1.14519.5.2.1.291980711097592015449079747618518953007,1.3.6.1.4.1.14519.5.2.1.151890012878496215654971844639837033156,RAGE FS TRANS +C,MP RAGE FS +C,HEAD,glioma,collection_level_icdc_glioma,data/processed/D3B_icdc_glioma_selected_slices/GLIOMA01-i_2C4F/GLIOMA01-i_2C4F__639837033156__central03_idx0031.png,data/raw/D3B_icdc_glioma/1.3.6.1.4.1.14519.5.2.1.151890012878496215654971844639837033156/1-32.dcm,3,31,62,1,meningioma,0.9698643684387208,0.0275022834539413,0.1458648624587184,0.2419274747371673,0.0275022834539413,3.804814577102661,0.9698643684387208,-2.5473825931549072,0.0016903897048905,-3.131014108657837,0.000943015620578,0.027502284479020624,0.06038193732304795,0.9698643104244838,0.9279620432844272,0.0016903895499369758,0.007110898683986877,0.0009430155465584564,0.004545120708537981,1,meningioma,0.9698643104244838,0.1458649200805861,1,meningioma,0.9279620432844272,0.29856103726340444
D3B_icdc_glioma,GLIOMA01-i_2C4F,1.3.6.1.4.1.14519.5.2.1.291980711097592015449079747618518953007,1.3.6.1.4.1.14519.5.2.1.151890012878496215654971844639837033156,RAGE FS TRANS +C,MP RAGE FS +C,HEAD,glioma,collection_level_icdc_glioma,data/processed/D3B_icdc_glioma_selected_slices/GLIOMA01-i_2C4F/GLIOMA01-i_2C4F__639837033156__central04_idx0032.png,data/raw/D3B_icdc_glioma/1.3.6.1.4.1.14519.5.2.1.151890012878496215654971844639837033156/1-33.dcm,4,32,62,1,meningioma,0.98500394821167,0.0129856392741203,0.0851523646052418,-0.2052029967308044,0.0129856392741203,4.123598575592041,0.98500394821167,-2.8987298011779785,0.0008783740922808,-2.6450417041778564,0.0011320217745378,0.012985639507999965,0.0345640911086769,0.9850039644383891,0.9557337071636023,0.0008783740853260079,0.004380697877022807,0.0011320219682847317,0.005321503850698205,1,meningioma,0.9850039644383891,0.08515235048436896,1,meningioma,0.9557337071636023,0.21123082400171406
D3B_icdc_glioma,GLIOMA01-i_2C4F,1.3.6.1.4.1.14519.5.2.1.291980711097592015449079747618518953007,1.3.6.1.4.1.14519.5.2.1.151890012878496215654971844639837033156,RAGE FS TRANS +C,MP RAGE FS +C,HEAD,glioma,collection_level_icdc_glioma,data/processed/D3B_icdc_glioma_selected_slices/GLIOMA01-i_2C4F/GLIOMA01-i_2C4F__639837033156__central05_idx0033.png,data/raw/D3B_icdc_glioma/1.3.6.1.4.1.14519.5.2.1.151890012878496215654971844639837033156/1-34.dcm,5,33,62,1,meningioma,0.9811718463897704,0.017694791778922,0.0984944978100801,0.4284593462944031,0.017694791778922,4.443936347961426,0.9811718463897704,-3.206162691116333,0.0004670349590014,-2.850721836090088,0.0006663696840405,0.017694795728462914,0.043692095464489836,0.9811717997239373,0.9500830479640557,0.00046703481783256807,0.0026908427042233386,0.0006663697297673748,0.0035340138672311314,1,meningioma,0.9811717997239373,0.09849455492095911,1,meningioma,0.9500830479640557,0.22130657390324865
D3B_icdc_glioma,GLIOMA01-i_51A5,1.3.6.1.4.1.14519.5.2.1.237825955229018344850174911332763633144,1.3.6.1.4.1.14519.5.2.1.152746322830901759275276801603448021196,MP RAGE FS +C,MP RAGE FS +C,HEAD,glioma,collection_level_icdc_glioma,data/processed/D3B_icdc_glioma_selected_slices/GLIOMA01-i_51A5/GLIOMA01-i_51A5__603448021196__central01_idx0126.png,data/raw/D3B_icdc_glioma/1.3.6.1.4.1.14519.5.2.1.152746322830901759275276801603448021196/1-127.dcm,1,126,256,2,notumor,0.5595570802688599,0.239029586315155,1.0092806870938975,0.0236319154500961,0.239029586315155,-4.071496486663818,0.0039807059802114,0.874190092086792,0.5595570802688599,-0.1675583124160766,0.197432592511177,0.23902960424217648,0.26131575781146255,0.003980705278572566,0.011305217552247027,0.5595571056336719,0.5017008816081949,0.19743258484557913,0.2256781430280955,2,notumor,0.5595571056336719,1.0092806762391258,2,notumor,0.5017008816081949,1.0833715437201283
D3B_icdc_glioma,GLIOMA01-i_51A5,1.3.6.1.4.1.14519.5.2.1.237825955229018344850174911332763633144,1.3.6.1.4.1.14519.5.2.1.152746322830901759275276801603448021196,MP RAGE FS +C,MP RAGE FS +C,HEAD,glioma,collection_level_icdc_glioma,data/processed/D3B_icdc_glioma_selected_slices/GLIOMA01-i_51A5/GLIOMA01-i_51A5__603448021196__central02_idx0127.png,data/raw/D3B_icdc_glioma/1.3.6.1.4.1.14519.5.2.1.152746322830901759275276801603448021196/1-128.dcm,2,127,256,2,notumor,0.5051655173301697,0.4608510434627533,0.8282934389321329,1.118118166923523,0.4608510434627533,-3.746145009994507,0.0035566224250942,1.2099294662475586,0.5051655173301697,-1.5996311902999878,0.0304268449544906,0.46085101689278846,0.45017864761712234,0.0035566235012046555,0.010797845243801374,0.5051655090738709,0.483017358663733,0.03042685053213603,0.05600614847534333,2,notumor,0.5051655090738709,0.8282934664310987,2,notumor,0.483017358663733,0.9211086919855431
D3B_icdc_glioma,GLIOMA01-i_51A5,1.3.6.1.4.1.14519.5.2.1.237825955229018344850174911332763633144,1.3.6.1.4.1.14519.5.2.1.152746322830901759275276801603448021196,MP RAGE FS +C,MP RAGE FS +C,HEAD,glioma,collection_level_icdc_glioma,data/processed/D3B_icdc_glioma_selected_slices/GLIOMA01-i_51A5/GLIOMA01-i_51A5__603448021196__central03_idx0128.png,data/raw/D3B_icdc_glioma/1.3.6.1.4.1.14519.5.2.1.152746322830901759275276801603448021196/1-129.dcm,3,128,256,2,notumor,0.5323083996772766,0.4242672920227051,0.8416860775840553,1.2240493297576904,0.4242672920227051,-4.513299465179443,0.0013675419613718,1.4509087800979614,0.5323083996772766,-1.0872948169708252,0.0420567244291305,0.424267284874949,0.42154825086522274,0.0013675418396105663,0.005176276252055955,0.5323084400229852,0.5016525937308365,0.04205673326245528,0.07162287915188484,2,notumor,0.5323084400229852,0.8416860821728711,2,notumor,0.5016525937308365,0.9262745241642126
D3B_icdc_glioma,GLIOMA01-i_51A5,1.3.6.1.4.1.14519.5.2.1.237825955229018344850174911332763633144,1.3.6.1.4.1.14519.5.2.1.152746322830901759275276801603448021196,MP RAGE FS +C,MP RAGE FS +C,HEAD,glioma,collection_level_icdc_glioma,data/processed/D3B_icdc_glioma_selected_slices/GLIOMA01-i_51A5/GLIOMA01-i_51A5__603448021196__central04_idx0129.png,data/raw/D3B_icdc_glioma/1.3.6.1.4.1.14519.5.2.1.152746322830901759275276801603448021196/1-130.dcm,4,129,256,0,glioma,0.8919617533683777,0.8919617533683777,0.3656540285498303,2.877943515777588,0.8919617533683777,-4.047548770904541,0.0008762805373407,0.7175154685974121,0.1028215736150741,-2.447507858276367,0.0043404232710599,0.8919617244316097,0.8247228507563014,0.0008762804728075447,0.004071606370097388,0.10282157192641603,0.15731686079234344,0.0043404231691667435,0.013888682081257812,0,glioma,0.8919617244316097,0.36565405118341116,0,glioma,0.8247228507563014,0.5316935110225757
D3B_icdc_glioma,GLIOMA01-i_51A5,1.3.6.1.4.1.14519.5.2.1.237825955229018344850174911332763633144,1.3.6.1.4.1.14519.5.2.1.152746322830901759275276801603448021196,MP RAGE FS +C,MP RAGE FS +C,HEAD,glioma,collection_level_icdc_glioma,data/processed/D3B_icdc_glioma_selected_slices/GLIOMA01-i_51A5/GLIOMA01-i_51A5__603448021196__central05_idx0130.png,data/raw/D3B_icdc_glioma/1.3.6.1.4.1.14519.5.2.1.152746322830901759275276801603448021196/1-131.dcm,5,130,256,0,glioma,0.9353863000869752,0.9353863000869752,0.2898861893229074,2.6600561141967773,0.9353863000869752,-3.7881057262420654,0.001481118495576,-0.6212319731712341,0.0351516492664814,-0.8493797779083252,0.0279809441417455,0.9353862895661005,0.8653024971941498,0.0014811187989804111,0.0061602892502353995,0.03515164795022718,0.06987657753373037,0.027980943684691912,0.058660636021884406,0,glioma,0.9353862895661005,0.2898861965461439,0,glioma,0.8653024971941498,0.5088462832700403
D3B_icdc_glioma,GLIOMA01-i_B02B,1.3.6.1.4.1.14519.5.2.1.48000078879291226449747674378581962603,1.3.6.1.4.1.14519.5.2.1.158450620566163718321055713384281015557,O-Ax T1 SE S,,HEAD,glioma,collection_level_icdc_glioma,data/processed/D3B_icdc_glioma_selected_slices/GLIOMA01-i_B02B/GLIOMA01-i_B02B__384281015557__central01_idx0007.png,data/raw/D3B_icdc_glioma/1.3.6.1.4.1.14519.5.2.1.158450620566163718321055713384281015557/1-08.dcm,1,7,19,0,glioma,0.4354824125766754,0.4354824125766754,1.2022295262148548,0.5792217254638672,0.4354824125766754,-1.1119208335876465,0.0802632495760917,-0.5918141603469849,0.1350194066762924,0.3585121631622314,0.3492349684238434,0.4354824126859673,0.39603397667198986,0.08026324958438241,0.10826689931807425,0.13501940724515912,0.16133097373787603,0.3492349304844912,0.33436815027205985,0,glioma,0.4354824126859673,1.2022295248059955,0,glioma,0.39603397667198986,1.2681429398996644
D3B_icdc_glioma,GLIOMA01-i_B02B,1.3.6.1.4.1.14519.5.2.1.48000078879291226449747674378581962603,1.3.6.1.4.1.14519.5.2.1.158450620566163718321055713384281015557,O-Ax T1 SE S,,HEAD,glioma,collection_level_icdc_glioma,data/processed/D3B_icdc_glioma_selected_slices/GLIOMA01-i_B02B/GLIOMA01-i_B02B__384281015557__central02_idx0008.png,data/raw/D3B_icdc_glioma/1.3.6.1.4.1.14519.5.2.1.158450620566163718321055713384281015557/1-09.dcm,2,8,19,0,glioma,0.7320717573165894,0.7320717573165894,0.7277146680997579,1.9230324029922483,0.7320717573165894,-2.0537564754486084,0.0137232234701514,-1.2697051763534546,0.0300583634525537,0.7394548654556274,0.2241467535495758,0.7320716818896913,0.6505046699916637,0.013723223680099204,0.03081604092312745,0.03005836092023757,0.05622195250947907,0.22414673350997194,0.26245733657572984,0,glioma,0.7320716818896913,0.7277147044220209,0,glioma,0.6505046699916637,0.8998650391486751
D3B_icdc_glioma,GLIOMA01-i_B02B,1.3.6.1.4.1.14519.5.2.1.48000078879291226449747674378581962603,1.3.6.1.4.1.14519.5.2.1.158450620566163718321055713384281015557,O-Ax T1 SE S,,HEAD,glioma,collection_level_icdc_glioma,data/processed/D3B_icdc_glioma_selected_slices/GLIOMA01-i_B02B/GLIOMA01-i_B02B__384281015557__central03_idx0009.png,data/raw/D3B_icdc_glioma/1.3.6.1.4.1.14519.5.2.1.158450620566163718321055713384281015557/1-10.dcm,3,9,19,3,pituitary,0.9993706345558168,0.0002199002046836,0.0059305548455343,-2.540116548538208,0.0002199002046836,-3.0770223140716557,0.0001285436592297,-2.294995784759521,0.000280983193079,5.881590366363525,0.9993706345558168,0.00021990024635354483,0.0015602469125794935,0.00012854361361632006,0.0010336566931789845,0.00028098317206106803,0.0018829164571723949,0.999370572967969,0.9955231799370692,3,pituitary,0.999370572967969,0.005930616189995851,3,pituitary,0.9955231799370692,0.03347172736138195
D3B_icdc_glioma,GLIOMA01-i_B02B,1.3.6.1.4.1.14519.5.2.1.48000078879291226449747674378581962603,1.3.6.1.4.1.14519.5.2.1.158450620566163718321055713384281015557,O-Ax T1 SE S,,HEAD,glioma,collection_level_icdc_glioma,data/processed/D3B_icdc_glioma_selected_slices/GLIOMA01-i_B02B/GLIOMA01-i_B02B__384281015557__central04_idx0010.png,data/raw/D3B_icdc_glioma/1.3.6.1.4.1.14519.5.2.1.158450620566163718321055713384281015557/1-11.dcm,4,10,19,3,pituitary,0.9220207929611206,0.0057781152427196,0.3178841568511134,-2.3911380767822266,0.0057781152427196,0.0287993680685758,0.0649757981300354,-2.167621612548828,0.0072253379039466,2.681352138519287,0.9220207929611206,0.005778115008488643,0.017393175163694742,0.06497580379243756,0.1112606250541596,0.007225337680047296,0.020645302764048776,0.9220207435190265,0.8507008970180968,3,pituitary,0.9220207435190265,0.3178842102433805,3,pituitary,0.8507008970180968,0.5324496093689177
D3B_icdc_glioma,GLIOMA01-i_B02B,1.3.6.1.4.1.14519.5.2.1.48000078879291226449747674378581962603,1.3.6.1.4.1.14519.5.2.1.158450620566163718321055713384281015557,O-Ax T1 SE S,,HEAD,glioma,collection_level_icdc_glioma,data/processed/D3B_icdc_glioma_selected_slices/GLIOMA01-i_B02B/GLIOMA01-i_B02B__384281015557__central05_idx0011.png,data/raw/D3B_icdc_glioma/1.3.6.1.4.1.14519.5.2.1.158450620566163718321055713384281015557/1-12.dcm,5,11,19,3,pituitary,0.8102551698684692,0.1377456039190292,0.6153322615626223,0.1023624017834663,0.1377456039190292,-0.9887079000473022,0.0462628044188022,-3.076209545135498,0.0057364255189895,1.874303102493286,0.8102551698684692,0.13774560209930742,0.18476545048216989,0.046262801692463947,0.08002739727979594,0.005736427179401088,0.016143368066854333,0.8102551690288275,0.7190637841711799,3,pituitary,0.8102551690288275,0.6153322616940018,3,pituitary,0.7190637841711799,0.8178701003402504
D3B_icdc_glioma,GLIOMA01-i_8228,1.3.6.1.4.1.14519.5.2.1.291836991082241242236980188284146645457,1.3.6.1.4.1.14519.5.2.1.160517712131822755904251928055723278732,MP RAGE TRANS +C,MP RAGE FS +C,HEAD,glioma,collection_level_icdc_glioma,data/processed/D3B_icdc_glioma_selected_slices/GLIOMA01-i_8228/GLIOMA01-i_8228__055723278732__central01_idx0022.png,data/raw/D3B_icdc_glioma/1.3.6.1.4.1.14519.5.2.1.160517712131822755904251928055723278732/1-23.dcm,1,22,49,1,meningioma,0.7676804661750793,0.053983561694622,0.7797574445805056,-1.242758870124817,0.053983561694622,1.411935329437256,0.7676804661750793,-1.1882537603378296,0.0570075958967208,-0.4329378008842468,0.1213283389806747,0.053983553305802796,0.08648931149340569,0.7676805002769369,0.6623858407192814,0.057007597108006784,0.0901810779237283,0.12132834930925361,0.1609437698635846,1,meningioma,0.7676805002769369,0.7797574171113283,1,meningioma,0.6623858407192814,0.9955101573301048
D3B_icdc_glioma,GLIOMA01-i_8228,1.3.6.1.4.1.14519.5.2.1.291836991082241242236980188284146645457,1.3.6.1.4.1.14519.5.2.1.160517712131822755904251928055723278732,MP RAGE TRANS +C,MP RAGE FS +C,HEAD,glioma,collection_level_icdc_glioma,data/processed/D3B_icdc_glioma_selected_slices/GLIOMA01-i_8228/GLIOMA01-i_8228__055723278732__central02_idx0023.png,data/raw/D3B_icdc_glioma/1.3.6.1.4.1.14519.5.2.1.160517712131822755904251928055723278732/1-24.dcm,2,23,49,3,pituitary,0.4142259955406189,0.1656284779310226,1.2784568720264886,-0.4840665459632873,0.1656284779310226,0.1107188165187835,0.3002250790596008,-0.8069852590560913,0.1199204176664352,0.4325980842113495,0.4142259955406189,0.16562846688113272,0.1859310923754788,0.3002250893377373,0.2933903938680554,0.11992042712543287,0.14514551322681246,0.4142260166556971,0.3755330005296534,3,pituitary,0.4142260166556971,1.278456873394743,3,pituitary,0.3755330005296534,1.3205108004486672
D3B_icdc_glioma,GLIOMA01-i_8228,1.3.6.1.4.1.14519.5.2.1.291836991082241242236980188284146645457,1.3.6.1.4.1.14519.5.2.1.160517712131822755904251928055723278732,MP RAGE TRANS +C,MP RAGE FS +C,HEAD,glioma,collection_level_icdc_glioma,data/processed/D3B_icdc_glioma_selected_slices/GLIOMA01-i_8228/GLIOMA01-i_8228__055723278732__central03_idx0024.png,data/raw/D3B_icdc_glioma/1.3.6.1.4.1.14519.5.2.1.160517712131822755904251928055723278732/1-25.dcm,3,24,49,3,pituitary,0.4098109006881714,0.1387771368026733,1.2259753013722483,-0.4731436967849731,0.1387771368026733,-0.8918810486793518,0.0912982895970344,0.4804064929485321,0.3601136207580566,0.6096827983856201,0.4098109006881714,0.13877715124197257,0.16400826450066563,0.09129829075348835,0.11896106197816071,0.3601136254292827,0.3407584173998349,0.40981093257525647,0.37627225612133886,3,pituitary,0.40981093257525647,1.2259753137183318,3,pituitary,0.37627225612133886,1.2844023119081123
D3B_icdc_glioma,GLIOMA01-i_8228,1.3.6.1.4.1.14519.5.2.1.291836991082241242236980188284146645457,1.3.6.1.4.1.14519.5.2.1.160517712131822755904251928055723278732,MP RAGE TRANS +C,MP RAGE FS +C,HEAD,glioma,collection_level_icdc_glioma,data/processed/D3B_icdc_glioma_selected_slices/GLIOMA01-i_8228/GLIOMA01-i_8228__055723278732__central04_idx0025.png,data/raw/D3B_icdc_glioma/1.3.6.1.4.1.14519.5.2.1.160517712131822755904251928055723278732/1-26.dcm,4,25,49,3,pituitary,0.5352227091789246,0.0400431528687477,1.0123204847808325,-1.4719444513320925,0.0400431528687477,-0.956555724143982,0.0670438110828399,0.7177654504776001,0.3576903045177459,1.1207809448242188,0.5352227091789246,0.040043149408040477,0.06600934704555632,0.06704381327074074,0.09800679248005752,0.3576902933852436,0.35390813410380406,0.5352227439359751,0.48207572637058205,3,pituitary,0.5352227439359751,1.0123204674863182,3,pituitary,0.48207572637058205,1.1264121148520152
D3B_icdc_glioma,GLIOMA01-i_8228,1.3.6.1.4.1.14519.5.2.1.291836991082241242236980188284146645457,1.3.6.1.4.1.14519.5.2.1.160517712131822755904251928055723278732,MP RAGE TRANS +C,MP RAGE FS +C,HEAD,glioma,collection_level_icdc_glioma,data/processed/D3B_icdc_glioma_selected_slices/GLIOMA01-i_8228/GLIOMA01-i_8228__055723278732__central05_idx0026.png,data/raw/D3B_icdc_glioma/1.3.6.1.4.1.14519.5.2.1.160517712131822755904251928055723278732/1-27.dcm,5,26,49,3,pituitary,0.4419794380664825,0.1501820683479309,1.2800795459957697,-0.6332678198814392,0.1501820683479309,-0.6291893720626831,0.1507958322763443,-0.0958741605281829,0.2570426166057586,0.4461471736431122,0.4419794380664825,0.15018207260421168,0.1723729424115105,0.1507958330949473,0.17291291262012345,0.2570426526465956,0.26028467549835005,0.4419794416542454,0.39442946947001595,3,pituitary,0.4419794416542454,1.2800795628017911,3,pituitary,0.39442946947001595,1.3237859026599033
D3B_icdc_glioma,GLIOMA01-i_C04D,1.3.6.1.4.1.14519.5.2.1.121345376366510123923307224527563758327,1.3.6.1.4.1.14519.5.2.1.163164444750352772952095286288968100907,Ax_T1_fl2d post,Ax_T1_fl2d post,HEAD,glioma,collection_level_icdc_glioma,data/processed/D3B_icdc_glioma_selected_slices/GLIOMA01-i_C04D/GLIOMA01-i_C04D__288968100907__central01_idx0013.png,data/raw/D3B_icdc_glioma/1.3.6.1.4.1.14519.5.2.1.163164444750352772952095286288968100907/1-14.dcm,1,13,30,1,meningioma,0.9034685492515564,0.0335303507745265,0.4130003764411917,-1.1311715841293335,0.0335303507745265,2.162618637084961,0.9034685492515564,-0.7500801086425781,0.0490844659507274,-2.0105397701263428,0.0139166042208671,0.03353035359026769,0.06514016136326328,0.9034685741911416,0.8144210869134432,0.04908446459622953,0.08725126518748746,0.013916607622361148,0.03318748653580598,1,meningioma,0.9034685741911416,0.41300036918841115,1,meningioma,0.8144210869134432,0.6709195877309476
D3B_icdc_glioma,GLIOMA01-i_C04D,1.3.6.1.4.1.14519.5.2.1.121345376366510123923307224527563758327,1.3.6.1.4.1.14519.5.2.1.163164444750352772952095286288968100907,Ax_T1_fl2d post,Ax_T1_fl2d post,HEAD,glioma,collection_level_icdc_glioma,data/processed/D3B_icdc_glioma_selected_slices/GLIOMA01-i_C04D/GLIOMA01-i_C04D__288968100907__central02_idx0014.png,data/raw/D3B_icdc_glioma/1.3.6.1.4.1.14519.5.2.1.163164444750352772952095286288968100907/1-15.dcm,2,14,30,2,notumor,0.4421632587909698,0.0301221441477537,1.093841426344416,-2.061232089996338,0.0301221441477537,0.5289801359176636,0.4016065895557403,0.6251863241195679,0.4421632587909698,-0.6293540596961975,0.1261080056428909,0.03012214894538432,0.05226116378186406,0.4016065879210998,0.38093588862661903,0.44216325126124695,0.4101034841268286,0.12610801187226886,0.15669946346468838,2,notumor,0.44216325126124695,1.0938414465480184,2,notumor,0.4101034841268286,1.1778741448553922
D3B_icdc_glioma,GLIOMA01-i_C04D,1.3.6.1.4.1.14519.5.2.1.121345376366510123923307224527563758327,1.3.6.1.4.1.14519.5.2.1.163164444750352772952095286288968100907,Ax_T1_fl2d post,Ax_T1_fl2d post,HEAD,glioma,collection_level_icdc_glioma,data/processed/D3B_icdc_glioma_selected_slices/GLIOMA01-i_C04D/GLIOMA01-i_C04D__288968100907__central03_idx0015.png,data/raw/D3B_icdc_glioma/1.3.6.1.4.1.14519.5.2.1.163164444750352772952095286288968100907/1-16.dcm,3,15,30,1,meningioma,0.8376747369766235,0.0268831867724657,0.56844287627361,-1.59618079662323,0.0268831867724657,1.8429481983184812,0.8376747369766235,-0.1172544509172439,0.1179696321487426,-2.0270583629608154,0.0174724142998456,0.026883182973711908,0.05318048779785566,0.8376747660305731,0.7432890290077802,0.11796963590944033,0.16531423002618822,0.01747241508627453,0.03821625316817596,1,meningioma,0.8376747660305731,0.5684428491008456,1,meningioma,0.7432890290077802,0.7988537396261158
D3B_icdc_glioma,GLIOMA01-i_C04D,1.3.6.1.4.1.14519.5.2.1.121345376366510123923307224527563758327,1.3.6.1.4.1.14519.5.2.1.163164444750352772952095286288968100907,Ax_T1_fl2d post,Ax_T1_fl2d post,HEAD,glioma,collection_level_icdc_glioma,data/processed/D3B_icdc_glioma_selected_slices/GLIOMA01-i_C04D/GLIOMA01-i_C04D__288968100907__central04_idx0016.png,data/raw/D3B_icdc_glioma/1.3.6.1.4.1.14519.5.2.1.163164444750352772952095286288968100907/1-17.dcm,4,16,30,2,notumor,0.539385974407196,0.1324351131916046,1.1916358911121865,-0.6733418703079224,0.1324351131916046,-0.3493166267871856,0.1831156760454177,0.7309967279434204,0.539385974407196,-0.5822649598121643,0.1450632214546203,0.13243511374173889,0.15897848978541756,0.18311567580909338,0.20382399220920824,0.5393859787039216,0.46671822930924695,0.1450632317452461,0.17047928869612722,2,notumor,0.5393859787039216,1.191635899441423,2,notumor,0.46671822930924695,1.2737960860939572
D3B_icdc_glioma,GLIOMA01-i_C04D,1.3.6.1.4.1.14519.5.2.1.121345376366510123923307224527563758327,1.3.6.1.4.1.14519.5.2.1.163164444750352772952095286288968100907,Ax_T1_fl2d post,Ax_T1_fl2d post,HEAD,glioma,collection_level_icdc_glioma,data/processed/D3B_icdc_glioma_selected_slices/GLIOMA01-i_C04D/GLIOMA01-i_C04D__288968100907__central05_idx0017.png,data/raw/D3B_icdc_glioma/1.3.6.1.4.1.14519.5.2.1.163164444750352772952095286288968100907/1-18.dcm,5,17,30,2,notumor,0.4443733394145965,0.0074059572070837,1.0978552990533954,-3.2460436820983887,0.0074059572070837,0.526329755783081,0.3220342397689819,0.8483368754386902,0.4443733394145965,0.173031598329544,0.2261864840984344,0.007405955471775237,0.017885478635100083,0.3220342505006286,0.32277015679726134,0.4443733233763815,0.41317893471280764,0.22618647065121464,0.24616542985483095,2,notumor,0.4443733233763815,1.0978552901936616,2,notumor,0.41317893471280764,1.1472213453287292
D3B_icdc_glioma,GLIOMA01-i_22C7,1.3.6.1.4.1.14519.5.2.1.152992029036613010740676062066624626963,1.3.6.1.4.1.14519.5.2.1.163314779069570050388187753612734791866,O-Ax T1 SE S,,HEAD,glioma,collection_level_icdc_glioma,data/processed/D3B_icdc_glioma_selected_slices/GLIOMA01-i_22C7/GLIOMA01-i_22C7__612734791866__central01_idx0007.png,data/raw/D3B_icdc_glioma/1.3.6.1.4.1.14519.5.2.1.163314779069570050388187753612734791866/1-08.dcm,1,7,18,3,pituitary,0.6701478362083435,0.289620041847229,0.7792136989652297,0.8420148491859436,0.289620041847229,-1.4255778789520264,0.0299933962523937,-2.500385046005249,0.0102386530488729,1.6809433698654177,0.6701478362083435,0.28962005531336793,0.316895469839273,0.029993394729856314,0.05567906949113964,0.01023865245433283,0.02441891424466645,0.670147897502443,0.6030065464249209,3,pituitary,0.670147897502443,0.7792136594793604,3,pituitary,0.6030065464249209,0.9206503822513256
D3B_icdc_glioma,GLIOMA01-i_22C7,1.3.6.1.4.1.14519.5.2.1.152992029036613010740676062066624626963,1.3.6.1.4.1.14519.5.2.1.163314779069570050388187753612734791866,O-Ax T1 SE S,,HEAD,glioma,collection_level_icdc_glioma,data/processed/D3B_icdc_glioma_selected_slices/GLIOMA01-i_22C7/GLIOMA01-i_22C7__612734791866__central02_idx0008.png,data/raw/D3B_icdc_glioma/1.3.6.1.4.1.14519.5.2.1.163314779069570050388187753612734791866/1-09.dcm,2,8,18,3,pituitary,0.949489176273346,0.0173033848404884,0.2475459420021162,-1.3350032567977903,0.0173033848404884,-0.8677771091461182,0.027608623728156,-2.4633548259735107,0.0055987900123,2.6700189113616943,0.949489176273346,0.017303382338681804,0.04094477005394603,0.027608622709780505,0.058587987422202975,0.005598789558585654,0.017234544109997474,0.949489205392952,0.8832326984138535,3,pituitary,0.949489205392952,0.2475459022080561,3,pituitary,0.8832326984138535,0.4767223302451098
D3B_icdc_glioma,GLIOMA01-i_22C7,1.3.6.1.4.1.14519.5.2.1.152992029036613010740676062066624626963,1.3.6.1.4.1.14519.5.2.1.163314779069570050388187753612734791866,O-Ax T1 SE S,,HEAD,glioma,collection_level_icdc_glioma,data/processed/D3B_icdc_glioma_selected_slices/GLIOMA01-i_22C7/GLIOMA01-i_22C7__612734791866__central03_idx0009.png,data/raw/D3B_icdc_glioma/1.3.6.1.4.1.14519.5.2.1.163314779069570050388187753612734791866/1-10.dcm,3,9,18,3,pituitary,0.9444724917411804,0.0490190684795379,0.2389825330845285,0.2261843383312225,0.0490190684795379,-2.647472620010376,0.0027691831346601,-2.3471217155456543,0.0037393188104033,3.1846015453338623,0.9444724917411804,0.049019064516339056,0.09160326962741401,0.0027691830138915174,0.010111989399015793,0.003739317994278973,0.012731183549379512,0.9444724344754903,0.8855535574241907,3,pituitary,0.9444724344754903,0.23898257475515586,3,pituitary,0.8855535574241907,0.42860037223942665
D3B_icdc_glioma,GLIOMA01-i_22C7,1.3.6.1.4.1.14519.5.2.1.152992029036613010740676062066624626963,1.3.6.1.4.1.14519.5.2.1.163314779069570050388187753612734791866,O-Ax T1 SE S,,HEAD,glioma,collection_level_icdc_glioma,data/processed/D3B_icdc_glioma_selected_slices/GLIOMA01-i_22C7/GLIOMA01-i_22C7__612734791866__central04_idx0010.png,data/raw/D3B_icdc_glioma/1.3.6.1.4.1.14519.5.2.1.163314779069570050388187753612734791866/1-11.dcm,4,10,18,3,pituitary,0.5571813583374023,0.4262207746505737,0.7688730511640692,1.4703668355941772,0.4262207746505737,-2.509897470474243,0.0079621030017733,-2.428672790527344,0.0086358115077018,1.7383002042770386,0.5571813583374023,0.42622074302229035,0.4299902115732615,0.00796210237226905,0.020315499181221774,0.00863581216383589,0.021621183377979473,0.5571813424416048,0.5280731058675372,3,pituitary,0.5571813424416048,0.7688730624675093,3,pituitary,0.5280731058675372,0.8621482954060729
D3B_icdc_glioma,GLIOMA01-i_22C7,1.3.6.1.4.1.14519.5.2.1.152992029036613010740676062066624626963,1.3.6.1.4.1.14519.5.2.1.163314779069570050388187753612734791866,O-Ax T1 SE S,,HEAD,glioma,collection_level_icdc_glioma,data/processed/D3B_icdc_glioma_selected_slices/GLIOMA01-i_22C7/GLIOMA01-i_22C7__612734791866__central05_idx0011.png,data/raw/D3B_icdc_glioma/1.3.6.1.4.1.14519.5.2.1.163314779069570050388187753612734791866/1-12.dcm,5,11,18,3,pituitary,0.9792810678482056,0.0098465736955404,0.1199199659244078,-1.17296040058136,0.0098465736955404,-1.246898889541626,0.0091447979211807,-2.913395881652832,0.0017275218851864,3.4267349243164062,0.9792810678482056,0.00984657241548172,0.02759100514707913,0.009144795572200297,0.02607007216508045,0.0017275218681648268,0.007262961079719213,0.9792811101441531,0.9390759616081213,3,pituitary,0.9792811101441531,0.11991991110964356,3,pituitary,0.9390759616081213,0.2889348698606247
D3B_icdc_glioma,GLIOMA01-i_92AC,1.3.6.1.4.1.14519.5.2.1.262037287295999917811561153033002459939,1.3.6.1.4.1.14519.5.2.1.164492230787269288393783520058980668450,O-Sag T1 SE S,"Brain, Head Coil/",HEAD,glioma,collection_level_icdc_glioma,data/processed/D3B_icdc_glioma_selected_slices/GLIOMA01-i_92AC/GLIOMA01-i_92AC__058980668450__central01_idx0008.png,data/raw/D3B_icdc_glioma/1.3.6.1.4.1.14519.5.2.1.164492230787269288393783520058980668450/1-09.dcm,1,8,20,3,pituitary,0.435986191034317,0.0776172578334808,1.0802889387504235,-0.9043916463851928,0.0776172578334808,-1.268710374832153,0.0539183653891086,0.8133504390716553,0.4324781894683838,0.8214290738105774,0.435986191034317,0.07761726014832873,0.10815375006887513,0.053918362582159464,0.0817908760488028,0.43247819655224196,0.4037730509223354,0.4359861807172699,0.40628232295998656,3,pituitary,0.4359861807172699,1.0802889375685092,3,pituitary,0.40628232295998656,1.1774505532197126
D3B_icdc_glioma,GLIOMA01-i_92AC,1.3.6.1.4.1.14519.5.2.1.262037287295999917811561153033002459939,1.3.6.1.4.1.14519.5.2.1.164492230787269288393783520058980668450,O-Sag T1 SE S,"Brain, Head Coil/",HEAD,glioma,collection_level_icdc_glioma,data/processed/D3B_icdc_glioma_selected_slices/GLIOMA01-i_92AC/GLIOMA01-i_92AC__058980668450__central02_idx0009.png,data/raw/D3B_icdc_glioma/1.3.6.1.4.1.14519.5.2.1.164492230787269288393783520058980668450/1-10.dcm,2,9,20,2,notumor,0.8462285995483398,0.0062393615953624,0.5272786337100459,-2.582724094390869,0.0062393615953624,0.3683104515075683,0.11933234333992,2.3271875381469727,0.8462285995483398,-1.074289083480835,0.0281997434794902,0.0062393614667629145,0.017553329089633106,0.11933234242528615,0.16873475643383443,0.8462285532606912,0.7578976368769935,0.028199742847259738,0.05581427759953901,2,notumor,0.8462285532606912,0.5272786690913753,2,notumor,0.7578976368769935,0.7423699445889502
D3B_icdc_glioma,GLIOMA01-i_92AC,1.3.6.1.4.1.14519.5.2.1.262037287295999917811561153033002459939,1.3.6.1.4.1.14519.5.2.1.164492230787269288393783520058980668450,O-Sag T1 SE S,"Brain, Head Coil/",HEAD,glioma,collection_level_icdc_glioma,data/processed/D3B_icdc_glioma_selected_slices/GLIOMA01-i_92AC/GLIOMA01-i_92AC__058980668450__central03_idx0010.png,data/raw/D3B_icdc_glioma/1.3.6.1.4.1.14519.5.2.1.164492230787269288393783520058980668450/1-11.dcm,3,10,20,1,meningioma,0.6739163398742676,0.0243086162954568,0.9002576090079528,-1.9501596689224243,0.0243086162954568,1.3721156120300293,0.6739163398742676,0.2226219475269317,0.2134947627782821,-0.6604738235473633,0.0882802605628967,0.0243086126760977,0.04595656317812776,0.6739163541785869,0.5872657875119479,0.21349476983637855,0.24321741475090985,0.0882802633089368,0.12356023455901434,1,meningioma,0.6739163541785869,0.9002575982751655,1,meningioma,0.5872657875119479,1.056365824681798
D3B_icdc_glioma,GLIOMA01-i_92AC,1.3.6.1.4.1.14519.5.2.1.262037287295999917811561153033002459939,1.3.6.1.4.1.14519.5.2.1.164492230787269288393783520058980668450,O-Sag T1 SE S,"Brain, Head Coil/",HEAD,glioma,collection_level_icdc_glioma,data/processed/D3B_icdc_glioma_selected_slices/GLIOMA01-i_92AC/GLIOMA01-i_92AC__058980668450__central04_idx0011.png,data/raw/D3B_icdc_glioma/1.3.6.1.4.1.14519.5.2.1.164492230787269288393783520058980668450/1-12.dcm,4,11,20,0,glioma,0.554497241973877,0.554497241973877,0.953188004249988,1.1506115198135376,0.554497241973877,0.7321596145629883,0.3648950755596161,-1.363649845123291,0.0448713973164558,-1.5912847518920898,0.0357362516224384,0.5544972480425051,0.5017460164350411,0.3648951085964706,0.3640140117042224,0.044871393634498005,0.07296366336393185,0.03573624972652633,0.06127630849680459,0,glioma,0.5544972480425051,0.9531879898619262,0,glioma,0.5017460164350411,1.0760032922722558
D3B_icdc_glioma,GLIOMA01-i_92AC,1.3.6.1.4.1.14519.5.2.1.262037287295999917811561153033002459939,1.3.6.1.4.1.14519.5.2.1.164492230787269288393783520058980668450,O-Sag T1 SE S,"Brain, Head Coil/",HEAD,glioma,collection_level_icdc_glioma,data/processed/D3B_icdc_glioma_selected_slices/GLIOMA01-i_92AC/GLIOMA01-i_92AC__058980668450__central05_idx0012.png,data/raw/D3B_icdc_glioma/1.3.6.1.4.1.14519.5.2.1.164492230787269288393783520058980668450/1-13.dcm,5,12,20,0,glioma,0.4102998077869415,0.4102998077869415,1.1599296371862098,0.6731591820716858,0.4102998077869415,0.3910135924816131,0.3094333112239837,0.213627427816391,0.2591368854045868,-2.2930357456207275,0.0211299862712621,0.4102998248185612,0.38295714634343275,0.3094333070812601,0.30844753438003863,0.2591368804999294,0.26921711171139445,0.021129987600249353,0.03937820756513407,0,glioma,0.4102998248185612,1.159929636689169,0,glioma,0.38295714634343275,1.2110188510275268
D3B_icdc_glioma,GLIOMA01-i_6254,1.3.6.1.4.1.14519.5.2.1.166204587543697092243624330422808718866,1.3.6.1.4.1.14519.5.2.1.165326589964808104838461974404066766568,RAGE FS TRANS+C,MP RAGE FS +C,HEAD,glioma,collection_level_icdc_glioma,data/processed/D3B_icdc_glioma_selected_slices/GLIOMA01-i_6254/GLIOMA01-i_6254__404066766568__central01_idx0013.png,data/raw/D3B_icdc_glioma/1.3.6.1.4.1.14519.5.2.1.165326589964808104838461974404066766568/1-14.dcm,1,13,31,1,meningioma,0.5879121422767639,0.265621930360794,1.0446551969549134,0.0832583084702491,0.265621930360794,0.877761960029602,0.5879121422767639,-1.4149668216705322,0.0593735389411449,-1.0318450927734375,0.0870924741029739,0.2656218838705907,0.27922757670893256,0.587912107602003,0.5135332350560604,0.05937354033127914,0.08850603913828854,0.08709246819612725,0.11873314909671846,1,meningioma,0.587912107602003,1.0446551920951976,1,meningioma,0.5135332350560604,1.1660627657540417
D3B_icdc_glioma,GLIOMA01-i_6254,1.3.6.1.4.1.14519.5.2.1.166204587543697092243624330422808718866,1.3.6.1.4.1.14519.5.2.1.165326589964808104838461974404066766568,RAGE FS TRANS+C,MP RAGE FS +C,HEAD,glioma,collection_level_icdc_glioma,data/processed/D3B_icdc_glioma_selected_slices/GLIOMA01-i_6254/GLIOMA01-i_6254__404066766568__central02_idx0014.png,data/raw/D3B_icdc_glioma/1.3.6.1.4.1.14519.5.2.1.165326589964808104838461974404066766568/1-15.dcm,2,14,31,0,glioma,0.9881684184074402,0.9881684184074402,0.0752803185991465,3.842303276062012,0.9881684184074402,-1.697966694831848,0.0038790227845311,-1.1581261157989502,0.0066553698852658,-2.7933571338653564,0.0012971804244443,0.9881684292862281,0.9596415682221913,0.00387902249381612,0.01370618245632834,0.00665536812815674,0.020735330510354474,0.0012971800917990768,0.005916918811126029,0,glioma,0.9881684292862281,0.07528029759771564,0,glioma,0.9596415682221913,0.2090529527540568
D3B_icdc_glioma,GLIOMA01-i_6254,1.3.6.1.4.1.14519.5.2.1.166204587543697092243624330422808718866,1.3.6.1.4.1.14519.5.2.1.165326589964808104838461974404066766568,RAGE FS TRANS+C,MP RAGE FS +C,HEAD,glioma,collection_level_icdc_glioma,data/processed/D3B_icdc_glioma_selected_slices/GLIOMA01-i_6254/GLIOMA01-i_6254__404066766568__central03_idx0015.png,data/raw/D3B_icdc_glioma/1.3.6.1.4.1.14519.5.2.1.165326589964808104838461974404066766568/1-16.dcm,3,15,31,0,glioma,0.7344467043876648,0.7344467043876648,0.8262712483473327,1.4454339742660522,0.7344467043876648,-0.8306707143783569,0.0754154920578002,-1.632232427597046,0.0338334925472736,-0.1018785461783409,0.1563043296337127,0.7344466968635611,0.635236228831828,0.07541549317605035,0.11088588823253284,0.033833485944404294,0.059967416165666414,0.1563043240159841,0.19391046676997298,0,glioma,0.7344466968635611,0.8262712347564001,0,glioma,0.635236228831828,1.0189382019469975
D3B_icdc_glioma,GLIOMA01-i_6254,1.3.6.1.4.1.14519.5.2.1.166204587543697092243624330422808718866,1.3.6.1.4.1.14519.5.2.1.165326589964808104838461974404066766568,RAGE FS TRANS+C,MP RAGE FS +C,HEAD,glioma,collection_level_icdc_glioma,data/processed/D3B_icdc_glioma_selected_slices/GLIOMA01-i_6254/GLIOMA01-i_6254__404066766568__central04_idx0016.png,data/raw/D3B_icdc_glioma/1.3.6.1.4.1.14519.5.2.1.165326589964808104838461974404066766568/1-17.dcm,4,16,31,0,glioma,0.9481553435325624,0.9481553435325624,0.2516243779674907,2.8225748538970947,0.9481553435325624,-1.3340805768966677,0.0148479687049984,-2.213433265686035,0.0061626718379557,-0.6033244132995605,0.0308340359479188,0.9481553293742497,0.8813898779414355,0.01484796631803974,0.036373889583654076,0.006162670576861092,0.01853192089287579,0.030834033730849433,0.06370431158203452,0,glioma,0.9481553293742497,0.2516243730568357,0,glioma,0.8813898779414355,0.4811397906087115
D3B_icdc_glioma,GLIOMA01-i_6254,1.3.6.1.4.1.14519.5.2.1.166204587543697092243624330422808718866,1.3.6.1.4.1.14519.5.2.1.165326589964808104838461974404066766568,RAGE FS TRANS+C,MP RAGE FS +C,HEAD,glioma,collection_level_icdc_glioma,data/processed/D3B_icdc_glioma_selected_slices/GLIOMA01-i_6254/GLIOMA01-i_6254__404066766568__central05_idx0017.png,data/raw/D3B_icdc_glioma/1.3.6.1.4.1.14519.5.2.1.165326589964808104838461974404066766568/1-18.dcm,5,17,31,0,glioma,0.6739855408668518,0.6739855408668518,0.982031857854979,1.102578043937683,0.6739855408668518,-0.5046225190162659,0.1350990235805511,-1.039115071296692,0.0791635140776634,-0.6943494081497192,0.1117518991231918,0.673985548877947,0.5756580539465684,0.1350990356499741,0.16783587795486146,0.0791635174640719,0.11139649263637556,0.11175189800800699,0.14510957546219458,0,glioma,0.673985548877947,0.9820318689687667,0,glioma,0.5756580539465684,1.1420279219166911
D3B_icdc_glioma,GLIOMA01-i_D7EC,1.3.6.1.4.1.14519.5.2.1.75665287551607237045188839766385260390,1.3.6.1.4.1.14519.5.2.1.169646175066466320566338877863494884795,T1/T/SE  +C,T1/T/SE  +C,HEAD,glioma,collection_level_icdc_glioma,data/processed/D3B_icdc_glioma_selected_slices/GLIOMA01-i_D7EC/GLIOMA01-i_D7EC__863494884795__central01_idx0009.png,data/raw/D3B_icdc_glioma/1.3.6.1.4.1.14519.5.2.1.169646175066466320566338877863494884795/1-10.dcm,1,9,22,0,glioma,0.9823895692825316,0.9823895692825316,0.099612806216385,4.1494011878967285,0.9823895692825316,-1.623681664466858,0.0030553839169442,-0.1141984164714813,0.0138237560167908,-3.053511619567871,0.000731304869987,0.9823895590429116,0.9488049752758309,0.0030553833787097333,0.011335634744675136,0.013823752730891651,0.036072876350216394,0.0007313048474870886,0.003786513629277746,0,glioma,0.9823895590429116,0.09961280277326748,0,glioma,0.9488049752758309,0.24159961614183428
D3B_icdc_glioma,GLIOMA01-i_D7EC,1.3.6.1.4.1.14519.5.2.1.75665287551607237045188839766385260390,1.3.6.1.4.1.14519.5.2.1.169646175066466320566338877863494884795,T1/T/SE  +C,T1/T/SE  +C,HEAD,glioma,collection_level_icdc_glioma,data/processed/D3B_icdc_glioma_selected_slices/GLIOMA01-i_D7EC/GLIOMA01-i_D7EC__863494884795__central02_idx0010.png,data/raw/D3B_icdc_glioma/1.3.6.1.4.1.14519.5.2.1.169646175066466320566338877863494884795/1-11.dcm,2,10,22,0,glioma,0.8982377052307129,0.8982377052307129,0.3843656670159945,2.8655738830566406,0.8982377052307129,-1.777000904083252,0.008652601391077,0.5161505937576294,0.0857135877013206,-1.9339139461517332,0.0073960549198091,0.8982377435255529,0.820578550691447,0.008652601212317024,0.02332952576828982,0.08571359876882052,0.13540738375363578,0.007396056493309734,0.020684539786627494,0,glioma,0.8982377435255529,0.38436565443052323,0,glioma,0.820578550691447,0.6009039354967921
D3B_icdc_glioma,GLIOMA01-i_D7EC,1.3.6.1.4.1.14519.5.2.1.75665287551607237045188839766385260390,1.3.6.1.4.1.14519.5.2.1.169646175066466320566338877863494884795,T1/T/SE  +C,T1/T/SE  +C,HEAD,glioma,collection_level_icdc_glioma,data/processed/D3B_icdc_glioma_selected_slices/GLIOMA01-i_D7EC/GLIOMA01-i_D7EC__863494884795__central03_idx0011.png,data/raw/D3B_icdc_glioma/1.3.6.1.4.1.14519.5.2.1.169646175066466320566338877863494884795/1-12.dcm,3,11,22,0,glioma,0.9890053868293762,0.9890053868293762,0.0664283267106224,4.478806495666504,0.9890053868293762,-2.232783079147339,0.0012033506063744,-0.1938080042600631,0.0092450222000479,-3.022465705871582,0.0005463079432956,0.9890053194240213,0.9645296701386114,0.0012033509643489795,0.005610658873095469,0.00924502168353583,0.02679764224356507,0.0005463079280937592,0.00306202874472797,0,glioma,0.9890053194240213,0.0664283934176762,0,glioma,0.9645296701386114,0.17863181104467535
D3B_icdc_glioma,GLIOMA01-i_D7EC,1.3.6.1.4.1.14519.5.2.1.75665287551607237045188839766385260390,1.3.6.1.4.1.14519.5.2.1.169646175066466320566338877863494884795,T1/T/SE  +C,T1/T/SE  +C,HEAD,glioma,collection_level_icdc_glioma,data/processed/D3B_icdc_glioma_selected_slices/GLIOMA01-i_D7EC/GLIOMA01-i_D7EC__863494884795__central04_idx0012.png,data/raw/D3B_icdc_glioma/1.3.6.1.4.1.14519.5.2.1.169646175066466320566338877863494884795/1-13.dcm,4,12,22,0,glioma,0.9916900396347046,0.9916900396347046,0.0548806031618958,4.369483947753906,0.9916900396347046,-1.300649881362915,0.0034187568817287,-1.009108304977417,0.004575967323035,-3.684365510940552,0.0003152344725094,0.9916900411297787,0.9697677580799194,0.0034187560977427325,0.012537874204307327,0.004575968394190499,0.01567913597088998,0.0003152343782879591,0.002015231744883427,0,glioma,0.9916900411297787,0.054880602045117105,0,glioma,0.9697677580799194,0.16233598827977921
D3B_icdc_glioma,GLIOMA01-i_D7EC,1.3.6.1.4.1.14519.5.2.1.75665287551607237045188839766385260390,1.3.6.1.4.1.14519.5.2.1.169646175066466320566338877863494884795,T1/T/SE  +C,T1/T/SE  +C,HEAD,glioma,collection_level_icdc_glioma,data/processed/D3B_icdc_glioma_selected_slices/GLIOMA01-i_D7EC/GLIOMA01-i_D7EC__863494884795__central05_idx0013.png,data/raw/D3B_icdc_glioma/1.3.6.1.4.1.14519.5.2.1.169646175066466320566338877863494884795/1-14.dcm,5,13,22,0,glioma,0.980115532875061,0.980115532875061,0.1156880877263662,3.6636264324188232,0.980115532875061,-0.9443793296813964,0.0097734062001109,-1.0759838819503784,0.0085682217031717,-2.7904469966888428,0.0015427969628944,0.9801155781477908,0.941023135093985,0.00977340322411241,0.02747257070106859,0.008568221520633556,0.024835234775246594,0.0015427971074633178,0.006669059429699623,0,glioma,0.9801155781477908,0.11568803267084332,0,glioma,0.941023135093985,0.28114673600260937
D3B_icdc_glioma,GLIOMA01-i_1793,1.3.6.1.4.1.14519.5.2.1.35675667776358759975348824278158416904,1.3.6.1.4.1.14519.5.2.1.188079547706845086920052937856536171828,BRAIN/T1_TRANS,,HEAD,glioma,collection_level_icdc_glioma,data/processed/D3B_icdc_glioma_selected_slices/GLIOMA01-i_1793/GLIOMA01-i_1793__856536171828__central01_idx0008.png,data/raw/D3B_icdc_glioma/1.3.6.1.4.1.14519.5.2.1.188079547706845086920052937856536171828/1-09.dcm,1,8,21,1,meningioma,0.9930538535118104,0.0050466312095522,0.0466981769969978,-1.0833386182785034,0.0050466312095522,4.19872522354126,0.9930538535118104,-3.2198634147644043,0.0005958277033641,-2.436831474304199,0.0013037284370511,0.005046631607975704,0.01695314262548207,0.9930538123178971,0.973748821407066,0.0005958276783136241,0.00329365769395541,0.0013037283958134565,0.006004378273496559,1,meningioma,0.9930538123178971,0.046698219218975656,1,meningioma,0.973748821407066,0.1445663842580023
D3B_icdc_glioma,GLIOMA01-i_1793,1.3.6.1.4.1.14519.5.2.1.35675667776358759975348824278158416904,1.3.6.1.4.1.14519.5.2.1.188079547706845086920052937856536171828,BRAIN/T1_TRANS,,HEAD,glioma,collection_level_icdc_glioma,data/processed/D3B_icdc_glioma_selected_slices/GLIOMA01-i_1793/GLIOMA01-i_1793__856536171828__central02_idx0009.png,data/raw/D3B_icdc_glioma/1.3.6.1.4.1.14519.5.2.1.188079547706845086920052937856536171828/1-10.dcm,2,9,21,1,meningioma,0.9477294087409972,0.0383948124945163,0.243550417108314,-0.4088257551193237,0.0383948124945163,2.79732084274292,0.9477294087409972,-1.7475006580352783,0.010066844522953,-2.719403028488159,0.0038089188747107,0.038394815640644245,0.07565374824480518,0.947729419440479,0.8843839084262711,0.010066846886701395,0.02710088125654759,0.0038089180321754412,0.012861462072376187,1,meningioma,0.947729419440479,0.2435504187482056,1,meningioma,0.8843839084262711,0.4577435307582148
D3B_icdc_glioma,GLIOMA01-i_1793,1.3.6.1.4.1.14519.5.2.1.35675667776358759975348824278158416904,1.3.6.1.4.1.14519.5.2.1.188079547706845086920052937856536171828,BRAIN/T1_TRANS,,HEAD,glioma,collection_level_icdc_glioma,data/processed/D3B_icdc_glioma_selected_slices/GLIOMA01-i_1793/GLIOMA01-i_1793__856536171828__central03_idx0010.png,data/raw/D3B_icdc_glioma/1.3.6.1.4.1.14519.5.2.1.188079547706845086920052937856536171828/1-11.dcm,3,10,21,1,meningioma,0.9799110889434814,0.0111333345994353,0.1163891446885165,-1.1785722970962524,0.0111333345994353,3.298945665359497,0.9799110889434814,-3.120822668075561,0.0015963080804795,-1.5925486087799072,0.0073593198321759,0.011133335723093407,0.030353682424688114,0.9799110364579277,0.9407046542284615,0.0015963079874199483,0.006844518891969874,0.007359319831558989,0.02209714445488027,1,meningioma,0.9799110364579277,0.11638919953063756,1,meningioma,0.9407046542284615,0.28193902786854763
D3B_icdc_glioma,GLIOMA01-i_1793,1.3.6.1.4.1.14519.5.2.1.35675667776358759975348824278158416904,1.3.6.1.4.1.14519.5.2.1.188079547706845086920052937856536171828,BRAIN/T1_TRANS,,HEAD,glioma,collection_level_icdc_glioma,data/processed/D3B_icdc_glioma_selected_slices/GLIOMA01-i_1793/GLIOMA01-i_1793__856536171828__central04_idx0011.png,data/raw/D3B_icdc_glioma/1.3.6.1.4.1.14519.5.2.1.188079547706845086920052937856536171828/1-12.dcm,4,11,21,1,meningioma,0.901388704776764,0.066465675830841,0.4065210329853924,-0.3802552819252014,0.066465675830841,2.2269957065582275,0.901388704776764,-1.754486083984375,0.0168180838227272,-1.8472903966903689,0.0153275309130549,0.06646567183595446,0.11039748046089327,0.9013887141926611,0.8152799325198745,0.016818085064229004,0.03848311308356628,0.015327528907155363,0.035839473935665875,1,meningioma,0.9013887141926611,0.4065210151669594,1,meningioma,0.8152799325198745,0.6544380820094947
D3B_icdc_glioma,GLIOMA01-i_1793,1.3.6.1.4.1.14519.5.2.1.35675667776358759975348824278158416904,1.3.6.1.4.1.14519.5.2.1.188079547706845086920052937856536171828,BRAIN/T1_TRANS,,HEAD,glioma,collection_level_icdc_glioma,data/processed/D3B_icdc_glioma_selected_slices/GLIOMA01-i_1793/GLIOMA01-i_1793__856536171828__central05_idx0012.png,data/raw/D3B_icdc_glioma/1.3.6.1.4.1.14519.5.2.1.188079547706845086920052937856536171828/1-13.dcm,5,12,21,1,meningioma,0.9602083563804626,0.034209169447422,0.1860082126858774,0.0349074080586433,0.034209169447422,3.3695640563964844,0.9602083563804626,-3.5189783573150635,0.0009788353927433,-1.9707481861114504,0.0046035987325012,0.03420916855354764,0.07051720564813771,0.9602083986582791,0.909716096674002,0.0009788351165880504,0.004620296316458044,0.004603597671585252,0.015146401361402297,1,meningioma,0.9602083986582791,0.186008163716414,1,meningioma,0.909716096674002,0.3613922855900511
D3B_icdc_glioma,GLIOMA01-i_B3CE,1.3.6.1.4.1.14519.5.2.1.136928881907597419136287834125434521570,1.3.6.1.4.1.14519.5.2.1.193531197337568117661297527463528002512,RAGE TRANS +C,MP RAGE FS +C,HEAD,glioma,collection_level_icdc_glioma,data/processed/D3B_icdc_glioma_selected_slices/GLIOMA01-i_B3CE/GLIOMA01-i_B3CE__463528002512__central01_idx0018.png,data/raw/D3B_icdc_glioma/1.3.6.1.4.1.14519.5.2.1.193531197337568117661297527463528002512/1-19.dcm,1,18,40,0,glioma,0.5878787040710449,0.5878787040710449,1.1121707082964627,0.912397801876068,0.5878787040710449,-0.8705819845199585,0.0988438129425048,-0.6935092210769653,0.1179916337132453,-0.1896585822105407,0.195285826921463,0.5878787311928648,0.5060404102004352,0.09884380735494051,0.12893237114176803,0.11799162698660304,0.14768494766819992,0.1952858344655917,0.2173422709895968,0,glioma,0.5878787311928648,1.1121706853679192,0,glioma,0.5060404102004352,1.222996205781195
D3B_icdc_glioma,GLIOMA01-i_B3CE,1.3.6.1.4.1.14519.5.2.1.136928881907597419136287834125434521570,1.3.6.1.4.1.14519.5.2.1.193531197337568117661297527463528002512,RAGE TRANS +C,MP RAGE FS +C,HEAD,glioma,collection_level_icdc_glioma,data/processed/D3B_icdc_glioma_selected_slices/GLIOMA01-i_B3CE/GLIOMA01-i_B3CE__463528002512__central02_idx0019.png,data/raw/D3B_icdc_glioma/1.3.6.1.4.1.14519.5.2.1.193531197337568117661297527463528002512/1-20.dcm,2,19,40,2,notumor,0.3666814267635345,0.3300000727176666,1.2939721085716362,0.2550098598003387,0.3300000727176666,-0.2773115038871765,0.1937893182039261,0.3604104518890381,0.3666814267635345,-0.8478919267654419,0.1095291897654533,0.3300000694579371,0.3146403138329088,0.19378930288308902,0.209181944393626,0.3666814388310247,0.34112860704379155,0.10952918882794922,0.13504913472967364,2,notumor,0.3666814388310247,1.2939720973005349,2,notumor,0.34112860704379155,1.3283687739746357
D3B_icdc_glioma,GLIOMA01-i_B3CE,1.3.6.1.4.1.14519.5.2.1.136928881907597419136287834125434521570,1.3.6.1.4.1.14519.5.2.1.193531197337568117661297527463528002512,RAGE TRANS +C,MP RAGE FS +C,HEAD,glioma,collection_level_icdc_glioma,data/processed/D3B_icdc_glioma_selected_slices/GLIOMA01-i_B3CE/GLIOMA01-i_B3CE__463528002512__central03_idx0020.png,data/raw/D3B_icdc_glioma/1.3.6.1.4.1.14519.5.2.1.193531197337568117661297527463528002512/1-21.dcm,3,20,40,2,notumor,0.4044022858142853,0.0932439267635345,1.256211295927457,-0.985426127910614,0.0932439267635345,-0.3713555037975311,0.1723090261220932,0.4817650318145752,0.4044022858142853,0.2785831093788147,0.3300447463989258,0.09324393204514399,0.12021584841939173,0.17230903997109787,0.19252120490873129,0.4044022877310742,0.37034904770594257,0.330044740252684,0.3169138989659343,2,notumor,0.4044022877310742,1.2562113128321861,2,notumor,0.37034904770594257,1.303906254743513
D3B_icdc_glioma,GLIOMA01-i_B3CE,1.3.6.1.4.1.14519.5.2.1.136928881907597419136287834125434521570,1.3.6.1.4.1.14519.5.2.1.193531197337568117661297527463528002512,RAGE TRANS +C,MP RAGE FS +C,HEAD,glioma,collection_level_icdc_glioma,data/processed/D3B_icdc_glioma_selected_slices/GLIOMA01-i_B3CE/GLIOMA01-i_B3CE__463528002512__central04_idx0021.png,data/raw/D3B_icdc_glioma/1.3.6.1.4.1.14519.5.2.1.193531197337568117661297527463528002512/1-22.dcm,4,21,40,2,notumor,0.7187672853469849,0.1485007107257843,0.8797759802408563,-0.1286778748035431,0.1485007107257843,-1.052849054336548,0.0589340180158615,1.4482700824737549,0.7187672853469849,-0.8279359340667725,0.0737980008125305,0.14850070083265543,0.18421499480700473,0.058934019119476815,0.09068361570594863,0.7187672809768365,0.6173466525320636,0.0737979990710311,0.10775473695498311,2,notumor,0.7187672809768365,0.8797759734167041,2,notumor,0.6173466525320636,1.0671306095965911
D3B_icdc_glioma,GLIOMA01-i_B3CE,1.3.6.1.4.1.14519.5.2.1.136928881907597419136287834125434521570,1.3.6.1.4.1.14519.5.2.1.193531197337568117661297527463528002512,RAGE TRANS +C,MP RAGE FS +C,HEAD,glioma,collection_level_icdc_glioma,data/processed/D3B_icdc_glioma_selected_slices/GLIOMA01-i_B3CE/GLIOMA01-i_B3CE__463528002512__central05_idx0022.png,data/raw/D3B_icdc_glioma/1.3.6.1.4.1.14519.5.2.1.193531197337568117661297527463528002512/1-23.dcm,5,22,40,2,notumor,0.8295983076095581,0.057824283838272,0.6263117291157703,-0.5348195433616638,0.057824283838272,-1.3408206701278689,0.0258266702294349,2.128713130950928,0.8295983076095581,-0.1291900277137756,0.0867507085204124,0.057824292524592535,0.09421057004018871,0.025826674327855813,0.050776193155548044,0.8295983330638573,0.7264268616008135,0.08675070008369438,0.12858637520344982,2,notumor,0.8295983330638573,0.6263117231875452,2,notumor,0.7264268616008135,0.8698052889854306
D3B_icdc_glioma,GLIOMA01-i_49E6,1.3.6.1.4.1.14519.5.2.1.328143012338632883223057559395393058142,1.3.6.1.4.1.14519.5.2.1.197966799475580302365913177301841443187,MP RAGE TRANS FS + C,MP RAGE FS +C,HEAD,glioma,collection_level_icdc_glioma,data/processed/D3B_icdc_glioma_selected_slices/GLIOMA01-i_49E6/GLIOMA01-i_49E6__301841443187__central01_idx0021.png,data/raw/D3B_icdc_glioma/1.3.6.1.4.1.14519.5.2.1.197966799475580302365913177301841443187/1-22.dcm,1,21,47,1,meningioma,0.8892930746078491,0.1028999015688896,0.3811084314419998,0.6701474189758301,0.1028999015688896,2.826817512512207,0.8892930746078491,-3.0505034923553467,0.0024920497089624,-2.293074369430542,0.0053150090388953,0.10289990413929179,0.15654202581560508,0.8892930353670796,0.8182991793895588,0.002492050336397037,0.009025356872366412,0.005315010157231643,0.016133437922469903,1,meningioma,0.8892930353670796,0.3811084772258526,1,meningioma,0.8182991793895588,0.5634569334039861
D3B_icdc_glioma,GLIOMA01-i_49E6,1.3.6.1.4.1.14519.5.2.1.328143012338632883223057559395393058142,1.3.6.1.4.1.14519.5.2.1.197966799475580302365913177301841443187,MP RAGE TRANS FS + C,MP RAGE FS +C,HEAD,glioma,collection_level_icdc_glioma,data/processed/D3B_icdc_glioma_selected_slices/GLIOMA01-i_49E6/GLIOMA01-i_49E6__301841443187__central02_idx0022.png,data/raw/D3B_icdc_glioma/1.3.6.1.4.1.14519.5.2.1.197966799475580302365913177301841443187/1-23.dcm,2,22,47,0,glioma,0.7916654944419861,0.7916654944419861,0.5942983094362209,1.998308777809143,0.7916654944419861,0.5566521883010864,0.1872570663690567,-2.509565830230713,0.0087256282567977,-2.1620304584503174,0.0123517727479338,0.7916655247125116,0.7124043203182415,0.1872570732075698,0.23582038965150554,0.008725627430353503,0.02245816799335742,0.012351774649565163,0.02931712203689559,0,glioma,0.7916655247125116,0.5942982942171651,0,glioma,0.7124043203182415,0.771000031136716
D3B_icdc_glioma,GLIOMA01-i_49E6,1.3.6.1.4.1.14519.5.2.1.328143012338632883223057559395393058142,1.3.6.1.4.1.14519.5.2.1.197966799475580302365913177301841443187,MP RAGE TRANS FS + C,MP RAGE FS +C,HEAD,glioma,collection_level_icdc_glioma,data/processed/D3B_icdc_glioma_selected_slices/GLIOMA01-i_49E6/GLIOMA01-i_49E6__301841443187__central03_idx0023.png,data/raw/D3B_icdc_glioma/1.3.6.1.4.1.14519.5.2.1.197966799475580302365913177301841443187/1-24.dcm,3,23,47,1,meningioma,0.4544799029827118,0.4094346165657043,1.072326853282089,0.4613358080387115,0.4094346165657043,0.5657122135162354,0.4544799029827118,-2.0167338848114014,0.0343536250293254,-0.9311013221740724,0.1017318218946456,0.409434645131665,0.3881082757426179,0.45447990503041,0.4204511757874809,0.03435362694311713,0.05802688727312439,0.1017318228948078,0.1334136611967767,1,meningioma,0.45447990503041,1.0723268556153382,1,meningioma,0.4204511757874809,1.1655524227280691
D3B_icdc_glioma,GLIOMA01-i_49E6,1.3.6.1.4.1.14519.5.2.1.328143012338632883223057559395393058142,1.3.6.1.4.1.14519.5.2.1.197966799475580302365913177301841443187,MP RAGE TRANS FS + C,MP RAGE FS +C,HEAD,glioma,collection_level_icdc_glioma,data/processed/D3B_icdc_glioma_selected_slices/GLIOMA01-i_49E6/GLIOMA01-i_49E6__301841443187__central04_idx0024.png,data/raw/D3B_icdc_glioma/1.3.6.1.4.1.14519.5.2.1.197966799475580302365913177301841443187/1-25.dcm,4,24,47,0,glioma,0.6152976751327515,0.6152976751327515,1.0108248125286647,0.9777090549468994,0.6152976751327515,-0.3382741808891296,0.1650292873382568,-2.15090274810791,0.0269368272274732,-0.1830745935440063,0.1927362233400344,0.6152976702850942,0.535940874974615,0.16502928311790951,0.19535625767596254,0.02693682647699353,0.04865523126321179,0.1927362201200028,0.22004763608621064,0,glioma,0.6152976702850942,1.010824807595411,0,glioma,0.535940874974615,1.1335035001856888
D3B_icdc_glioma,GLIOMA01-i_49E6,1.3.6.1.4.1.14519.5.2.1.328143012338632883223057559395393058142,1.3.6.1.4.1.14519.5.2.1.197966799475580302365913177301841443187,MP RAGE TRANS FS + C,MP RAGE FS +C,HEAD,glioma,collection_level_icdc_glioma,data/processed/D3B_icdc_glioma_selected_slices/GLIOMA01-i_49E6/GLIOMA01-i_49E6__301841443187__central05_idx0025.png,data/raw/D3B_icdc_glioma/1.3.6.1.4.1.14519.5.2.1.197966799475580302365913177301841443187/1-26.dcm,5,25,47,0,glioma,0.6398782730102539,0.6398782730102539,0.9558529864776802,1.2228552103042605,0.6398782730102539,0.2139137387275695,0.2333026379346847,-0.6599061489105225,0.0973698422312736,-1.8557536602020264,0.029449263587594,0.639878254351503,0.5581484788266824,0.23330263165711132,0.25746652013763305,0.09736984581248104,0.13173287246266346,0.029449268178904666,0.05265212857302104,0,glioma,0.639878254351503,0.9558530103005318,0,glioma,0.5581484788266824,1.0968509342348745
D3B_icdc_glioma,GLIOMA01-i_8BDE,1.3.6.1.4.1.14519.5.2.1.130279406635005519085179271256892778239,1.3.6.1.4.1.14519.5.2.1.210864304936929034141059700214106045446,T1/T/SE  +C,T1/T/SE  +C,HEAD,glioma,collection_level_icdc_glioma,data/processed/D3B_icdc_glioma_selected_slices/GLIOMA01-i_8BDE/GLIOMA01-i_8BDE__214106045446__central01_idx0006.png,data/raw/D3B_icdc_glioma/1.3.6.1.4.1.14519.5.2.1.210864304936929034141059700214106045446/1-07.dcm,1,6,16,0,glioma,0.5068701505661011,0.5068701505661011,1.2018508454662156,0.8316163420677185,0.5068701505661011,0.0024264622479677,0.221199482679367,-0.1706506758928299,0.1860448718070984,-0.9436230063438416,0.0858855322003364,0.5068701260452504,0.4445584867338471,0.22119948231779707,0.23537827377848894,0.18604485325404735,0.20612129235816343,0.08588553838290518,0.11394194712950043,0,glioma,0.5068701260452504,1.201850849486373,0,glioma,0.4445584867338471,1.273895821739107
D3B_icdc_glioma,GLIOMA01-i_8BDE,1.3.6.1.4.1.14519.5.2.1.130279406635005519085179271256892778239,1.3.6.1.4.1.14519.5.2.1.210864304936929034141059700214106045446,T1/T/SE  +C,T1/T/SE  +C,HEAD,glioma,collection_level_icdc_glioma,data/processed/D3B_icdc_glioma_selected_slices/GLIOMA01-i_8BDE/GLIOMA01-i_8BDE__214106045446__central02_idx0007.png,data/raw/D3B_icdc_glioma/1.3.6.1.4.1.14519.5.2.1.210864304936929034141059700214106045446/1-08.dcm,2,7,16,1,meningioma,0.523277759552002,0.3094284832477569,1.103542162750223,0.3536238968372345,0.3094284832477569,0.8790092468261719,0.523277759552002,-0.6216989755630493,0.116676390171051,-1.456809163093567,0.050617329776287,0.3094285100602796,0.3106574242443182,0.5232777690076815,0.46479544325590144,0.11667639030077268,0.14704472972356514,0.05061733063126616,0.07750240277621528,1,meningioma,0.5232777690076815,1.1035421659025544,1,meningioma,0.46479544325590144,1.199380954436285
D3B_icdc_glioma,GLIOMA01-i_8BDE,1.3.6.1.4.1.14519.5.2.1.130279406635005519085179271256892778239,1.3.6.1.4.1.14519.5.2.1.210864304936929034141059700214106045446,T1/T/SE  +C,T1/T/SE  +C,HEAD,glioma,collection_level_icdc_glioma,data/processed/D3B_icdc_glioma_selected_slices/GLIOMA01-i_8BDE/GLIOMA01-i_8BDE__214106045446__central03_idx0008.png,data/raw/D3B_icdc_glioma/1.3.6.1.4.1.14519.5.2.1.210864304936929034141059700214106045446/1-09.dcm,3,8,16,1,meningioma,0.8938636183738708,0.0887842625379562,0.3908952104589482,0.523490309715271,0.0887842625379562,2.832834005355835,0.8938636183738708,-1.203620672225952,0.0157856065779924,-3.513904333114624,0.0015664546517655,0.08878427620157846,0.13912455593433312,0.8938636619731354,0.8175852642583374,0.015785607111712223,0.03699880725652212,0.0015664547135741081,0.006291372550807304,1,meningioma,0.8938636619731354,0.39089519319298477,1,meningioma,0.8175852642583374,0.5929375622643452
D3B_icdc_glioma,GLIOMA01-i_8BDE,1.3.6.1.4.1.14519.5.2.1.130279406635005519085179271256892778239,1.3.6.1.4.1.14519.5.2.1.210864304936929034141059700214106045446,T1/T/SE  +C,T1/T/SE  +C,HEAD,glioma,collection_level_icdc_glioma,data/processed/D3B_icdc_glioma_selected_slices/GLIOMA01-i_8BDE/GLIOMA01-i_8BDE__214106045446__central04_idx0009.png,data/raw/D3B_icdc_glioma/1.3.6.1.4.1.14519.5.2.1.210864304936929034141059700214106045446/1-10.dcm,4,9,16,1,meningioma,0.9294424057006836,0.057560347020626,0.2964758475377945,0.0552096515893936,0.057560347020626,2.836960554122925,0.9294424057006836,-1.759587287902832,0.0093749081715941,-2.7105133533477783,0.0036223060451447,0.057560350369065684,0.10192701795215903,0.9294424326388838,0.8605067528905667,0.009374910541132948,0.025343661175132284,0.003622306450917419,0.012222567982142067,1,meningioma,0.9294424326388838,0.296475839352237,1,meningioma,0.8605067528905667,0.5090050254391022
D3B_icdc_glioma,GLIOMA01-i_8BDE,1.3.6.1.4.1.14519.5.2.1.130279406635005519085179271256892778239,1.3.6.1.4.1.14519.5.2.1.210864304936929034141059700214106045446,T1/T/SE  +C,T1/T/SE  +C,HEAD,glioma,collection_level_icdc_glioma,data/processed/D3B_icdc_glioma_selected_slices/GLIOMA01-i_8BDE/GLIOMA01-i_8BDE__214106045446__central05_idx0010.png,data/raw/D3B_icdc_glioma/1.3.6.1.4.1.14519.5.2.1.210864304936929034141059700214106045446/1-11.dcm,5,10,16,1,meningioma,0.9456865787506104,0.0457201972603797,0.2387938570923601,0.1405611038208007,0.0457201972603797,3.1699321269989014,0.9456865787506104,-1.7294361591339111,0.0070465835742652,-3.2459466457366943,0.0015465589240193,0.045720202089263064,0.08680026435747293,0.9456866545872092,0.8860457465428755,0.007046584251718875,0.020687907200901967,0.001546559071808902,0.006466081898749802,1,meningioma,0.9456866545872092,0.23879379904817974,1,meningioma,0.8860457465428755,0.43218091282415355
D3B_icdc_glioma,GLIOMA01-i_FC65,1.3.6.1.4.1.14519.5.2.1.212867420508017263017494321035687962668,1.3.6.1.4.1.14519.5.2.1.211142962138955139180007466034760894778,BRAIN/T1_DORSAL+C,,HEAD,glioma,collection_level_icdc_glioma,data/processed/D3B_icdc_glioma_selected_slices/GLIOMA01-i_FC65/GLIOMA01-i_FC65__034760894778__central01_idx0007.png,data/raw/D3B_icdc_glioma/1.3.6.1.4.1.14519.5.2.1.211142962138955139180007466034760894778/1-08.dcm,1,7,19,2,notumor,0.7153463959693909,0.2067004889249801,0.7801209079901705,0.694388210773468,0.2067004889249801,-3.2553603649139404,0.0039809574373066,1.9358843564987185,0.7153463959693909,-0.3331940472126007,0.0739721283316612,0.20670047986796444,0.24424861799706374,0.003980956880218163,0.011813112471134037,0.715346423663293,0.6328687738336569,0.0739721395885243,0.11106949569814525,2,notumor,0.715346423663293,0.7801208998874228,2,notumor,0.6328687738336569,0.9303369792988783
D3B_icdc_glioma,GLIOMA01-i_FC65,1.3.6.1.4.1.14519.5.2.1.212867420508017263017494321035687962668,1.3.6.1.4.1.14519.5.2.1.211142962138955139180007466034760894778,BRAIN/T1_DORSAL+C,,HEAD,glioma,collection_level_icdc_glioma,data/processed/D3B_icdc_glioma_selected_slices/GLIOMA01-i_FC65/GLIOMA01-i_FC65__034760894778__central02_idx0008.png,data/raw/D3B_icdc_glioma/1.3.6.1.4.1.14519.5.2.1.211142962138955139180007466034760894778/1-09.dcm,2,8,19,2,notumor,0.8118783235549927,0.1215625703334808,0.6234906127846753,0.3157276213169098,0.1215625703334808,-2.874007225036621,0.005006284918636,2.214648962020874,0.8118783235549927,-0.36480513215065,0.0615528598427772,0.12156256797503982,0.16750883955677207,0.005006285618605481,0.01451086489297586,0.8118782850716273,0.7185804739349325,0.06155286133472736,0.0993998216153194,2,notumor,0.8118782850716273,0.6234906463115659,2,notumor,0.7185804739349325,0.8276633323569288
D3B_icdc_glioma,GLIOMA01-i_FC65,1.3.6.1.4.1.14519.5.2.1.212867420508017263017494321035687962668,1.3.6.1.4.1.14519.5.2.1.211142962138955139180007466034760894778,BRAIN/T1_DORSAL+C,,HEAD,glioma,collection_level_icdc_glioma,data/processed/D3B_icdc_glioma_selected_slices/GLIOMA01-i_FC65/GLIOMA01-i_FC65__034760894778__central03_idx0009.png,data/raw/D3B_icdc_glioma/1.3.6.1.4.1.14519.5.2.1.211142962138955139180007466034760894778/1-10.dcm,3,9,19,2,notumor,0.8720975518226624,0.058312140405178,0.4876082547287206,-0.1810691654682159,0.058312140405178,-2.7101423740386963,0.0046493946574628,2.524021863937378,0.8720975518226624,-0.0734026208519935,0.0649408400058746,0.05831214140241931,0.09813331038847618,0.004649395078235981,0.014109318838639076,0.8720976123486416,0.7811775706403162,0.06494085117070324,0.10657980013256856,2,notumor,0.8720976123486416,0.48760822552495353,2,notumor,0.7811775706403162,0.7194595004475682
D3B_icdc_glioma,GLIOMA01-i_FC65,1.3.6.1.4.1.14519.5.2.1.212867420508017263017494321035687962668,1.3.6.1.4.1.14519.5.2.1.211142962138955139180007466034760894778,BRAIN/T1_DORSAL+C,,HEAD,glioma,collection_level_icdc_glioma,data/processed/D3B_icdc_glioma_selected_slices/GLIOMA01-i_FC65/GLIOMA01-i_FC65__034760894778__central04_idx0010.png,data/raw/D3B_icdc_glioma/1.3.6.1.4.1.14519.5.2.1.211142962138955139180007466034760894778/1-11.dcm,4,10,19,2,notumor,0.5105926394462585,0.0287532526999712,0.8287970264430821,-1.1930934190750122,0.0287532526999712,-2.992367744445801,0.0047563314437866,1.6837278604507446,0.5105926394462585,1.570424199104309,0.4558977484703064,0.02875325263735083,0.053597275739288616,0.004756330990388556,0.013486292464747189,0.5105926835499458,0.4867107805583851,0.4558977328223148,0.446205651237579,2,notumor,0.5105926835499458,0.828797013210731,2,notumor,0.4867107805583851,0.9254626686937337
D3B_icdc_glioma,GLIOMA01-i_FC65,1.3.6.1.4.1.14519.5.2.1.212867420508017263017494321035687962668,1.3.6.1.4.1.14519.5.2.1.211142962138955139180007466034760894778,BRAIN/T1_DORSAL+C,,HEAD,glioma,collection_level_icdc_glioma,data/processed/D3B_icdc_glioma_selected_slices/GLIOMA01-i_FC65/GLIOMA01-i_FC65__034760894778__central05_idx0011.png,data/raw/D3B_icdc_glioma/1.3.6.1.4.1.14519.5.2.1.211142962138955139180007466034760894778/1-12.dcm,5,11,19,2,notumor,0.6992318034172058,0.0245114732533693,0.7374834052084085,-1.3741754293441772,0.0245114732533693,-2.3321611881256104,0.009404195472598,1.976665496826172,0.6992318034172058,1.0133793354034424,0.2668525278568268,0.02451147538536001,0.048120170708056235,0.009404192798178529,0.023081765741768217,0.6992318092882597,0.6285330722478522,0.26685252252820174,0.3002649913023234,2,notumor,0.6992318092882597,0.7374833956957695,2,notumor,0.6285330722478522,0.8861032848097883
D3B_icdc_glioma,GLIOMA01-i_D756,1.3.6.1.4.1.14519.5.2.1.80295388185447070987300949703162596698,1.3.6.1.4.1.14519.5.2.1.2137734496733834555089982541298174374,Ax 3DT1 SPGR S,CED Post/,HEAD,glioma,collection_level_icdc_glioma,data/processed/D3B_icdc_glioma_selected_slices/GLIOMA01-i_D756/GLIOMA01-i_D756__541298174374__central01_idx0043.png,data/raw/D3B_icdc_glioma/1.3.6.1.4.1.14519.5.2.1.2137734496733834555089982541298174374/1-44.dcm,1,43,90,3,pituitary,0.3715904951095581,0.0023369586560875,1.1083864269022117,-4.010207653045654,0.0023369586560875,0.93587327003479,0.3286296725273132,0.8361637592315674,0.2974428236484527,1.0587341785430908,0.3715904951095581,0.0023369593062611068,0.007391433172922342,0.3286296936610583,0.3281148841611565,0.2974428348839239,0.3039607991832196,0.37159051214875666,0.36053288348270157,3,pituitary,0.37159051214875666,1.1083864347926515,3,pituitary,0.36053288348270157,1.1317006944382138
D3B_icdc_glioma,GLIOMA01-i_D756,1.3.6.1.4.1.14519.5.2.1.80295388185447070987300949703162596698,1.3.6.1.4.1.14519.5.2.1.2137734496733834555089982541298174374,Ax 3DT1 SPGR S,CED Post/,HEAD,glioma,collection_level_icdc_glioma,data/processed/D3B_icdc_glioma_selected_slices/GLIOMA01-i_D756/GLIOMA01-i_D756__541298174374__central02_idx0044.png,data/raw/D3B_icdc_glioma/1.3.6.1.4.1.14519.5.2.1.2137734496733834555089982541298174374/1-45.dcm,2,44,90,1,meningioma,0.6083449721336365,0.0027047505136579,0.8951748837528598,-3.745598793029785,0.0027047505136579,1.670133352279663,0.6083449721336365,-0.2487939149141311,0.0892833247780799,0.9620627760887146,0.2996669113636017,0.0027047513993885405,0.00860435891913072,0.6083449963681357,0.5475623915890739,0.08928333765679398,0.12569932213397123,0.29966691457568173,0.3181339273578243,1,meningioma,0.6083449963681357,0.8951748948088321,1,meningioma,0.5475623915890739,0.9957396100215065
D3B_icdc_glioma,GLIOMA01-i_D756,1.3.6.1.4.1.14519.5.2.1.80295388185447070987300949703162596698,1.3.6.1.4.1.14519.5.2.1.2137734496733834555089982541298174374,Ax 3DT1 SPGR S,CED Post/,HEAD,glioma,collection_level_icdc_glioma,data/processed/D3B_icdc_glioma_selected_slices/GLIOMA01-i_D756/GLIOMA01-i_D756__541298174374__central03_idx0045.png,data/raw/D3B_icdc_glioma/1.3.6.1.4.1.14519.5.2.1.2137734496733834555089982541298174374/1-46.dcm,3,45,90,2,notumor,0.4809246063232422,0.0100875878706574,1.056705291735187,-2.6615796089172363,0.0100875878706574,0.0838474333286285,0.1570764929056167,1.2028250694274902,0.4809246063232422,0.8904938101768494,0.3519113063812256,0.01008758859888564,0.022821712698340893,0.1570764860231312,0.18737666270819497,0.4809245970556996,0.4419693353744385,0.35191132832228367,0.3478322892190256,2,notumor,0.4809245970556996,1.056705291954018,2,notumor,0.4419693353744385,1.1282519769010748
D3B_icdc_glioma,GLIOMA01-i_D756,1.3.6.1.4.1.14519.5.2.1.80295388185447070987300949703162596698,1.3.6.1.4.1.14519.5.2.1.2137734496733834555089982541298174374,Ax 3DT1 SPGR S,CED Post/,HEAD,glioma,collection_level_icdc_glioma,data/processed/D3B_icdc_glioma_selected_slices/GLIOMA01-i_D756/GLIOMA01-i_D756__541298174374__central04_idx0046.png,data/raw/D3B_icdc_glioma/1.3.6.1.4.1.14519.5.2.1.2137734496733834555089982541298174374/1-47.dcm,4,46,90,2,notumor,0.4600204825401306,0.0092219971120357,1.1000886382008868,-2.7778515815734863,0.0092219971120357,0.4436224699020386,0.2311497628688812,1.131827712059021,0.4600204825401306,0.7030306458473206,0.2996076941490173,0.009221998685584668,0.021137187130149507,0.23114976706919813,0.2500128888234229,0.4600205143430165,0.42380868604444183,0.2996077199022007,0.30504123800198585,2,notumor,0.4600205143430165,1.100088644131289,2,notumor,0.42380868604444183,1.154105177801042
D3B_icdc_glioma,GLIOMA01-i_D756,1.3.6.1.4.1.14519.5.2.1.80295388185447070987300949703162596698,1.3.6.1.4.1.14519.5.2.1.2137734496733834555089982541298174374,Ax 3DT1 SPGR S,CED Post/,HEAD,glioma,collection_level_icdc_glioma,data/processed/D3B_icdc_glioma_selected_slices/GLIOMA01-i_D756/GLIOMA01-i_D756__541298174374__central05_idx0047.png,data/raw/D3B_icdc_glioma/1.3.6.1.4.1.14519.5.2.1.2137734496733834555089982541298174374/1-48.dcm,5,47,90,3,pituitary,0.41148242354393,0.0233027450740337,1.158330472576964,-2.0742032527923584,0.0233027450740337,0.226243793964386,0.2325297445058822,0.5844218134880066,0.3326850533485412,0.7969918847084045,0.41148242354393,0.023302745685515082,0.04244449167031598,0.23252976561086877,0.2477351111859444,0.3326850546082936,0.3260461799720818,0.4114824340953224,0.38377421717165777,3,pituitary,0.4114824340953224,1.1583304828906007,3,pituitary,0.38377421717165777,1.2127403812034276
D3B_icdc_glioma,GLIOMA01-i_2EC9,1.3.6.1.4.1.14519.5.2.1.51358827044288932449059921854176618970,1.3.6.1.4.1.14519.5.2.1.214049945825638329059258097737917749583,AX FSE T1,BRAIN CARDIAC COIL/4,HEAD,glioma,collection_level_icdc_glioma,data/processed/D3B_icdc_glioma_selected_slices/GLIOMA01-i_2EC9/GLIOMA01-i_2EC9__737917749583__central01_idx0012.png,data/raw/D3B_icdc_glioma/1.3.6.1.4.1.14519.5.2.1.214049945825638329059258097737917749583/1-13.dcm,1,12,29,1,meningioma,0.7410702705383301,0.011724030598998,0.7609932205694925,-2.4419515132904053,0.011724030598998,1.7045035362243652,0.7410702705383301,0.3073117434978485,0.1832595914602279,-0.7455517053604126,0.0639460906386375,0.011724028317505797,0.027063640164798144,0.7410702963796283,0.6506797298584275,0.1832595941605507,0.22285948958609023,0.06394608114231519,0.09939714039068417,1,meningioma,0.7410702963796283,0.7609931798753754,1,meningioma,0.6506797298584275,0.9413407246553911
D3B_icdc_glioma,GLIOMA01-i_2EC9,1.3.6.1.4.1.14519.5.2.1.51358827044288932449059921854176618970,1.3.6.1.4.1.14519.5.2.1.214049945825638329059258097737917749583,AX FSE T1,BRAIN CARDIAC COIL/4,HEAD,glioma,collection_level_icdc_glioma,data/processed/D3B_icdc_glioma_selected_slices/GLIOMA01-i_2EC9/GLIOMA01-i_2EC9__737917749583__central02_idx0013.png,data/raw/D3B_icdc_glioma/1.3.6.1.4.1.14519.5.2.1.214049945825638329059258097737917749583/1-14.dcm,2,13,29,1,meningioma,0.7381899952888489,0.0151663748547434,0.7557850775440325,-2.1450839042663574,0.0151663748547434,1.7400364875793457,0.7381899952888489,0.4224496483802795,0.1976730227470398,-0.9729433059692384,0.04897066578269,0.015166374311366979,0.03300703285606687,0.7381899326293387,0.6494560688582781,0.197673032277539,0.23644282733623054,0.04897066078175519,0.0810940709494245,1,meningioma,0.7381899326293387,0.7557851152855708,1,meningioma,0.6494560688582781,0.9375886203098773
D3B_icdc_glioma,GLIOMA01-i_2EC9,1.3.6.1.4.1.14519.5.2.1.51358827044288932449059921854176618970,1.3.6.1.4.1.14519.5.2.1.214049945825638329059258097737917749583,AX FSE T1,BRAIN CARDIAC COIL/4,HEAD,glioma,collection_level_icdc_glioma,data/processed/D3B_icdc_glioma_selected_slices/GLIOMA01-i_2EC9/GLIOMA01-i_2EC9__737917749583__central03_idx0014.png,data/raw/D3B_icdc_glioma/1.3.6.1.4.1.14519.5.2.1.214049945825638329059258097737917749583/1-15.dcm,3,14,29,2,notumor,0.6028945446014404,0.023406820371747,1.0004174922028894,-1.9204497337341309,0.023406820371747,0.4340220093727112,0.2465338408946991,1.3282650709152222,0.6028945446014404,-0.2279935479164123,0.1271647661924362,0.023406822035608302,0.04381543750345744,0.24653383924968247,0.266554708739528,0.6028945612704965,0.5291940091911091,0.12716477744421284,0.16043584456590537,2,notumor,0.6028945612704965,1.000417499846092,2,notumor,0.5291940091911091,1.1198312207577559
D3B_icdc_glioma,GLIOMA01-i_2EC9,1.3.6.1.4.1.14519.5.2.1.51358827044288932449059921854176618970,1.3.6.1.4.1.14519.5.2.1.214049945825638329059258097737917749583,AX FSE T1,BRAIN CARDIAC COIL/4,HEAD,glioma,collection_level_icdc_glioma,data/processed/D3B_icdc_glioma_selected_slices/GLIOMA01-i_2EC9/GLIOMA01-i_2EC9__737917749583__central04_idx0015.png,data/raw/D3B_icdc_glioma/1.3.6.1.4.1.14519.5.2.1.214049945825638329059258097737917749583/1-16.dcm,4,15,29,2,notumor,0.4297495782375335,0.046108566224575,1.1157321956069688,-1.3873037099838257,0.046108566224575,0.8023058176040649,0.4118289947509765,0.8449002504348755,0.4297495782375335,-0.4970141649246216,0.1123128533363342,0.04610856422190632,0.0720489360701709,0.4118290084695886,0.3862595675834691,0.42974958047094536,0.39908496727717896,0.11231284683755975,0.14260652906918106,2,notumor,0.42974958047094536,1.1157321818419683,2,notumor,0.39908496727717896,1.2012876953874791
D3B_icdc_glioma,GLIOMA01-i_2EC9,1.3.6.1.4.1.14519.5.2.1.51358827044288932449059921854176618970,1.3.6.1.4.1.14519.5.2.1.214049945825638329059258097737917749583,AX FSE T1,BRAIN CARDIAC COIL/4,HEAD,glioma,collection_level_icdc_glioma,data/processed/D3B_icdc_glioma_selected_slices/GLIOMA01-i_2EC9/GLIOMA01-i_2EC9__737917749583__central05_idx0016.png,data/raw/D3B_icdc_glioma/1.3.6.1.4.1.14519.5.2.1.214049945825638329059258097737917749583/1-17.dcm,5,16,29,1,meningioma,0.6218369007110596,0.1420865207910537,1.0517700306579043,-0.2686292231082916,0.1420865207910537,1.2076125144958496,0.6218369007110596,-0.0791461020708084,0.1717292517423629,-1.0607690811157229,0.0643473789095878,0.14208650185494734,0.17231633134836497,0.6218368614623704,0.5345523590180027,0.17172925901550876,0.19926635917387658,0.06434737766717345,0.0938649504597558,1,meningioma,0.6218368614623704,1.0517700366209912,1,meningioma,0.5345523590180027,1.1813229322113168
D3B_icdc_glioma,GLIOMA01-i_B70F,1.3.6.1.4.1.14519.5.2.1.135473408767376676403387371231283047350,1.3.6.1.4.1.14519.5.2.1.223936393249969570249961621891124711799,BRAIN/T1_TRANS,,HEAD,glioma,collection_level_icdc_glioma,data/processed/D3B_icdc_glioma_selected_slices/GLIOMA01-i_B70F/GLIOMA01-i_B70F__891124711799__central01_idx0009.png,data/raw/D3B_icdc_glioma/1.3.6.1.4.1.14519.5.2.1.223936393249969570249961621891124711799/1-10.dcm,1,9,23,1,meningioma,0.7973157167434692,0.1148128509521484,0.6734960314786758,-0.2554810047149658,0.1148128509521484,1.6824662685394287,0.7973157167434692,-2.7177577018737797,0.009786725975573,-0.6409899592399597,0.078084722161293,0.11481285255463164,0.15834001388301994,0.7973156969309718,0.6998838740109492,0.009786723639253215,0.023962212924528926,0.07808472687514341,0.11781389918150194,1,meningioma,0.7973156969309718,0.6734960475026526,1,meningioma,0.6998838740109492,0.8829417155639444
D3B_icdc_glioma,GLIOMA01-i_B70F,1.3.6.1.4.1.14519.5.2.1.135473408767376676403387371231283047350,1.3.6.1.4.1.14519.5.2.1.223936393249969570249961621891124711799,BRAIN/T1_TRANS,,HEAD,glioma,collection_level_icdc_glioma,data/processed/D3B_icdc_glioma_selected_slices/GLIOMA01-i_B70F/GLIOMA01-i_B70F__891124711799__central02_idx0010.png,data/raw/D3B_icdc_glioma/1.3.6.1.4.1.14519.5.2.1.223936393249969570249961621891124711799/1-11.dcm,2,10,23,0,glioma,0.6185479164123535,0.6185479164123535,0.983255474186362,1.0593749284744265,0.6185479164123535,0.1966990530490875,0.2610465288162231,-1.5134416818618774,0.0472077466547489,-1.0748344659805298,0.0731977894902229,0.6185479047595269,0.5406278802345367,0.2610465559062922,0.2789866112690226,0.047207747998222346,0.07516562144056135,0.07319779133595848,0.10521988705587937,0,glioma,0.6185479047595269,0.9832554952733444,0,glioma,0.5406278802345367,1.1201082618175502
D3B_icdc_glioma,GLIOMA01-i_B70F,1.3.6.1.4.1.14519.5.2.1.135473408767376676403387371231283047350,1.3.6.1.4.1.14519.5.2.1.223936393249969570249961621891124711799,BRAIN/T1_TRANS,,HEAD,glioma,collection_level_icdc_glioma,data/processed/D3B_icdc_glioma_selected_slices/GLIOMA01-i_B70F/GLIOMA01-i_B70F__891124711799__central03_idx0011.png,data/raw/D3B_icdc_glioma/1.3.6.1.4.1.14519.5.2.1.223936393249969570249961621891124711799/1-12.dcm,3,11,23,0,glioma,0.6083353757858276,0.6083353757858276,1.0889262250843963,0.9224992394447328,0.6083353757858276,-0.9072014689445496,0.0976144671440124,-0.340186059474945,0.1720940172672271,-0.6845656037330627,0.1219561398029327,0.6083353691571053,0.521614988150492,0.09761445778712424,0.12822313234512714,0.17209403197929518,0.19806668832212934,0.1219561410764753,0.15209519118225165,0,glioma,0.6083353691571053,1.0889262285874701,0,glioma,0.521614988150492,1.2099815721546898
D3B_icdc_glioma,GLIOMA01-i_B70F,1.3.6.1.4.1.14519.5.2.1.135473408767376676403387371231283047350,1.3.6.1.4.1.14519.5.2.1.223936393249969570249961621891124711799,BRAIN/T1_TRANS,,HEAD,glioma,collection_level_icdc_glioma,data/processed/D3B_icdc_glioma_selected_slices/GLIOMA01-i_B70F/GLIOMA01-i_B70F__891124711799__central04_idx0012.png,data/raw/D3B_icdc_glioma/1.3.6.1.4.1.14519.5.2.1.223936393249969570249961621891124711799/1-13.dcm,4,12,23,0,glioma,0.4903423488140106,0.4903423488140106,1.2117495984050086,0.5225107073783875,0.4903423488140106,-0.3263208568096161,0.2098246663808822,-0.2778801620006561,0.220238909125328,-1.2956531047821045,0.0795940905809402,0.4903423316372863,0.4327425912223534,0.20982465777774353,0.22569681289159377,0.22023891046511196,0.2342386999416517,0.07959410011985821,0.10732189594440118,0,glioma,0.4903423316372863,1.2117496137998869,0,glioma,0.4327425912223534,1.2779459692694324
D3B_icdc_glioma,GLIOMA01-i_B70F,1.3.6.1.4.1.14519.5.2.1.135473408767376676403387371231283047350,1.3.6.1.4.1.14519.5.2.1.223936393249969570249961621891124711799,BRAIN/T1_TRANS,,HEAD,glioma,collection_level_icdc_glioma,data/processed/D3B_icdc_glioma_selected_slices/GLIOMA01-i_B70F/GLIOMA01-i_B70F__891124711799__central05_idx0013.png,data/raw/D3B_icdc_glioma/1.3.6.1.4.1.14519.5.2.1.223936393249969570249961621891124711799/1-14.dcm,5,13,23,0,glioma,0.8708775043487549,0.8708775043487549,0.4491295055563417,2.6897921562194824,0.8708775043487549,-1.67236328125,0.0111044496297836,0.6300003528594971,0.1110199019312858,-2.134053468704224,0.0069982171989977,0.8708774348240201,0.7898594912179816,0.011104448698929337,0.027843866355177868,0.11101989792390345,0.162754905856469,0.006998218553147065,0.019541736570371507,0,glioma,0.8708774348240201,0.4491295627748803,0,glioma,0.7898594912179816,0.6584247052446217
D3B_icdc_glioma,GLIOMA01-i_6638,1.3.6.1.4.1.14519.5.2.1.146926127960808346044494435717632958434,1.3.6.1.4.1.14519.5.2.1.230636614906262606293287971990035735457,MP RAGE TRANS + C,MP RAGE FS +C,HEAD,glioma,collection_level_icdc_glioma,data/processed/D3B_icdc_glioma_selected_slices/GLIOMA01-i_6638/GLIOMA01-i_6638__990035735457__central01_idx0019.png,data/raw/D3B_icdc_glioma/1.3.6.1.4.1.14519.5.2.1.230636614906262606293287971990035735457/1-20.dcm,1,19,42,0,glioma,0.4438162446022033,0.4438162446022033,1.2407999511348855,0.6881256103515625,0.4438162446022033,-1.0776289701461792,0.0759181678295135,0.0232739187777042,0.2282768040895462,0.1220996901392936,0.251988798379898,0.4438162336011386,0.39894374232210517,0.07591816683288688,0.10299717194240249,0.22827679296902378,0.2395974137435796,0.2519888065969508,0.25846167199191267,0,glioma,0.4438162336011386,1.2407999494289366,0,glioma,0.39894374232210517,1.292757735011191
D3B_icdc_glioma,GLIOMA01-i_6638,1.3.6.1.4.1.14519.5.2.1.146926127960808346044494435717632958434,1.3.6.1.4.1.14519.5.2.1.230636614906262606293287971990035735457,MP RAGE TRANS + C,MP RAGE FS +C,HEAD,glioma,collection_level_icdc_glioma,data/processed/D3B_icdc_glioma_selected_slices/GLIOMA01-i_6638/GLIOMA01-i_6638__990035735457__central02_idx0020.png,data/raw/D3B_icdc_glioma/1.3.6.1.4.1.14519.5.2.1.230636614906262606293287971990035735457/1-21.dcm,2,20,42,2,notumor,0.3365565836429596,0.2843280732631683,1.3263569067671237,0.1883099675178527,0.2843280732631683,-0.6967360973358154,0.1173408254981041,0.3569474518299103,0.3365565836429596,0.105664812028408,0.2617745399475097,0.284328072352829,0.2790247300665132,0.11734081990892642,0.14153935283031233,0.3365565673814557,0.3175466841476326,0.261774540356789,0.2618892329555419,2,notumor,0.3365565673814557,1.3263568988381667,2,notumor,0.3175466841476326,1.3480524999768395
D3B_icdc_glioma,GLIOMA01-i_6638,1.3.6.1.4.1.14519.5.2.1.146926127960808346044494435717632958434,1.3.6.1.4.1.14519.5.2.1.230636614906262606293287971990035735457,MP RAGE TRANS + C,MP RAGE FS +C,HEAD,glioma,collection_level_icdc_glioma,data/processed/D3B_icdc_glioma_selected_slices/GLIOMA01-i_6638/GLIOMA01-i_6638__990035735457__central03_idx0021.png,data/raw/D3B_icdc_glioma/1.3.6.1.4.1.14519.5.2.1.230636614906262606293287971990035735457/1-22.dcm,3,21,42,3,pituitary,0.5235916972160339,0.1649881601333618,1.1592700664150342,-0.144706904888153,0.1649881601333618,-1.0720298290252686,0.0652711912989616,0.2553560733795166,0.2461488991975784,1.0101317167282104,0.5235916972160339,0.16498815230492384,0.18958641498519496,0.06527118990420525,0.09310250628943423,0.2461489019699844,0.2576609452356413,0.5235917558208865,0.45965013348972955,3,pituitary,0.5235917558208865,1.159270038154749,3,pituitary,0.45965013348972955,1.2429936702227065
D3B_icdc_glioma,GLIOMA01-i_6638,1.3.6.1.4.1.14519.5.2.1.146926127960808346044494435717632958434,1.3.6.1.4.1.14519.5.2.1.230636614906262606293287971990035735457,MP RAGE TRANS + C,MP RAGE FS +C,HEAD,glioma,collection_level_icdc_glioma,data/processed/D3B_icdc_glioma_selected_slices/GLIOMA01-i_6638/GLIOMA01-i_6638__990035735457__central04_idx0022.png,data/raw/D3B_icdc_glioma/1.3.6.1.4.1.14519.5.2.1.230636614906262606293287971990035735457/1-23.dcm,4,22,42,2,notumor,0.4506310224533081,0.1124254986643791,1.2669983406536294,-0.7691852450370789,0.1124254986643791,-0.2187626659870147,0.194944217801094,0.6191728115081787,0.4506310224533081,-0.0025409683585166,0.2419993579387664,0.11242549333142907,0.13840081836892829,0.1949441875280734,0.2110850410752124,0.4506309794940296,0.40135873525098137,0.24199933964646794,0.24915540530487795,2,notumor,0.4506309794940296,1.2669983161619451,2,notumor,0.40135873525098137,1.314689344878111
D3B_icdc_glioma,GLIOMA01-i_6638,1.3.6.1.4.1.14519.5.2.1.146926127960808346044494435717632958434,1.3.6.1.4.1.14519.5.2.1.230636614906262606293287971990035735457,MP RAGE TRANS + C,MP RAGE FS +C,HEAD,glioma,collection_level_icdc_glioma,data/processed/D3B_icdc_glioma_selected_slices/GLIOMA01-i_6638/GLIOMA01-i_6638__990035735457__central05_idx0023.png,data/raw/D3B_icdc_glioma/1.3.6.1.4.1.14519.5.2.1.230636614906262606293287971990035735457/1-24.dcm,5,23,42,1,meningioma,0.479360967874527,0.0468925759196281,1.1518701037633798,-1.6000083684921265,0.0468925759196281,0.7245862483978271,0.479360967874527,-0.3818274438381195,0.1585452854633331,0.3053435385227203,0.3152011930942535,0.046892570856479375,0.07245348830257879,0.47936095632086684,0.4307922668036738,0.15854527253148362,0.18440627460708828,0.3152012002911702,0.3123479702866593,1,meningioma,0.47936095632086684,1.1518700866193667,1,meningioma,0.4307922668036738,1.2281790637149548
D3B_icdc_glioma,GLIOMA01-i_5E9A,1.3.6.1.4.1.14519.5.2.1.79654016710037857091733224322009905579,1.3.6.1.4.1.14519.5.2.1.235513932315351294077537876410998274168,BRAIN/T1_TRANS,,HEAD,glioma,collection_level_icdc_glioma,data/processed/D3B_icdc_glioma_selected_slices/GLIOMA01-i_5E9A/GLIOMA01-i_5E9A__410998274168__central01_idx0010.png,data/raw/D3B_icdc_glioma/1.3.6.1.4.1.14519.5.2.1.235513932315351294077537876410998274168/1-11.dcm,1,10,25,3,pituitary,0.8665874600410461,0.0090142805129289,0.4358438440861937,-1.838915228843689,0.0090142805129289,-3.3711202144622803,0.0019476149464026,0.7699826955795288,0.1224506422877311,2.726837635040283,0.8665874600410461,0.009014281635630225,0.023886771760275854,0.0019476142897513935,0.0073765795900189385,0.12245065009502663,0.1766255650937423,0.8665874539795918,0.7921110835559629,3,pituitary,0.8665874539795918,0.43584385859051855,3,pituitary,0.7921110835559629,0.6162426193813981
D3B_icdc_glioma,GLIOMA01-i_5E9A,1.3.6.1.4.1.14519.5.2.1.79654016710037857091733224322009905579,1.3.6.1.4.1.14519.5.2.1.235513932315351294077537876410998274168,BRAIN/T1_TRANS,,HEAD,glioma,collection_level_icdc_glioma,data/processed/D3B_icdc_glioma_selected_slices/GLIOMA01-i_5E9A/GLIOMA01-i_5E9A__410998274168__central02_idx0011.png,data/raw/D3B_icdc_glioma/1.3.6.1.4.1.14519.5.2.1.235513932315351294077537876410998274168/1-12.dcm,2,11,25,3,pituitary,0.9917958378791808,0.0009820426348596,0.0531563311786138,-2.759760618209839,0.0009820426348596,-2.9288084506988525,0.0008293044520542,-0.8864520788192749,0.0063929003663361,4.157876968383789,0.9917958378791808,0.0009820427916145138,0.004821066088959833,0.0008293042123911874,0.004234884134461029,0.006392900922124659,0.020279180341722318,0.9917957520738695,0.9706648694348569,3,pituitary,0.9917957520738695,0.053156417997609694,3,pituitary,0.9706648694348569,0.1568124149732765
D3B_icdc_glioma,GLIOMA01-i_5E9A,1.3.6.1.4.1.14519.5.2.1.79654016710037857091733224322009905579,1.3.6.1.4.1.14519.5.2.1.235513932315351294077537876410998274168,BRAIN/T1_TRANS,,HEAD,glioma,collection_level_icdc_glioma,data/processed/D3B_icdc_glioma_selected_slices/GLIOMA01-i_5E9A/GLIOMA01-i_5E9A__410998274168__central03_idx0012.png,data/raw/D3B_icdc_glioma/1.3.6.1.4.1.14519.5.2.1.235513932315351294077537876410998274168/1-13.dcm,3,12,25,3,pituitary,0.8479640483856201,0.1165275201201438,0.5318188708768716,0.0169119946658611,0.1165275201201438,-1.599994421005249,0.0231320988386869,-2.225428581237793,0.0123763447627425,2.001622676849365,0.8479640483856201,0.11652752790792863,0.16528779344964567,0.02313209669616103,0.047833092242716674,0.012376344638951037,0.02960922054647998,0.8479640307569593,0.7572698937611576,3,pituitary,0.8479640307569593,0.5318188882040515,3,pituitary,0.7572698937611576,0.757706147312272
D3B_icdc_glioma,GLIOMA01-i_5E9A,1.3.6.1.4.1.14519.5.2.1.79654016710037857091733224322009905579,1.3.6.1.4.1.14519.5.2.1.235513932315351294077537876410998274168,BRAIN/T1_TRANS,,HEAD,glioma,collection_level_icdc_glioma,data/processed/D3B_icdc_glioma_selected_slices/GLIOMA01-i_5E9A/GLIOMA01-i_5E9A__410998274168__central04_idx0013.png,data/raw/D3B_icdc_glioma/1.3.6.1.4.1.14519.5.2.1.235513932315351294077537876410998274168/1-14.dcm,4,13,25,3,pituitary,0.7858675718307495,0.1672421395778656,0.6540192639814423,0.505626916885376,0.1672421395778656,-2.482034206390381,0.00842987280339,-0.9641841053962708,0.0384604968130588,2.0529725551605225,0.7858675718307495,0.16724212032201974,0.21271588337009087,0.008429870932943444,0.021515742942125774,0.03846049314822031,0.06890930428688861,0.7858675155968164,0.6968590694008948,3,pituitary,0.7858675155968164,0.6540192761468097,3,pituitary,0.6968590694008948,0.8478554500276143
D3B_icdc_glioma,GLIOMA01-i_5E9A,1.3.6.1.4.1.14519.5.2.1.79654016710037857091733224322009905579,1.3.6.1.4.1.14519.5.2.1.235513932315351294077537876410998274168,BRAIN/T1_TRANS,,HEAD,glioma,collection_level_icdc_glioma,data/processed/D3B_icdc_glioma_selected_slices/GLIOMA01-i_5E9A/GLIOMA01-i_5E9A__410998274168__central05_idx0014.png,data/raw/D3B_icdc_glioma/1.3.6.1.4.1.14519.5.2.1.235513932315351294077537876410998274168/1-15.dcm,5,14,25,3,pituitary,0.5666733384132385,0.2132315784692764,1.068794857027052,0.1871230602264404,0.2132315784692764,-1.8358304500579836,0.0282029137015342,0.0816778689622879,0.1918921619653701,1.1645272970199585,0.5666733384132385,0.21323157571237228,0.23527601786430172,0.02820291312059595,0.049869032078412874,0.1918921688674381,0.21699964975146513,0.5666733422995938,0.4978553003058203,3,pituitary,0.5666733422995938,1.0687948568444623,3,pituitary,0.4978553003058203,1.1687405766974308
D3B_icdc_glioma,GLIOMA01-i_BD58,1.3.6.1.4.1.14519.5.2.1.286629041372342735261556993637546599739,1.3.6.1.4.1.14519.5.2.1.23630376391353921122928249927997167196,T1+C Axial,LG. CANINE BRAIN/,HEAD,glioma,collection_level_icdc_glioma,data/processed/D3B_icdc_glioma_selected_slices/GLIOMA01-i_BD58/GLIOMA01-i_BD58__927997167196__central01_idx0005.png,data/raw/D3B_icdc_glioma/1.3.6.1.4.1.14519.5.2.1.23630376391353921122928249927997167196/1-06.dcm,1,5,15,3,pituitary,0.6126134991645813,0.2525780498981476,0.9854440030344654,0.1596023142337799,0.2525780498981476,-2.075212240219116,0.0270288717001676,-0.6920294165611267,0.1077796220779419,1.0456162691116333,0.6126134991645813,0.25257803356969727,0.27222536004406966,0.027028873685268077,0.049048002228756715,0.10777961215558911,0.1416745257859281,0.6126134805894455,0.5370521119412455,3,pituitary,0.6126134805894455,0.9854439993687809,3,pituitary,0.5370521119412455,1.1128042892593095
D3B_icdc_glioma,GLIOMA01-i_BD58,1.3.6.1.4.1.14519.5.2.1.286629041372342735261556993637546599739,1.3.6.1.4.1.14519.5.2.1.23630376391353921122928249927997167196,T1+C Axial,LG. CANINE BRAIN/,HEAD,glioma,collection_level_icdc_glioma,data/processed/D3B_icdc_glioma_selected_slices/GLIOMA01-i_BD58/GLIOMA01-i_BD58__927997167196__central02_idx0006.png,data/raw/D3B_icdc_glioma/1.3.6.1.4.1.14519.5.2.1.23630376391353921122928249927997167196/1-07.dcm,2,6,15,2,notumor,0.414775937795639,0.389687567949295,1.1467479456186616,0.7550122141838074,0.389687567949295,-1.5897274017333984,0.0373601913452148,0.8174054622650146,0.414775937795639,-0.1466232538223266,0.1581762284040451,0.3896875788044887,0.368260172080847,0.03736019086605199,0.060986939580247625,0.4147759878504508,0.38630905357325046,0.1581762424790086,0.1844438347656549,2,notumor,0.4147759878504508,1.1467479497717632,2,notumor,0.38630905357325046,1.2176766250005913
D3B_icdc_glioma,GLIOMA01-i_BD58,1.3.6.1.4.1.14519.5.2.1.286629041372342735261556993637546599739,1.3.6.1.4.1.14519.5.2.1.23630376391353921122928249927997167196,T1+C Axial,LG. CANINE BRAIN/,HEAD,glioma,collection_level_icdc_glioma,data/processed/D3B_icdc_glioma_selected_slices/GLIOMA01-i_BD58/GLIOMA01-i_BD58__927997167196__central03_idx0007.png,data/raw/D3B_icdc_glioma/1.3.6.1.4.1.14519.5.2.1.23630376391353921122928249927997167196/1-08.dcm,3,7,15,0,glioma,0.7510070204734802,0.7510070204734802,0.7750157788826864,1.8238537311553955,0.7510070204734802,-2.192060708999634,0.0135380011051893,-0.1686311960220337,0.1024044454097747,0.0931681618094444,0.1330505758523941,0.7510069824298364,0.6543838928458102,0.013537999498948298,0.030083489916600054,0.10240443498349702,0.14198205951688797,0.13305058308771808,0.1735505577207018,0,glioma,0.7510069824298364,0.77501579475381,0,glioma,0.6543838928458102,0.9639980979179935
D3B_icdc_glioma,GLIOMA01-i_BD58,1.3.6.1.4.1.14519.5.2.1.286629041372342735261556993637546599739,1.3.6.1.4.1.14519.5.2.1.23630376391353921122928249927997167196,T1+C Axial,LG. CANINE BRAIN/,HEAD,glioma,collection_level_icdc_glioma,data/processed/D3B_icdc_glioma_selected_slices/GLIOMA01-i_BD58/GLIOMA01-i_BD58__927997167196__central04_idx0008.png,data/raw/D3B_icdc_glioma/1.3.6.1.4.1.14519.5.2.1.23630376391353921122928249927997167196/1-09.dcm,4,8,15,0,glioma,0.3244514465332031,0.3244514465332031,1.354812410235778,0.2164658308029174,0.3244514465332031,-0.4609768390655517,0.1647935211658477,0.1043104380369186,0.2900288999080658,-0.1687475740909576,0.2207260876893997,0.32445147235406485,0.30706694513679195,0.1647935221216092,0.1826459720057153,0.2900289038002739,0.28176017016340055,0.2207261017240519,0.22852691269409223,0,glioma,0.32445147235406485,1.3548124223417415,0,glioma,0.30706694513679195,1.367320622579653
D3B_icdc_glioma,GLIOMA01-i_BD58,1.3.6.1.4.1.14519.5.2.1.286629041372342735261556993637546599739,1.3.6.1.4.1.14519.5.2.1.23630376391353921122928249927997167196,T1+C Axial,LG. CANINE BRAIN/,HEAD,glioma,collection_level_icdc_glioma,data/processed/D3B_icdc_glioma_selected_slices/GLIOMA01-i_BD58/GLIOMA01-i_BD58__927997167196__central05_idx0009.png,data/raw/D3B_icdc_glioma/1.3.6.1.4.1.14519.5.2.1.23630376391353921122928249927997167196/1-10.dcm,5,9,15,0,glioma,0.7121848464012146,0.7121848464012146,0.817905132373113,1.7449361085891724,0.7121848464012146,-1.6997030973434448,0.0227302871644496,-0.7773351669311523,0.0571721158921718,0.5137172937393188,0.2079127579927444,0.7121848262676932,0.623143264501357,0.022730286885835543,0.044396355233555715,0.05717210986253048,0.09006227104304743,0.20791277698394078,0.2423981092220398,0,glioma,0.7121848262676932,0.8179051445090371,0,glioma,0.623143264501357,0.9933333786388772
D3B_icdc_glioma,GLIOMA01-i_E271,1.3.6.1.4.1.14519.5.2.1.61836843430643358219125670239042490797,1.3.6.1.4.1.14519.5.2.1.238285012137156161013026717114199153605,AX FSE T1,BRAIN CARDIAC COIL/4,HEAD,glioma,collection_level_icdc_glioma,data/processed/D3B_icdc_glioma_selected_slices/GLIOMA01-i_E271/GLIOMA01-i_E271__114199153605__central01_idx0010.png,data/raw/D3B_icdc_glioma/1.3.6.1.4.1.14519.5.2.1.238285012137156161013026717114199153605/1-11.dcm,1,10,25,0,glioma,0.6441411972045898,0.6441411972045898,0.915864807068541,1.5181665420532229,0.6441411972045898,0.5246257185935974,0.2385018765926361,-0.2946605384349823,0.1051187738776207,-2.4451982975006104,0.0122380889952182,0.6441412470901212,0.5670056467638173,0.23850188321469276,0.2646595704485083,0.10511878004855774,0.14119635417353232,0.012238089646628215,0.027138428614142025,0,glioma,0.6441412470901212,0.9158647919413732,0,glioma,0.5670056467638173,1.0478154548805794
D3B_icdc_glioma,GLIOMA01-i_E271,1.3.6.1.4.1.14519.5.2.1.61836843430643358219125670239042490797,1.3.6.1.4.1.14519.5.2.1.238285012137156161013026717114199153605,AX FSE T1,BRAIN CARDIAC COIL/4,HEAD,glioma,collection_level_icdc_glioma,data/processed/D3B_icdc_glioma_selected_slices/GLIOMA01-i_E271/GLIOMA01-i_E271__114199153605__central02_idx0011.png,data/raw/D3B_icdc_glioma/1.3.6.1.4.1.14519.5.2.1.238285012137156161013026717114199153605/1-12.dcm,2,11,25,0,glioma,0.9338359236717224,0.9338359236717224,0.3024358869670538,2.7949507236480717,0.9338359236717224,-0.3536452054977417,0.0400730818510055,-1.0608782768249512,0.0197562873363494,-2.198316812515259,0.0063346410170197,0.9338359860367258,0.8597657657295116,0.040073084114237274,0.07686649441603621,0.01975628796243749,0.0446881506106233,0.006334641886599614,0.018679589243828936,0,glioma,0.9338359860367258,0.3024358392517645,0,glioma,0.8597657657295116,0.5403654690607111
D3B_icdc_glioma,GLIOMA01-i_E271,1.3.6.1.4.1.14519.5.2.1.61836843430643358219125670239042490797,1.3.6.1.4.1.14519.5.2.1.238285012137156161013026717114199153605,AX FSE T1,BRAIN CARDIAC COIL/4,HEAD,glioma,collection_level_icdc_glioma,data/processed/D3B_icdc_glioma_selected_slices/GLIOMA01-i_E271/GLIOMA01-i_E271__114199153605__central03_idx0012.png,data/raw/D3B_icdc_glioma/1.3.6.1.4.1.14519.5.2.1.238285012137156161013026717114199153605/1-13.dcm,3,12,25,0,glioma,0.9065386056900024,0.9065386056900024,0.378919278300575,2.7244701385498047,0.9065386056900024,0.1398460268974304,0.0683751553297042,-1.1492977142333984,0.0188378058373928,-2.252835988998413,0.0062484117224812,0.9065386263636891,0.8257354691747439,0.06837515502902852,0.11377039174551565,0.018837805603073764,0.042332958486083996,0.006248413004208505,0.018161180593656512,0,glioma,0.9065386263636891,0.37891926367668044,0,glioma,0.8257354691747439,0.6120641037400779
D3B_icdc_glioma,GLIOMA01-i_E271,1.3.6.1.4.1.14519.5.2.1.61836843430643358219125670239042490797,1.3.6.1.4.1.14519.5.2.1.238285012137156161013026717114199153605,AX FSE T1,BRAIN CARDIAC COIL/4,HEAD,glioma,collection_level_icdc_glioma,data/processed/D3B_icdc_glioma_selected_slices/GLIOMA01-i_E271/GLIOMA01-i_E271__114199153605__central04_idx0013.png,data/raw/D3B_icdc_glioma/1.3.6.1.4.1.14519.5.2.1.238285012137156161013026717114199153605/1-14.dcm,4,13,25,0,glioma,0.9369866251945496,0.9369866251945496,0.2768096953365103,3.0574331283569336,0.9369866251945496,0.0949431508779525,0.048432882875204,-1.34454083442688,0.0114810205996036,-2.654010534286499,0.0030994513072073,0.9369866436263102,0.8696890031001477,0.04843288621575587,0.08968166891885634,0.011481018023351655,0.02973596779459241,0.003099452134582214,0.01089336018640351,0,glioma,0.9369866436263102,0.276809679897588,0,glioma,0.8696890031001477,0.4914593883762076
D3B_icdc_glioma,GLIOMA01-i_E271,1.3.6.1.4.1.14519.5.2.1.61836843430643358219125670239042490797,1.3.6.1.4.1.14519.5.2.1.238285012137156161013026717114199153605,AX FSE T1,BRAIN CARDIAC COIL/4,HEAD,glioma,collection_level_icdc_glioma,data/processed/D3B_icdc_glioma_selected_slices/GLIOMA01-i_E271/GLIOMA01-i_E271__114199153605__central05_idx0014.png,data/raw/D3B_icdc_glioma/1.3.6.1.4.1.14519.5.2.1.238285012137156161013026717114199153605/1-15.dcm,5,14,25,0,glioma,0.8311712741851807,0.8311712741851807,0.6009802753225183,2.14395523071289,0.8311712741851807,-0.027765953913331,0.0947379544377327,-0.4350122809410095,0.0630462318658828,-2.1769464015960693,0.0110445162281394,0.8311712886911645,0.73320732066388,0.09473795506565817,0.13865414125420508,0.06304623748533038,0.10146097757164692,0.011044518757846811,0.026677560510268063,0,glioma,0.8311712886911645,0.600980283131613,0,glioma,0.73320732066388,0.8303115390891475
D3B_icdc_glioma,GLIOMA01-i_99AF,1.3.6.1.4.1.14519.5.2.1.35078207812171724664948712001604452335,1.3.6.1.4.1.14519.5.2.1.241410583737689895774361929616886549474,,TE 20 T1  TRANS +C,HEAD,glioma,collection_level_icdc_glioma,data/processed/D3B_icdc_glioma_selected_slices/GLIOMA01-i_99AF/GLIOMA01-i_99AF__616886549474__central01_idx0009.png,data/raw/D3B_icdc_glioma/1.3.6.1.4.1.14519.5.2.1.241410583737689895774361929616886549474/1-10.dcm,1,9,22,0,glioma,0.635779082775116,0.635779082775116,0.9793360625193868,1.2364839315414429,0.635779082775116,0.2286924570798874,0.2320747822523117,-0.7542498111724854,0.0868443474173545,-1.405019998550415,0.045301828533411,0.6357790592784228,0.5522250747129244,0.23207477771093213,0.254958883186189,0.08684434420933246,0.11997761568399569,0.04530181880131267,0.07283842641689109,0,glioma,0.6357790592784228,0.9793360482679293,0,glioma,0.5522250747129244,1.1215589835810678
D3B_icdc_glioma,GLIOMA01-i_99AF,1.3.6.1.4.1.14519.5.2.1.35078207812171724664948712001604452335,1.3.6.1.4.1.14519.5.2.1.241410583737689895774361929616886549474,,TE 20 T1  TRANS +C,HEAD,glioma,collection_level_icdc_glioma,data/processed/D3B_icdc_glioma_selected_slices/GLIOMA01-i_99AF/GLIOMA01-i_99AF__616886549474__central02_idx0010.png,data/raw/D3B_icdc_glioma/1.3.6.1.4.1.14519.5.2.1.241410583737689895774361929616886549474/1-11.dcm,2,10,22,0,glioma,0.5474305748939514,0.5474305748939514,1.1084595039876557,0.951547145843506,0.5474305748939514,-0.132466435432434,0.1851603239774704,0.0710438787937164,0.2269505858421325,-1.6534106731414795,0.040458545088768,0.5474305502139065,0.480731409279,0.18516031612046968,0.20934889536452314,0.22695059206067322,0.2447090272162049,0.040458541604950604,0.065210668140272,0,glioma,0.5474305502139065,1.1084595037166458,0,glioma,0.480731409279,1.201987120336564
D3B_icdc_glioma,GLIOMA01-i_99AF,1.3.6.1.4.1.14519.5.2.1.35078207812171724664948712001604452335,1.3.6.1.4.1.14519.5.2.1.241410583737689895774361929616886549474,,TE 20 T1  TRANS +C,HEAD,glioma,collection_level_icdc_glioma,data/processed/D3B_icdc_glioma_selected_slices/GLIOMA01-i_99AF/GLIOMA01-i_99AF__616886549474__central03_idx0011.png,data/raw/D3B_icdc_glioma/1.3.6.1.4.1.14519.5.2.1.241410583737689895774361929616886549474/1-12.dcm,3,11,22,3,pituitary,0.315662533044815,0.2850643098354339,1.35320360978614,-0.0604809671640396,0.2850643098354339,-0.6947242021560669,0.1511800587177276,-0.1993914991617202,0.2480931431055069,0.0414779707789421,0.315662533044815,0.285064292908745,0.2781546671056351,0.15118004975707686,0.17102161271000746,0.24809313300591793,0.25004723554323677,0.3156625243282603,0.3007764846411207,3,pituitary,0.3156625243282603,1.3532035921874996,3,pituitary,0.3007764846411207,1.365879874645585
D3B_icdc_glioma,GLIOMA01-i_99AF,1.3.6.1.4.1.14519.5.2.1.35078207812171724664948712001604452335,1.3.6.1.4.1.14519.5.2.1.241410583737689895774361929616886549474,,TE 20 T1  TRANS +C,HEAD,glioma,collection_level_icdc_glioma,data/processed/D3B_icdc_glioma_selected_slices/GLIOMA01-i_99AF/GLIOMA01-i_99AF__616886549474__central04_idx0012.png,data/raw/D3B_icdc_glioma/1.3.6.1.4.1.14519.5.2.1.241410583737689895774361929616886549474/1-13.dcm,4,12,22,1,meningioma,0.7388536930084229,0.0545069687068462,0.8491836276144596,-1.2749769687652588,0.0545069687068462,1.331794500350952,0.7388536930084229,-0.7880109548568726,0.0887030810117721,-0.5031611323356628,0.117936260998249,0.054506963927142514,0.08589321511215249,0.7388537073757145,0.6340839285316072,0.08870306876961977,0.1247795413733826,0.11793625992752325,0.15524331498285787,1,meningioma,0.7388537073757145,0.849183589836961,1,meningioma,0.6340839285316072,1.0485832553309198
D3B_icdc_glioma,GLIOMA01-i_99AF,1.3.6.1.4.1.14519.5.2.1.35078207812171724664948712001604452335,1.3.6.1.4.1.14519.5.2.1.241410583737689895774361929616886549474,,TE 20 T1  TRANS +C,HEAD,glioma,collection_level_icdc_glioma,data/processed/D3B_icdc_glioma_selected_slices/GLIOMA01-i_99AF/GLIOMA01-i_99AF__616886549474__central05_idx0013.png,data/raw/D3B_icdc_glioma/1.3.6.1.4.1.14519.5.2.1.241410583737689895774361929616886549474/1-14.dcm,5,13,22,1,meningioma,0.64216548204422,0.0306298062205314,0.9824288920375494,-1.923673748970032,0.0306298062205314,1.1191985607147217,0.64216548204422,-0.1692723035812378,0.1770399063825607,-0.3339147567749023,0.15016470849514,0.03062981311149997,0.05394268649078522,0.6421655452052769,0.5563707452476099,0.17703992369340354,0.2071274963201013,0.15016471798981962,0.18255907194150356,1,meningioma,0.6421655452052769,0.9824288951487998,1,meningioma,0.5563707452476099,1.1202958222638237
D3B_icdc_glioma,GLIOMA01-i_6D5C,1.3.6.1.4.1.14519.5.2.1.182892265424180320806494238772816589687,1.3.6.1.4.1.14519.5.2.1.252265203227746269351628087789359818697,BRAIN/T1_SAG,,HEAD,glioma,collection_level_icdc_glioma,data/processed/D3B_icdc_glioma_selected_slices/GLIOMA01-i_6D5C/GLIOMA01-i_6D5C__789359818697__central01_idx0007.png,data/raw/D3B_icdc_glioma/1.3.6.1.4.1.14519.5.2.1.252265203227746269351628087789359818697/1-08.dcm,1,7,19,0,glioma,0.6620661020278931,0.6620661020278931,0.703619167657853,2.027438163757324,0.6620661020278931,1.312351942062378,0.3238495886325836,-3.869436264038086,0.0018193712458014,-1.9611798524856567,0.0122649734839797,0.6620660783817491,0.611361733165694,0.32384957896886435,0.35329546182973387,0.0018193711864651185,0.006642601999844289,0.012264971462921444,0.028700203004727837,0,glioma,0.6620660783817491,0.7036191731320056,0,glioma,0.611361733165694,0.8036348927241643
D3B_icdc_glioma,GLIOMA01-i_6D5C,1.3.6.1.4.1.14519.5.2.1.182892265424180320806494238772816589687,1.3.6.1.4.1.14519.5.2.1.252265203227746269351628087789359818697,BRAIN/T1_SAG,,HEAD,glioma,collection_level_icdc_glioma,data/processed/D3B_icdc_glioma_selected_slices/GLIOMA01-i_6D5C/GLIOMA01-i_6D5C__789359818697__central02_idx0008.png,data/raw/D3B_icdc_glioma/1.3.6.1.4.1.14519.5.2.1.252265203227746269351628087789359818697/1-09.dcm,2,8,19,0,glioma,0.781287431716919,0.781287431716919,0.6419786996985128,1.897022366523743,0.781287431716919,0.4293485879898071,0.1800562590360641,-3.1750648021698,0.0048981416039168,-1.2446963787078855,0.0337582305073738,0.7812873819123523,0.6969563249411623,0.1800562442647604,0.2261493378764968,0.00489814165970334,0.01425416490268688,0.03375823216318402,0.06264017227965413,0,glioma,0.7812873819123523,0.6419787308527058,0,glioma,0.6969563249411623,0.8219337729490352
D3B_icdc_glioma,GLIOMA01-i_6D5C,1.3.6.1.4.1.14519.5.2.1.182892265424180320806494238772816589687,1.3.6.1.4.1.14519.5.2.1.252265203227746269351628087789359818697,BRAIN/T1_SAG,,HEAD,glioma,collection_level_icdc_glioma,data/processed/D3B_icdc_glioma_selected_slices/GLIOMA01-i_6D5C/GLIOMA01-i_6D5C__789359818697__central03_idx0009.png,data/raw/D3B_icdc_glioma/1.3.6.1.4.1.14519.5.2.1.252265203227746269351628087789359818697/1-10.dcm,3,9,19,1,meningioma,0.6370726227760315,0.3122048079967499,0.8131217830175674,0.6798161864280701,0.3122048079967499,1.393040418624878,0.6370726227760315,-3.985695362091065,0.002939231460914,-1.1971657276153564,0.047783363610506,0.3122048040159808,0.33411446934449535,0.6370726044356736,0.5773449069513821,0.0029392306018997606,0.009333443917813974,0.04778336094644588,0.07920717978630869,1,meningioma,0.6370726044356736,0.8131217828492948,1,meningioma,0.5773449069513821,0.9278953279309425
D3B_icdc_glioma,GLIOMA01-i_6D5C,1.3.6.1.4.1.14519.5.2.1.182892265424180320806494238772816589687,1.3.6.1.4.1.14519.5.2.1.252265203227746269351628087789359818697,BRAIN/T1_SAG,,HEAD,glioma,collection_level_icdc_glioma,data/processed/D3B_icdc_glioma_selected_slices/GLIOMA01-i_6D5C/GLIOMA01-i_6D5C__789359818697__central04_idx0010.png,data/raw/D3B_icdc_glioma/1.3.6.1.4.1.14519.5.2.1.252265203227746269351628087789359818697/1-11.dcm,4,10,19,0,glioma,0.9837676286697388,0.9837676286697388,0.0945284377217432,3.7529704570770255,0.9837676286697388,-0.7314536571502686,0.0111002270132303,-4.048627853393555,0.0004024401714559,-1.5845494270324707,0.0047297389246523,0.9837675946530785,0.9512002239015481,0.011100227134021621,0.030530220169807675,0.00040244025593115756,0.0023985109184912765,0.004729737956968903,0.01587104501015284,0,glioma,0.9837675946530785,0.09452846796733227,0,glioma,0.9512002239015481,0.2343381598444722
D3B_icdc_glioma,GLIOMA01-i_6D5C,1.3.6.1.4.1.14519.5.2.1.182892265424180320806494238772816589687,1.3.6.1.4.1.14519.5.2.1.252265203227746269351628087789359818697,BRAIN/T1_SAG,,HEAD,glioma,collection_level_icdc_glioma,data/processed/D3B_icdc_glioma_selected_slices/GLIOMA01-i_6D5C/GLIOMA01-i_6D5C__789359818697__central05_idx0011.png,data/raw/D3B_icdc_glioma/1.3.6.1.4.1.14519.5.2.1.252265203227746269351628087789359818697/1-12.dcm,5,11,19,0,glioma,0.7272741198539734,0.7272741198539734,0.7155151047257107,1.9048364162445068,0.7272741198539734,0.7425165772438049,0.2274620682001114,-4.200917720794678,0.0016218209639191,-0.9084489345550536,0.0436419174075126,0.727274151281281,0.6514762282597205,0.22746210813553613,0.26716943375636315,0.0016218206380324899,0.006030744845551573,0.0436419199451503,0.07532359313836472,0,glioma,0.727274151281281,0.7155151061482077,0,glioma,0.6514762282597205,0.8574028263713792
D3B_icdc_glioma,GLIOMA01-i_157E,1.3.6.1.4.1.14519.5.2.1.74202149500891993119266014374660885022,1.3.6.1.4.1.14519.5.2.1.259996636277341485826359784627683529170,O-Ax T1-POST GAD,2864128/6,HEAD,glioma,collection_level_icdc_glioma,data/processed/D3B_icdc_glioma_selected_slices/GLIOMA01-i_157E/GLIOMA01-i_157E__627683529170__central01_idx0011.png,data/raw/D3B_icdc_glioma/1.3.6.1.4.1.14519.5.2.1.259996636277341485826359784627683529170/1-12.dcm,1,11,26,3,pituitary,0.5046539902687073,0.0160986892879009,0.8011518994946683,-2.102067470550537,0.0160986892879009,1.2764360904693604,0.4721239507198334,-2.9174203872680664,0.0071233985945582,1.3430675268173218,0.5046539902687073,0.01609869127566312,0.03458035898669389,0.4721239431247326,0.4613638273048279,0.007123399467237309,0.018504415864927667,0.504653966132367,0.4855513978435506,3,pituitary,0.504653966132367,0.8011519186813785,3,pituitary,0.4855513978435506,0.8978653065090441
D3B_icdc_glioma,GLIOMA01-i_157E,1.3.6.1.4.1.14519.5.2.1.74202149500891993119266014374660885022,1.3.6.1.4.1.14519.5.2.1.259996636277341485826359784627683529170,O-Ax T1-POST GAD,2864128/6,HEAD,glioma,collection_level_icdc_glioma,data/processed/D3B_icdc_glioma_selected_slices/GLIOMA01-i_157E/GLIOMA01-i_157E__627683529170__central02_idx0012.png,data/raw/D3B_icdc_glioma/1.3.6.1.4.1.14519.5.2.1.259996636277341485826359784627683529170/1-13.dcm,2,12,26,3,pituitary,0.6495243906974792,0.033386155962944,0.7937479910672044,-1.471221923828125,0.033386155962944,0.7556440234184265,0.3095151782035827,-2.954606056213379,0.0075742709450423,1.4968773126602173,0.6495243906974792,0.03338615097691076,0.06032685600960846,0.3095151744473528,0.33279029950027156,0.007574270477825917,0.01934051791531007,0.6495244040979105,0.58754232657481,3,pituitary,0.6495244040979105,0.7937479690216209,3,pituitary,0.58754232657481,0.9243147374194882
D3B_icdc_glioma,GLIOMA01-i_157E,1.3.6.1.4.1.14519.5.2.1.74202149500891993119266014374660885022,1.3.6.1.4.1.14519.5.2.1.259996636277341485826359784627683529170,O-Ax T1-POST GAD,2864128/6,HEAD,glioma,collection_level_icdc_glioma,data/processed/D3B_icdc_glioma_selected_slices/GLIOMA01-i_157E/GLIOMA01-i_157E__627683529170__central03_idx0013.png,data/raw/D3B_icdc_glioma/1.3.6.1.4.1.14519.5.2.1.259996636277341485826359784627683529170/1-14.dcm,3,13,26,3,pituitary,0.7941605448722839,0.0416057966649532,0.7088964022531254,-1.4353853464126587,0.0416057966649532,-0.386539489030838,0.1187576949596405,-1.346440315246582,0.0454759858548641,1.513660907745361,0.7941605448722839,0.041605791071139916,0.07192251978495699,0.1187576929319517,0.1607622488799194,0.04547598558041316,0.07699953941461796,0.7941605304164951,0.6903156919205057,3,pituitary,0.7941605304164951,0.7088963983190827,3,pituitary,0.6903156919205057,0.9364165928444554
D3B_icdc_glioma,GLIOMA01-i_157E,1.3.6.1.4.1.14519.5.2.1.74202149500891993119266014374660885022,1.3.6.1.4.1.14519.5.2.1.259996636277341485826359784627683529170,O-Ax T1-POST GAD,2864128/6,HEAD,glioma,collection_level_icdc_glioma,data/processed/D3B_icdc_glioma_selected_slices/GLIOMA01-i_157E/GLIOMA01-i_157E__627683529170__central04_idx0014.png,data/raw/D3B_icdc_glioma/1.3.6.1.4.1.14519.5.2.1.259996636277341485826359784627683529170/1-15.dcm,4,14,26,3,pituitary,0.8520448207855225,0.0193517133593559,0.4976472975289877,-1.6975151300430298,0.0193517133593559,0.1568516045808792,0.1236120238900184,-3.052565097808838,0.0049914740957319,2.087342977523804,0.8520448207855225,0.019351714105731176,0.04215929120975395,0.12361201319710223,0.17478011706677954,0.004991472877599402,0.014913944832300364,0.8520447998195673,0.7681466468911661,3,pituitary,0.8520447998195673,0.4976473004362365,3,pituitary,0.7681466468911661,0.7036826612760254
D3B_icdc_glioma,GLIOMA01-i_157E,1.3.6.1.4.1.14519.5.2.1.74202149500891993119266014374660885022,1.3.6.1.4.1.14519.5.2.1.259996636277341485826359784627683529170,O-Ax T1-POST GAD,2864128/6,HEAD,glioma,collection_level_icdc_glioma,data/processed/D3B_icdc_glioma_selected_slices/GLIOMA01-i_157E/GLIOMA01-i_157E__627683529170__central05_idx0015.png,data/raw/D3B_icdc_glioma/1.3.6.1.4.1.14519.5.2.1.259996636277341485826359784627683529170/1-16.dcm,5,15,26,3,pituitary,0.5085148215293884,0.1355555653572082,1.0817989482534718,-0.5721309781074524,0.1355555653572082,0.3096960186958313,0.3274085223674774,-2.130868673324585,0.0285210963338613,0.749981701374054,0.5085148215293884,0.13555557136479707,0.16596352805906986,0.32740851541899185,0.3263668469581892,0.028521094796959426,0.05021962730654333,0.5085148184192517,0.45744999767619743,3,pituitary,0.5085148184192517,1.0817989505183112,3,pituitary,0.45744999767619743,1.1715026444541496
D3B_icdc_glioma,GLIOMA01-i_4990,1.3.6.1.4.1.14519.5.2.1.322834917946698574054866040181461385664,1.3.6.1.4.1.14519.5.2.1.261816588200105413007978141462632206860,,TE 20 T1  TRANS +C,HEAD,glioma,collection_level_icdc_glioma,data/processed/D3B_icdc_glioma_selected_slices/GLIOMA01-i_4990/GLIOMA01-i_4990__462632206860__central01_idx0008.png,data/raw/D3B_icdc_glioma/1.3.6.1.4.1.14519.5.2.1.261816588200105413007978141462632206860/1-09.dcm,1,8,20,2,notumor,0.8987237215042114,0.0420010797679424,0.4278441716179815,-0.7142784595489502,0.0420010797679424,-0.618489146232605,0.0462233237922191,2.349001884460449,0.8987237215042114,-1.8830406665802,0.0130518954247236,0.04200107875956969,0.07715393924372789,0.04622332847636425,0.08303493171188236,0.8987237008740803,0.8083263489620945,0.013051891889985897,0.03148478008229526,2,notumor,0.8987237008740803,0.42784418577133043,2,notumor,0.8083263489620945,0.6851822147319446
D3B_icdc_glioma,GLIOMA01-i_4990,1.3.6.1.4.1.14519.5.2.1.322834917946698574054866040181461385664,1.3.6.1.4.1.14519.5.2.1.261816588200105413007978141462632206860,,TE 20 T1  TRANS +C,HEAD,glioma,collection_level_icdc_glioma,data/processed/D3B_icdc_glioma_selected_slices/GLIOMA01-i_4990/GLIOMA01-i_4990__462632206860__central02_idx0009.png,data/raw/D3B_icdc_glioma/1.3.6.1.4.1.14519.5.2.1.261816588200105413007978141462632206860/1-10.dcm,2,9,20,2,notumor,0.5249133706092834,0.0917413458228111,1.0677144829690055,-1.0105289220809937,0.0917413458228111,0.2885589301586151,0.3363192975521087,0.7337311506271362,0.5249133706092834,-1.678802490234375,0.0470259487628936,0.09174134911775474,0.12319648189100552,0.33631931373820806,0.33362672708828206,0.5249133848027183,0.4693814209430111,0.047025952341318775,0.07379537007770137,2,notumor,0.5249133848027183,1.0677144913123309,2,notumor,0.4693814209430111,1.171559598800029
D3B_icdc_glioma,GLIOMA01-i_4990,1.3.6.1.4.1.14519.5.2.1.322834917946698574054866040181461385664,1.3.6.1.4.1.14519.5.2.1.261816588200105413007978141462632206860,,TE 20 T1  TRANS +C,HEAD,glioma,collection_level_icdc_glioma,data/processed/D3B_icdc_glioma_selected_slices/GLIOMA01-i_4990/GLIOMA01-i_4990__462632206860__central03_idx0010.png,data/raw/D3B_icdc_glioma/1.3.6.1.4.1.14519.5.2.1.261816588200105413007978141462632206860/1-11.dcm,3,10,20,1,meningioma,0.5208100080490112,0.2499246299266815,1.180180224325306,-0.2548170685768127,0.2499246299266815,0.4794088900089264,0.5208100080490112,-0.8912646770477295,0.132252350449562,-1.201130986213684,0.0970130562782287,0.24992461741305252,0.2594822429865605,0.5208100045268196,0.45566150983778625,0.13225233593065286,0.15927151851342408,0.0970130421294751,0.1255847286622293,1,meningioma,0.5208100045268196,1.1801801869995199,1,meningioma,0.45566150983778625,1.2613760404651773
D3B_icdc_glioma,GLIOMA01-i_4990,1.3.6.1.4.1.14519.5.2.1.322834917946698574054866040181461385664,1.3.6.1.4.1.14519.5.2.1.261816588200105413007978141462632206860,,TE 20 T1  TRANS +C,HEAD,glioma,collection_level_icdc_glioma,data/processed/D3B_icdc_glioma_selected_slices/GLIOMA01-i_4990/GLIOMA01-i_4990__462632206860__central04_idx0011.png,data/raw/D3B_icdc_glioma/1.3.6.1.4.1.14519.5.2.1.261816588200105413007978141462632206860/1-12.dcm,4,11,20,1,meningioma,0.4505776762962341,0.0968422293663024,1.1884545073401602,-1.0628608465194702,0.0968422293663024,0.4745863974094391,0.4505776762962341,0.2169877290725708,0.3482538759708404,-0.9884209632873536,0.1043262630701065,0.09684223031793514,0.12533831262327969,0.45057764119381893,0.4075043136877934,0.3482538745446238,0.3344557849379794,0.10432625394362205,0.13270158875094762,1,meningioma,0.45057764119381893,1.1884545041484962,1,meningioma,0.4075043136877934,1.260437052471085
D3B_icdc_glioma,GLIOMA01-i_4990,1.3.6.1.4.1.14519.5.2.1.322834917946698574054866040181461385664,1.3.6.1.4.1.14519.5.2.1.261816588200105413007978141462632206860,,TE 20 T1  TRANS +C,HEAD,glioma,collection_level_icdc_glioma,data/processed/D3B_icdc_glioma_selected_slices/GLIOMA01-i_4990/GLIOMA01-i_4990__462632206860__central05_idx0012.png,data/raw/D3B_icdc_glioma/1.3.6.1.4.1.14519.5.2.1.261816588200105413007978141462632206860/1-13.dcm,5,12,20,1,meningioma,0.6440908312797546,0.0591808445751667,0.9653387859188538,-1.3098825216293335,0.0591808445751667,1.0773594379425049,0.6440908312797546,0.0611778609454631,0.2331444472074508,-1.2381203174591064,0.063583880662918,0.059180838011414334,0.08963194672455053,0.6440908366302752,0.5591601196917376,0.23314444330303943,0.25650502795523383,0.06358388205527093,0.09470290562847804,1,meningioma,0.6440908366302752,0.9653387715924402,1,meningioma,0.5591601196917376,1.1134650734282325
D3B_icdc_glioma,GLIOMA01-i_56B5,1.3.6.1.4.1.14519.5.2.1.257123111669720300381972688887376360399,1.3.6.1.4.1.14519.5.2.1.265372530672259962233653648149633492244,MP RAGE FS +C,MP RAGE FS +C,HEAD,glioma,collection_level_icdc_glioma,data/processed/D3B_icdc_glioma_selected_slices/GLIOMA01-i_56B5/GLIOMA01-i_56B5__149633492244__central01_idx0126.png,data/raw/D3B_icdc_glioma/1.3.6.1.4.1.14519.5.2.1.265372530672259962233653648149633492244/1-127.dcm,1,126,256,0,glioma,0.994025945663452,0.994025945663452,0.0374774437734728,5.235293388366699,0.994025945663452,-4.013556957244873,9.5647425041534e-05,-4.138737678527832,8.439325756626204e-05,0.0903509631752967,0.0057939891703426,0.994025970896341,0.9795021236298121,9.56473764963075e-05,0.0008140786725037844,8.439326046179761e-05,0.0007395623788089533,0.005793988466701082,0.01894423531887512,0,glioma,0.994025970896341,0.03747741539453972,0,glioma,0.9795021236298121,0.10654677423066328
D3B_icdc_glioma,GLIOMA01-i_56B5,1.3.6.1.4.1.14519.5.2.1.257123111669720300381972688887376360399,1.3.6.1.4.1.14519.5.2.1.265372530672259962233653648149633492244,MP RAGE FS +C,MP RAGE FS +C,HEAD,glioma,collection_level_icdc_glioma,data/processed/D3B_icdc_glioma_selected_slices/GLIOMA01-i_56B5/GLIOMA01-i_56B5__149633492244__central02_idx0127.png,data/raw/D3B_icdc_glioma/1.3.6.1.4.1.14519.5.2.1.265372530672259962233653648149633492244/1-128.dcm,2,127,256,0,glioma,0.9972593784332277,0.9972593784332277,0.0214879131934748,4.6873955726623535,0.9972593784332277,-2.605757236480713,0.0006783161079511,-3.073019504547119,0.0004251113568898,-1.7246663570404053,0.0016371373785659,0.9972594354670029,0.986538161013111,0.0006783161126068164,0.003673854360641524,0.00042511135824337674,0.002567436805972828,0.0016371370621467663,0.007220547820274701,0,glioma,0.9972594354670029,0.021487854641337973,0,glioma,0.986538161013111,0.08488595682060376
D3B_icdc_glioma,GLIOMA01-i_56B5,1.3.6.1.4.1.14519.5.2.1.257123111669720300381972688887376360399,1.3.6.1.4.1.14519.5.2.1.265372530672259962233653648149633492244,MP RAGE FS +C,MP RAGE FS +C,HEAD,glioma,collection_level_icdc_glioma,data/processed/D3B_icdc_glioma_selected_slices/GLIOMA01-i_56B5/GLIOMA01-i_56B5__149633492244__central03_idx0128.png,data/raw/D3B_icdc_glioma/1.3.6.1.4.1.14519.5.2.1.265372530672259962233653648149633492244/1-129.dcm,3,128,256,0,glioma,0.9279748797416688,0.9279748797416688,0.3179215058538719,2.4873361587524414,0.9279748797416688,-1.5369535684585571,0.0165885891765356,-2.4608638286590576,0.0065850666724145,-0.4568851590156555,0.0488514155149459,0.9279749261327432,0.8527021868410157,0.01658858794840058,0.03894965312250729,0.006585068422199138,0.019177603858693125,0.048851417496656994,0.08917055617778398,0,glioma,0.9279749261327432,0.3179214701648337,0,glioma,0.8527021868410157,0.5536562378311318
D3B_icdc_glioma,GLIOMA01-i_56B5,1.3.6.1.4.1.14519.5.2.1.257123111669720300381972688887376360399,1.3.6.1.4.1.14519.5.2.1.265372530672259962233653648149633492244,MP RAGE FS +C,MP RAGE FS +C,HEAD,glioma,collection_level_icdc_glioma,data/processed/D3B_icdc_glioma_selected_slices/GLIOMA01-i_56B5/GLIOMA01-i_56B5__149633492244__central04_idx0129.png,data/raw/D3B_icdc_glioma/1.3.6.1.4.1.14519.5.2.1.265372530672259962233653648149633492244/1-130.dcm,4,129,256,3,pituitary,0.4512360095977783,0.2226710617542266,1.156418505230179,-0.2854595184326172,0.2226710617542266,0.0034422185271978,0.2972570955753326,-2.3295366764068604,0.0288358256220817,0.4208353757858276,0.4512360095977783,0.2226710658745468,0.23949837048387426,0.29725708741146,0.29889701639182126,0.02883582343997364,0.04994828585741692,0.45123602327401946,0.4116563272668875,3,pituitary,0.45123602327401946,1.1564184972095157,3,pituitary,0.4116563272668875,1.2183136972298563
D3B_icdc_glioma,GLIOMA01-i_56B5,1.3.6.1.4.1.14519.5.2.1.257123111669720300381972688887376360399,1.3.6.1.4.1.14519.5.2.1.265372530672259962233653648149633492244,MP RAGE FS +C,MP RAGE FS +C,HEAD,glioma,collection_level_icdc_glioma,data/processed/D3B_icdc_glioma_selected_slices/GLIOMA01-i_56B5/GLIOMA01-i_56B5__149633492244__central05_idx0130.png,data/raw/D3B_icdc_glioma/1.3.6.1.4.1.14519.5.2.1.265372530672259962233653648149633492244/1-131.dcm,5,130,256,3,pituitary,0.3457210958003998,0.3050329983234405,1.323947883281246,-0.1386920511722564,0.3050329983234405,-1.0390563011169434,0.1239719986915588,-0.4417949914932251,0.2252739071846008,-0.0134796053171157,0.3457210958003998,0.305032994966174,0.2945751559845991,0.12397199595520558,0.14768244984286485,0.22527390348364557,0.2334787578319736,0.3457211055949748,0.32426363634056243,3,pituitary,0.3457211055949748,1.3239478784693586,3,pituitary,0.32426363634056243,1.347325229379372
D3B_icdc_glioma,GLIOMA01-i_03A6,1.3.6.1.4.1.14519.5.2.1.314316487728501506587013300243937537423,1.3.6.1.4.1.14519.5.2.1.294585940264655347012941094237670679311,BRAIN/T1_TRANS,,HEAD,glioma,collection_level_icdc_glioma,data/processed/D3B_icdc_glioma_selected_slices/GLIOMA01-i_03A6/GLIOMA01-i_03A6__237670679311__central01_idx0007.png,data/raw/D3B_icdc_glioma/1.3.6.1.4.1.14519.5.2.1.294585940264655347012941094237670679311/1-08.dcm,1,7,19,1,meningioma,0.7647401094436646,0.1965245306491851,0.6736264695962709,0.3912286758422851,0.1965245306491851,1.749977469444275,0.7647401094436646,-2.5181989669799805,0.010711945593357,-1.5565180778503418,0.0280234143137931,0.19652452901959921,0.23999159730113936,0.764740107033157,0.6803442247051276,0.010711946460742524,0.025775565589312172,0.028023417486501393,0.05388861240442091,1,meningioma,0.764740107033157,0.6736264815747728,1,meningioma,0.6803442247051276,0.8562385514407004
D3B_icdc_glioma,GLIOMA01-i_03A6,1.3.6.1.4.1.14519.5.2.1.314316487728501506587013300243937537423,1.3.6.1.4.1.14519.5.2.1.294585940264655347012941094237670679311,BRAIN/T1_TRANS,,HEAD,glioma,collection_level_icdc_glioma,data/processed/D3B_icdc_glioma_selected_slices/GLIOMA01-i_03A6/GLIOMA01-i_03A6__237670679311__central02_idx0008.png,data/raw/D3B_icdc_glioma/1.3.6.1.4.1.14519.5.2.1.294585940264655347012941094237670679311/1-09.dcm,2,8,19,1,meningioma,0.8758385181427002,0.0438910610973835,0.4696048183195354,-0.7270968556404114,0.0438910610973835,2.266374349594116,0.8758385181427002,-3.309810161590576,0.0033167900983244,-0.1656042039394378,0.076953649520874,0.0438910543274959,0.07932208627350879,0.87583851531012,0.7877216004019382,0.00331678924299068,0.010945077410090725,0.07695364111939332,0.12201123591446231,1,meningioma,0.87583851531012,0.4696047892113935,1,meningioma,0.7877216004019382,0.6950633130981981
D3B_icdc_glioma,GLIOMA01-i_03A6,1.3.6.1.4.1.14519.5.2.1.314316487728501506587013300243937537423,1.3.6.1.4.1.14519.5.2.1.294585940264655347012941094237670679311,BRAIN/T1_TRANS,,HEAD,glioma,collection_level_icdc_glioma,data/processed/D3B_icdc_glioma_selected_slices/GLIOMA01-i_03A6/GLIOMA01-i_03A6__237670679311__central03_idx0009.png,data/raw/D3B_icdc_glioma/1.3.6.1.4.1.14519.5.2.1.294585940264655347012941094237670679311/1-10.dcm,3,9,19,1,meningioma,0.8171188235282898,0.0240813177078962,0.5680650762758235,-1.4043591022491455,0.0240813177078962,2.1199891567230225,0.8171188235282898,-3.043555736541748,0.0046750498004257,0.45196732878685,0.1541248112916946,0.02408131602137012,0.0491229537692292,0.8171188291253548,0.732946443140426,0.004675048966039316,0.013974889048523498,0.15412480588723573,0.20395571404182133,1,meningioma,0.8171188291253548,0.5680650588668277,1,meningioma,0.732946443140426,0.7596814158142056
D3B_icdc_glioma,GLIOMA01-i_03A6,1.3.6.1.4.1.14519.5.2.1.314316487728501506587013300243937537423,1.3.6.1.4.1.14519.5.2.1.294585940264655347012941094237670679311,BRAIN/T1_TRANS,,HEAD,glioma,collection_level_icdc_glioma,data/processed/D3B_icdc_glioma_selected_slices/GLIOMA01-i_03A6/GLIOMA01-i_03A6__237670679311__central04_idx0010.png,data/raw/D3B_icdc_glioma/1.3.6.1.4.1.14519.5.2.1.294585940264655347012941094237670679311/1-11.dcm,4,10,19,0,glioma,0.9246448278427124,0.9246448278427124,0.3456558388539624,2.4340333938598637,0.9246448278427124,-0.9453141689300536,0.0315023474395275,-1.784328579902649,0.0136133087798953,-0.9862267971038818,0.0302395150065422,0.9246448293371673,0.8425624142833114,0.031502349574093126,0.06311127332279293,0.013613306339518426,0.03316441495864885,0.03023951474922102,0.061161897435247047,0,glioma,0.9246448293371673,0.34565583403454603,0,glioma,0.8425624142833114,0.6025723170912634
D3B_icdc_glioma,GLIOMA01-i_03A6,1.3.6.1.4.1.14519.5.2.1.314316487728501506587013300243937537423,1.3.6.1.4.1.14519.5.2.1.294585940264655347012941094237670679311,BRAIN/T1_TRANS,,HEAD,glioma,collection_level_icdc_glioma,data/processed/D3B_icdc_glioma_selected_slices/GLIOMA01-i_03A6/GLIOMA01-i_03A6__237670679311__central05_idx0011.png,data/raw/D3B_icdc_glioma/1.3.6.1.4.1.14519.5.2.1.294585940264655347012941094237670679311/1-12.dcm,5,11,19,0,glioma,0.8181514143943787,0.8181514143943787,0.6501870780743821,1.841819167137146,0.8181514143943787,-1.195346713066101,0.0392472594976425,-0.2012358903884887,0.1060586646199226,-1.2667503356933594,0.0365425683557987,0.8181514919817802,0.7151602937566142,0.03924726017267756,0.06964215666681664,0.10605867301133584,0.14926632188151556,0.03654257483420643,0.06593122769505359,0,glioma,0.8181514919817802,0.6501870429673894,0,glioma,0.7151602937566142,0.8884944452135757
D3B_icdc_glioma,GLIOMA01-i_502F,1.3.6.1.4.1.14519.5.2.1.212328576300822964287697094625288806431,1.3.6.1.4.1.14519.5.2.1.300091175080975745865361767253344587917,T1/SAG/SE +C,T1/SAG/SE +C,HEAD,glioma,collection_level_icdc_glioma,data/processed/D3B_icdc_glioma_selected_slices/GLIOMA01-i_502F/GLIOMA01-i_502F__253344587917__central01_idx0008.png,data/raw/D3B_icdc_glioma/1.3.6.1.4.1.14519.5.2.1.300091175080975745865361767253344587917/1-09.dcm,1,8,21,0,glioma,0.8562785983085632,0.8562785983085632,0.442142936749522,2.733506917953491,0.8562785983085632,-3.625076293945313,0.0014829188585281,-2.375528573989868,0.0051735560409724,0.9013659954071044,0.1370649486780166,0.8562785821679479,0.7856286261528442,0.0014829191706928798,0.005990798332966759,0.005173556058524433,0.0156188062657268,0.13706494260283478,0.19276176924846222,0,glioma,0.8562785821679479,0.44214294618377903,0,glioma,0.7856286261528442,0.6025142866649242
D3B_icdc_glioma,GLIOMA01-i_502F,1.3.6.1.4.1.14519.5.2.1.212328576300822964287697094625288806431,1.3.6.1.4.1.14519.5.2.1.300091175080975745865361767253344587917,T1/SAG/SE +C,T1/SAG/SE +C,HEAD,glioma,collection_level_icdc_glioma,data/processed/D3B_icdc_glioma_selected_slices/GLIOMA01-i_502F/GLIOMA01-i_502F__253344587917__central02_idx0009.png,data/raw/D3B_icdc_glioma/1.3.6.1.4.1.14519.5.2.1.300091175080975745865361767253344587917/1-10.dcm,2,9,21,3,pituitary,0.873157799243927,0.0060076755471527,0.4757903296719094,-3.060841560363769,0.0060076755471527,-1.3444148302078247,0.0334303751587867,-0.3833376765251159,0.0874040946364402,1.918236494064331,0.873157799243927,0.006007677848829197,0.017225883392248252,0.033430378509311943,0.06424497573812764,0.08740409861713815,0.13425389425176185,0.8731578450247206,0.7842752466178622,3,pituitary,0.8731578450247206,0.4757903133281658,3,pituitary,0.7842752466178622,0.7064759879133162
D3B_icdc_glioma,GLIOMA01-i_502F,1.3.6.1.4.1.14519.5.2.1.212328576300822964287697094625288806431,1.3.6.1.4.1.14519.5.2.1.300091175080975745865361767253344587917,T1/SAG/SE +C,T1/SAG/SE +C,HEAD,glioma,collection_level_icdc_glioma,data/processed/D3B_icdc_glioma_selected_slices/GLIOMA01-i_502F/GLIOMA01-i_502F__253344587917__central03_idx0010.png,data/raw/D3B_icdc_glioma/1.3.6.1.4.1.14519.5.2.1.300091175080975745865361767253344587917/1-11.dcm,3,10,21,2,notumor,0.9044312238693236,0.0001682792935753,0.3532901579331922,-5.488016128540039,0.0001682792935753,-1.189833402633667,0.0123796295374631,3.1014206409454346,0.9044312238693236,0.7132061123847961,0.083020843565464,0.00016827924907105948,0.0011495841575034605,0.012379628308488618,0.031049520242031056,0.9044312443346507,0.8341831505857297,0.08302084810778952,0.13361774501473594,2,notumor,0.9044312443346507,0.3532901417750319,2,notumor,0.8341831505857297,0.5357714695289459
D3B_icdc_glioma,GLIOMA01-i_502F,1.3.6.1.4.1.14519.5.2.1.212328576300822964287697094625288806431,1.3.6.1.4.1.14519.5.2.1.300091175080975745865361767253344587917,T1/SAG/SE +C,T1/SAG/SE +C,HEAD,glioma,collection_level_icdc_glioma,data/processed/D3B_icdc_glioma_selected_slices/GLIOMA01-i_502F/GLIOMA01-i_502F__253344587917__central04_idx0011.png,data/raw/D3B_icdc_glioma/1.3.6.1.4.1.14519.5.2.1.300091175080975745865361767253344587917/1-12.dcm,4,11,21,2,notumor,0.9681982398033142,0.0009823169093579,0.1573517609621961,-3.337682008743286,0.0009823169093579,-1.9174840450286863,0.0040647662244737,3.555596351623535,0.9681982398033142,-0.0331323817372322,0.0267546456307172,0.0009823167465218428,0.0046687550958359044,0.004064767287624891,0.01387392901000389,0.9681982695289028,0.9226021343026447,0.026754646436950538,0.05885518159151539,2,notumor,0.9681982695289028,0.1573517381354859,2,notumor,0.9226021343026447,0.32544554682366034
D3B_icdc_glioma,GLIOMA01-i_502F,1.3.6.1.4.1.14519.5.2.1.212328576300822964287697094625288806431,1.3.6.1.4.1.14519.5.2.1.300091175080975745865361767253344587917,T1/SAG/SE +C,T1/SAG/SE +C,HEAD,glioma,collection_level_icdc_glioma,data/processed/D3B_icdc_glioma_selected_slices/GLIOMA01-i_502F/GLIOMA01-i_502F__253344587917__central05_idx0012.png,data/raw/D3B_icdc_glioma/1.3.6.1.4.1.14519.5.2.1.300091175080975745865361767253344587917/1-13.dcm,5,12,21,0,glioma,0.6931301951408386,0.6931301951408386,0.8463581536711202,1.4675272703170776,0.6931301951408386,-2.669524908065796,0.0110691925510764,0.2508870363235473,0.2053216099739074,-0.5685724020004272,0.0904790461063385,0.6931301668267117,0.6078682388229618,0.011069190672741747,0.025465958125946365,0.20532160987629328,0.23911465044779334,0.09047903262425334,0.12755115260329863,0,glioma,0.6931301668267117,0.8463581460587468,0,glioma,0.6078682388229618,1.0008519401527032
D3B_icdc_glioma,GLIOMA01-i_3F8C,1.3.6.1.4.1.14519.5.2.1.237207137877983610409321185946069216444,1.3.6.1.4.1.14519.5.2.1.306487070196134498715471133536062558120,O-Ax T1 SE S,"Brain, Head Coil/",HEAD,glioma,collection_level_icdc_glioma,data/processed/D3B_icdc_glioma_selected_slices/GLIOMA01-i_3F8C/GLIOMA01-i_3F8C__536062558120__central01_idx0008.png,data/raw/D3B_icdc_glioma/1.3.6.1.4.1.14519.5.2.1.306487070196134498715471133536062558120/1-09.dcm,1,8,20,0,glioma,0.8739194869995117,0.8739194869995117,0.4961573528068458,2.319113254547119,0.8739194869995117,-1.75406014919281,0.0148769747465848,-0.811356782913208,0.0381878763437271,-0.1632010340690612,0.0730156600475311,0.8739194811402856,0.7790110196823632,0.014876976861147202,0.034274336835976096,0.03818788073805807,0.07062157101841991,0.07301566126050912,0.11609307246324081,0,glioma,0.8739194811402856,0.4961573765755172,0,glioma,0.7790110196823632,0.7473294449506865
D3B_icdc_glioma,GLIOMA01-i_3F8C,1.3.6.1.4.1.14519.5.2.1.237207137877983610409321185946069216444,1.3.6.1.4.1.14519.5.2.1.306487070196134498715471133536062558120,O-Ax T1 SE S,"Brain, Head Coil/",HEAD,glioma,collection_level_icdc_glioma,data/processed/D3B_icdc_glioma_selected_slices/GLIOMA01-i_3F8C/GLIOMA01-i_3F8C__536062558120__central02_idx0009.png,data/raw/D3B_icdc_glioma/1.3.6.1.4.1.14519.5.2.1.306487070196134498715471133536062558120/1-10.dcm,2,9,20,0,glioma,0.6619691252708435,0.6619691252708435,0.8378396277843896,1.6468908786773682,0.6619691252708435,-2.2333052158355717,0.0136675294488668,-0.9191855788230896,0.0508633404970169,0.7629732489585876,0.2734999060630798,0.6619691892107785,0.5887641364632931,0.01366752961171316,0.030035723392615427,0.05086334646320751,0.0822824048881206,0.27349993471430084,0.298917735255971,0,glioma,0.6619691892107785,0.8378396110567576,0,glioma,0.5887641364632931,0.983649565417139
D3B_icdc_glioma,GLIOMA01-i_3F8C,1.3.6.1.4.1.14519.5.2.1.237207137877983610409321185946069216444,1.3.6.1.4.1.14519.5.2.1.306487070196134498715471133536062558120,O-Ax T1 SE S,"Brain, Head Coil/",HEAD,glioma,collection_level_icdc_glioma,data/processed/D3B_icdc_glioma_selected_slices/GLIOMA01-i_3F8C/GLIOMA01-i_3F8C__536062558120__central03_idx0010.png,data/raw/D3B_icdc_glioma/1.3.6.1.4.1.14519.5.2.1.306487070196134498715471133536062558120/1-11.dcm,3,10,20,0,glioma,0.7709259986877441,0.7709259986877441,0.6681325302908879,2.350020408630371,0.7709259986877441,-4.063928604125977,0.0012631940189749,-0.3498519957065582,0.0518170818686485,0.8728761076927185,0.1759936958551406,0.7709260286270196,0.6870171186432278,0.0012631939747107257,0.005021058983200808,0.05181709025249692,0.08665074703574208,0.1759936871457727,0.22131107533782926,0,glioma,0.7709260286270196,0.6681325179007005,0,glioma,0.6870171186432278,0.8302002805519715
D3B_icdc_glioma,GLIOMA01-i_3F8C,1.3.6.1.4.1.14519.5.2.1.237207137877983610409321185946069216444,1.3.6.1.4.1.14519.5.2.1.306487070196134498715471133536062558120,O-Ax T1 SE S,"Brain, Head Coil/",HEAD,glioma,collection_level_icdc_glioma,data/processed/D3B_icdc_glioma_selected_slices/GLIOMA01-i_3F8C/GLIOMA01-i_3F8C__536062558120__central04_idx0011.png,data/raw/D3B_icdc_glioma/1.3.6.1.4.1.14519.5.2.1.306487070196134498715471133536062558120/1-12.dcm,4,11,20,3,pituitary,0.547909677028656,0.4408400356769562,0.744424171181608,2.135361194610596,0.4408400356769562,-4.024215221405029,0.0009315604693256,-1.619357347488403,0.0103187588974833,2.352789640426636,0.547909677028656,0.4408400034876174,0.44513709289185893,0.000931560250119761,0.003954035839433201,0.010318758615637108,0.025002357446774873,0.5479096776466257,0.5259065138219331,3,pituitary,0.5479096776466257,0.7444241744415345,3,pituitary,0.5259065138219331,0.812352265766902
D3B_icdc_glioma,GLIOMA01-i_3F8C,1.3.6.1.4.1.14519.5.2.1.237207137877983610409321185946069216444,1.3.6.1.4.1.14519.5.2.1.306487070196134498715471133536062558120,O-Ax T1 SE S,"Brain, Head Coil/",HEAD,glioma,collection_level_icdc_glioma,data/processed/D3B_icdc_glioma_selected_slices/GLIOMA01-i_3F8C/GLIOMA01-i_3F8C__536062558120__central05_idx0012.png,data/raw/D3B_icdc_glioma/1.3.6.1.4.1.14519.5.2.1.306487070196134498715471133536062558120/1-13.dcm,5,12,20,3,pituitary,0.4805278778076172,0.4482455253601074,0.9149758762681262,1.4274024963378906,0.4482455253601074,-3.3314313888549805,0.0038439752534031,-0.4675531387329101,0.0673825070261955,1.4969466924667358,0.4805278778076172,0.44824555740163086,0.4320389728223759,0.0038439762639563293,0.011235398074186767,0.06738251523476474,0.10101968855788204,0.480527951099648,0.45570594054555535,3,pituitary,0.480527951099648,0.914975868901031,3,pituitary,0.45570594054555535,1.0027406322729067
D3B_icdc_glioma,GLIOMA01-i_607E,1.3.6.1.4.1.14519.5.2.1.225257061635076869524524609393333127594,1.3.6.1.4.1.14519.5.2.1.306624957209322479359954530111792131781,AX FSE T1,BRAIN ARRAY COIL/4,HEAD,glioma,collection_level_icdc_glioma,data/processed/D3B_icdc_glioma_selected_slices/GLIOMA01-i_607E/GLIOMA01-i_607E__111792131781__central01_idx0011.png,data/raw/D3B_icdc_glioma/1.3.6.1.4.1.14519.5.2.1.306624957209322479359954530111792131781/1-12.dcm,1,11,26,3,pituitary,0.7136216759681702,0.027172876521945,0.7696751786464981,-1.5312334299087524,0.027172876521945,-1.637227177619934,0.0244401060044765,0.625133752822876,0.2347653210163116,1.7369003295898438,0.7136216759681702,0.027172874665182443,0.05152761672732622,0.024440106039066923,0.047504935243916184,0.23476532624772628,0.2692900686001779,0.7136216930480244,0.6316773794285797,3,pituitary,0.7136216930480244,0.7696751649351459,3,pituitary,0.6316773794285797,0.9410332370930516
D3B_icdc_glioma,GLIOMA01-i_607E,1.3.6.1.4.1.14519.5.2.1.225257061635076869524524609393333127594,1.3.6.1.4.1.14519.5.2.1.306624957209322479359954530111792131781,AX FSE T1,BRAIN ARRAY COIL/4,HEAD,glioma,collection_level_icdc_glioma,data/processed/D3B_icdc_glioma_selected_slices/GLIOMA01-i_607E/GLIOMA01-i_607E__111792131781__central02_idx0012.png,data/raw/D3B_icdc_glioma/1.3.6.1.4.1.14519.5.2.1.306624957209322479359954530111792131781/1-13.dcm,2,12,26,0,glioma,0.3870794475078583,0.3870794475078583,1.2668351152002877,0.3928901851177215,0.3870794475078583,-1.2401834726333618,0.0756075605750083,-0.0621890723705291,0.2455623149871826,0.110159657895565,0.2917506694793701,0.3870794682379126,0.3576151928516153,0.07560756607103312,0.10221605606942791,0.24556231863413958,0.2522617196208309,0.2917506470569146,0.2879070314581259,0,glioma,0.3870794682379126,1.266835119116798,0,glioma,0.3576151928516153,1.3067708429249125
D3B_icdc_glioma,GLIOMA01-i_607E,1.3.6.1.4.1.14519.5.2.1.225257061635076869524524609393333127594,1.3.6.1.4.1.14519.5.2.1.306624957209322479359954530111792131781,AX FSE T1,BRAIN ARRAY COIL/4,HEAD,glioma,collection_level_icdc_glioma,data/processed/D3B_icdc_glioma_selected_slices/GLIOMA01-i_607E/GLIOMA01-i_607E__111792131781__central03_idx0013.png,data/raw/D3B_icdc_glioma/1.3.6.1.4.1.14519.5.2.1.306624957209322479359954530111792131781/1-14.dcm,3,13,26,0,glioma,0.6271717548370361,0.6271717548370361,0.9363417885890672,1.2932438850402832,0.6271717548370361,-1.2368719577789309,0.049954105168581,-1.3577427864074707,0.0442667454481124,0.481826901435852,0.2786073684692383,0.6271717834546069,0.5520782569149659,0.0499541026616758,0.0793127468359272,0.04426674900662804,0.07229143385028641,0.27860736487708926,0.29631756239882046,0,glioma,0.6271717834546069,0.9363417748539649,0,glioma,0.5520782569149659,1.079308615692117
D3B_icdc_glioma,GLIOMA01-i_607E,1.3.6.1.4.1.14519.5.2.1.225257061635076869524524609393333127594,1.3.6.1.4.1.14519.5.2.1.306624957209322479359954530111792131781,AX FSE T1,BRAIN ARRAY COIL/4,HEAD,glioma,collection_level_icdc_glioma,data/processed/D3B_icdc_glioma_selected_slices/GLIOMA01-i_607E/GLIOMA01-i_607E__111792131781__central04_idx0014.png,data/raw/D3B_icdc_glioma/1.3.6.1.4.1.14519.5.2.1.306624957209322479359954530111792131781/1-15.dcm,4,14,26,3,pituitary,0.6687300205230713,0.1613150984048843,0.9745728613047416,-0.2274709939956665,0.1613150984048843,-0.6054311990737915,0.110542431473732,-1.2263259887695312,0.0594124980270862,1.194549798965454,0.6687300205230713,0.16131509659366872,0.1927132504466342,0.11054242334341535,0.14422201077050353,0.05941249627499942,0.08958636302632393,0.6687299837879166,0.5734783757565383,3,pituitary,0.6687299837879166,0.9745728687954067,3,pituitary,0.5734783757565383,1.1315899354514394
D3B_icdc_glioma,GLIOMA01-i_607E,1.3.6.1.4.1.14519.5.2.1.225257061635076869524524609393333127594,1.3.6.1.4.1.14519.5.2.1.306624957209322479359954530111792131781,AX FSE T1,BRAIN ARRAY COIL/4,HEAD,glioma,collection_level_icdc_glioma,data/processed/D3B_icdc_glioma_selected_slices/GLIOMA01-i_607E/GLIOMA01-i_607E__111792131781__central05_idx0015.png,data/raw/D3B_icdc_glioma/1.3.6.1.4.1.14519.5.2.1.306624957209322479359954530111792131781/1-16.dcm,5,15,26,3,pituitary,0.637962818145752,0.169776976108551,1.031562719813588,-0.2999605536460876,0.169776976108551,-0.6383140683174133,0.1210413500666618,-1.16868793964386,0.0712189152836799,1.0238337516784668,0.637962818145752,0.16977697227279379,0.19821630522833905,0.12104133916504396,0.1529151076307807,0.0712189020855762,0.10181431366686557,0.637962786476586,0.5470542734740147,3,pituitary,0.637962786476586,1.0315627004924357,3,pituitary,0.5470542734740147,1.1705401654658918
D3B_icdc_glioma,GLIOMA01-i_B023,1.3.6.1.4.1.14519.5.2.1.15975872366833990003685019916291150527,1.3.6.1.4.1.14519.5.2.1.317090003371004067547517013110583858701,FSPGR 3D,BRAIN KNEE COIL/8,HEAD,glioma,collection_level_icdc_glioma,data/processed/D3B_icdc_glioma_selected_slices/GLIOMA01-i_B023/GLIOMA01-i_B023__110583858701__central01_idx0064.png,data/raw/D3B_icdc_glioma/1.3.6.1.4.1.14519.5.2.1.317090003371004067547517013110583858701/1-065.dcm,1,64,132,0,glioma,0.8098026514053345,0.8098026514053345,0.6225184844612608,1.860045313835144,0.8098026514053345,0.1379886269569397,0.1447103172540664,-1.634840965270996,0.0245792903006076,-1.7966279983520508,0.0209076926112175,0.8098026922939574,0.716291619910735,0.1447103185946143,0.19123049139359902,0.024579293211994088,0.04910372558600487,0.020907695899434114,0.043374163109661086,0,glioma,0.8098026922939574,0.6225184707566456,0,glioma,0.716291619910735,0.8394447202930521
D3B_icdc_glioma,GLIOMA01-i_B023,1.3.6.1.4.1.14519.5.2.1.15975872366833990003685019916291150527,1.3.6.1.4.1.14519.5.2.1.317090003371004067547517013110583858701,FSPGR 3D,BRAIN KNEE COIL/8,HEAD,glioma,collection_level_icdc_glioma,data/processed/D3B_icdc_glioma_selected_slices/GLIOMA01-i_B023/GLIOMA01-i_B023__110583858701__central02_idx0065.png,data/raw/D3B_icdc_glioma/1.3.6.1.4.1.14519.5.2.1.317090003371004067547517013110583858701/1-066.dcm,2,65,132,0,glioma,0.6087977886199951,0.6087977886199951,0.9757290912589184,1.051672101020813,0.6087977886199951,0.2822736799716949,0.2820509672164917,-1.4900654554367063,0.0479303337633609,-1.2453269958496094,0.0612208135426044,0.6087978580228798,0.535194632808545,0.28205098913611293,0.2966626170510072,0.047930341193457904,0.07620500111642177,0.0612208116475494,0.09193774902402596,0,glioma,0.6087978580228798,0.9757290738661122,0,glioma,0.535194632808545,1.110655230318364
D3B_icdc_glioma,GLIOMA01-i_B023,1.3.6.1.4.1.14519.5.2.1.15975872366833990003685019916291150527,1.3.6.1.4.1.14519.5.2.1.317090003371004067547517013110583858701,FSPGR 3D,BRAIN KNEE COIL/8,HEAD,glioma,collection_level_icdc_glioma,data/processed/D3B_icdc_glioma_selected_slices/GLIOMA01-i_B023/GLIOMA01-i_B023__110583858701__central03_idx0066.png,data/raw/D3B_icdc_glioma/1.3.6.1.4.1.14519.5.2.1.317090003371004067547517013110583858701/1-067.dcm,3,66,132,0,glioma,0.6262600421905518,0.6262600421905518,1.002019493325149,1.0151363611221311,0.6262600421905518,0.0342776030302047,0.2348405867815017,-1.3579760789871216,0.058361317962408,-1.0358989238739014,0.080538086593151,0.6262600130581186,0.5432371938792644,0.23484057580454992,0.25604334437195825,0.058361311797124324,0.08802823371282592,0.08053809934020711,0.11269122803595145,0,glioma,0.6262600130581186,1.0020195119090993,0,glioma,0.5432371938792644,1.1402578320011767
D3B_icdc_glioma,GLIOMA01-i_B023,1.3.6.1.4.1.14519.5.2.1.15975872366833990003685019916291150527,1.3.6.1.4.1.14519.5.2.1.317090003371004067547517013110583858701,FSPGR 3D,BRAIN KNEE COIL/8,HEAD,glioma,collection_level_icdc_glioma,data/processed/D3B_icdc_glioma_selected_slices/GLIOMA01-i_B023/GLIOMA01-i_B023__110583858701__central04_idx0067.png,data/raw/D3B_icdc_glioma/1.3.6.1.4.1.14519.5.2.1.317090003371004067547517013110583858701/1-068.dcm,4,67,132,0,glioma,0.5203150510787964,0.5203150510787964,1.14525992948405,0.63450688123703,0.5203150510787964,0.0479748845100402,0.2894268333911896,-0.9624080061912536,0.1053743958473205,-1.1786452531814575,0.0848837345838546,0.520315057986934,0.4585937531874568,0.2894268280225129,0.29247116643463433,0.1053743893639331,0.13476403593688088,0.08488372462661997,0.11417104444102785,0,glioma,0.520315057986934,1.1452599030936739,0,glioma,0.4585937531874568,1.2349320891577675
D3B_icdc_glioma,GLIOMA01-i_B023,1.3.6.1.4.1.14519.5.2.1.15975872366833990003685019916291150527,1.3.6.1.4.1.14519.5.2.1.317090003371004067547517013110583858701,FSPGR 3D,BRAIN KNEE COIL/8,HEAD,glioma,collection_level_icdc_glioma,data/processed/D3B_icdc_glioma_selected_slices/GLIOMA01-i_B023/GLIOMA01-i_B023__110583858701__central05_idx0068.png,data/raw/D3B_icdc_glioma/1.3.6.1.4.1.14519.5.2.1.317090003371004067547517013110583858701/1-069.dcm,5,68,132,0,glioma,0.6559334993362427,0.6559334993362427,0.9669510086934436,1.0531595945358276,0.6559334993362427,-0.094090536236763,0.20826455950737,-1.3854081630706787,0.0572536699473857,-1.0691862106323242,0.0785482823848724,0.6559334778703898,0.5664502564812574,0.20826457099113777,0.2350005918628868,0.05725366286201822,0.08729599278741128,0.07854828827645434,0.11125315886844478,0,glioma,0.6559334778703898,0.9669510235570762,0,glioma,0.5664502564812574,1.1194442454441573
D3B_icdc_glioma,GLIOMA01-i_63FE,1.3.6.1.4.1.14519.5.2.1.268122105092414152433318447645908388078,1.3.6.1.4.1.14519.5.2.1.321083631867174200131833288604644381133,MP RAGE FS +C,MP RAGE FS +C,HEAD,glioma,collection_level_icdc_glioma,data/processed/D3B_icdc_glioma_selected_slices/GLIOMA01-i_63FE/GLIOMA01-i_63FE__604644381133__central01_idx0126.png,data/raw/D3B_icdc_glioma/1.3.6.1.4.1.14519.5.2.1.321083631867174200131833288604644381133/1-127.dcm,1,126,256,3,pituitary,0.762157678604126,0.2169460505247116,0.6247936976331145,1.0547163486480713,0.2169460505247116,-3.907280206680298,0.0015183928189799,-1.360799789428711,0.0193778872489929,2.311221122741699,0.762157678604126,0.21694604536135156,0.26314457546381465,0.001518392376945095,0.005855937426600678,0.01937788651689879,0.04127663810863868,0.7621576757448045,0.689722849000946,3,pituitary,0.7621576757448045,0.6247936924072091,3,pituitary,0.689722849000946,0.7691886483153016
D3B_icdc_glioma,GLIOMA01-i_63FE,1.3.6.1.4.1.14519.5.2.1.268122105092414152433318447645908388078,1.3.6.1.4.1.14519.5.2.1.321083631867174200131833288604644381133,MP RAGE FS +C,MP RAGE FS +C,HEAD,glioma,collection_level_icdc_glioma,data/processed/D3B_icdc_glioma_selected_slices/GLIOMA01-i_63FE/GLIOMA01-i_63FE__604644381133__central02_idx0127.png,data/raw/D3B_icdc_glioma/1.3.6.1.4.1.14519.5.2.1.321083631867174200131833288604644381133/1-128.dcm,2,127,256,3,pituitary,0.910182237625122,0.0891649052500724,0.3062475890586157,1.7855148315429688,0.0891649052500724,-5.088222026824951,9.225038957083598e-05,-3.2835946083068848,0.0005606704507954,4.108672142028809,0.910182237625122,0.08916490012506062,0.14357785641127777,9.225033242197166e-05,0.0007375346360635192,0.0005606704528937647,0.002943170458883893,0.9101821790896236,0.8527414384937749,3,pituitary,0.9101821790896236,0.30624763436158575,3,pituitary,0.8527414384937749,0.4369806819153127
D3B_icdc_glioma,GLIOMA01-i_63FE,1.3.6.1.4.1.14519.5.2.1.268122105092414152433318447645908388078,1.3.6.1.4.1.14519.5.2.1.321083631867174200131833288604644381133,MP RAGE FS +C,MP RAGE FS +C,HEAD,glioma,collection_level_icdc_glioma,data/processed/D3B_icdc_glioma_selected_slices/GLIOMA01-i_63FE/GLIOMA01-i_63FE__604644381133__central03_idx0128.png,data/raw/D3B_icdc_glioma/1.3.6.1.4.1.14519.5.2.1.321083631867174200131833288604644381133/1-129.dcm,3,128,256,0,glioma,0.8401215672492981,0.8401215672492981,0.4431679589047507,3.911797046661377,0.8401215672492981,-4.701900959014893,0.0001525670086266,-3.874642610549927,0.0003489267255645,2.24952244758606,0.1593769341707229,0.8401215774811251,0.7791796171888953,0.00015256700700898323,0.0010539905341634685,0.0003489268279659705,0.001987723370814271,0.15937692868389994,0.21777866890612704,0,glioma,0.8401215774811251,0.4431679465659433,0,glioma,0.7791796171888953,0.5459612258636946
D3B_icdc_glioma,GLIOMA01-i_63FE,1.3.6.1.4.1.14519.5.2.1.268122105092414152433318447645908388078,1.3.6.1.4.1.14519.5.2.1.321083631867174200131833288604644381133,MP RAGE FS +C,MP RAGE FS +C,HEAD,glioma,collection_level_icdc_glioma,data/processed/D3B_icdc_glioma_selected_slices/GLIOMA01-i_63FE/GLIOMA01-i_63FE__604644381133__central04_idx0129.png,data/raw/D3B_icdc_glioma/1.3.6.1.4.1.14519.5.2.1.321083631867174200131833288604644381133/1-130.dcm,4,129,256,0,glioma,0.8658632636070251,0.8658632636070251,0.4307218763961522,2.7537009716033936,0.8658632636070251,-1.8753424882888796,0.0084543693810701,-4.196130752563477,0.00083018647274,0.8171043992042542,0.124852180480957,0.865863268031892,0.7936225775997698,0.00845437067334259,0.022798505921873338,0.0008301866556254506,0.0038456122932683653,0.12485217463914004,0.17973330418508857,0,glioma,0.865863268031892,0.4307218722860938,0,glioma,0.7936225775997698,0.5995038731119654
D3B_icdc_glioma,GLIOMA01-i_63FE,1.3.6.1.4.1.14519.5.2.1.268122105092414152433318447645908388078,1.3.6.1.4.1.14519.5.2.1.321083631867174200131833288604644381133,MP RAGE FS +C,MP RAGE FS +C,HEAD,glioma,collection_level_icdc_glioma,data/processed/D3B_icdc_glioma_selected_slices/GLIOMA01-i_63FE/GLIOMA01-i_63FE__604644381133__central05_idx0130.png,data/raw/D3B_icdc_glioma/1.3.6.1.4.1.14519.5.2.1.321083631867174200131833288604644381133/1-131.dcm,5,130,256,0,glioma,0.6159229278564453,0.6159229278564453,0.7497981603023398,1.9502596855163572,0.6159229278564453,-1.4934086799621582,0.0196770578622818,-4.608443260192871,0.0008732083369977,1.422990798950195,0.3635267615318298,0.6159229460550785,0.5729840575163072,0.019677060244735516,0.04085312571573659,0.0008732083624438324,0.003747657196674995,0.3635267853377422,0.3824151595712813,0,glioma,0.6159229460550785,0.7497981583370412,0,glioma,0.5729840575163072,0.8382650372970086
D3B_icdc_glioma,GLIOMA01-i_6B06,1.3.6.1.4.1.14519.5.2.1.241559876656285616590145262926108179030,1.3.6.1.4.1.14519.5.2.1.32113195686616053137284503358780862941,O-Ax T1-POST,BRAIN NVARRAY/,HEAD,glioma,collection_level_icdc_glioma,data/processed/D3B_icdc_glioma_selected_slices/GLIOMA01-i_6B06/GLIOMA01-i_6B06__358780862941__central01_idx0011.png,data/raw/D3B_icdc_glioma/1.3.6.1.4.1.14519.5.2.1.32113195686616053137284503358780862941/1-12.dcm,1,11,26,1,meningioma,0.4971199035644531,0.4025467932224273,1.0127805682965598,0.7083447575569153,0.4025467932224273,0.9193646907806396,0.4971199035644531,-1.230501651763916,0.0579143315553665,-1.5418707132339478,0.0424189716577529,0.40254678329573573,0.3876274306416984,0.4971199052856552,0.45571665996244765,0.057914333644831936,0.08763543282550382,0.04241897777377717,0.06902047657034995,1,meningioma,0.4971199052856552,1.0127805857468775,1,meningioma,0.45571665996244765,1.1233696966783995
D3B_icdc_glioma,GLIOMA01-i_6B06,1.3.6.1.4.1.14519.5.2.1.241559876656285616590145262926108179030,1.3.6.1.4.1.14519.5.2.1.32113195686616053137284503358780862941,O-Ax T1-POST,BRAIN NVARRAY/,HEAD,glioma,collection_level_icdc_glioma,data/processed/D3B_icdc_glioma_selected_slices/GLIOMA01-i_6B06/GLIOMA01-i_6B06__358780862941__central02_idx0012.png,data/raw/D3B_icdc_glioma/1.3.6.1.4.1.14519.5.2.1.32113195686616053137284503358780862941/1-13.dcm,2,12,26,0,glioma,0.403194397687912,0.403194397687912,1.3238574102141352,0.2972063720226288,0.403194397687912,-0.2253279983997345,0.2391006201505661,-0.4843770563602447,0.1845343112945556,-0.5479345321655273,0.173170730471611,0.4031943818385746,0.3646949358911554,0.23910060679863238,0.2442863102055783,0.1845343000524381,0.20027308044581024,0.17317071131035497,0.19074567345745602,0,glioma,0.4031943818385746,1.3238573837202496,0,glioma,0.3646949358911554,1.3502502259423637
D3B_icdc_glioma,GLIOMA01-i_6B06,1.3.6.1.4.1.14519.5.2.1.241559876656285616590145262926108179030,1.3.6.1.4.1.14519.5.2.1.32113195686616053137284503358780862941,O-Ax T1-POST,BRAIN NVARRAY/,HEAD,glioma,collection_level_icdc_glioma,data/processed/D3B_icdc_glioma_selected_slices/GLIOMA01-i_6B06/GLIOMA01-i_6B06__358780862941__central03_idx0013.png,data/raw/D3B_icdc_glioma/1.3.6.1.4.1.14519.5.2.1.32113195686616053137284503358780862941/1-14.dcm,3,13,26,1,meningioma,0.5818982720375061,0.311672180891037,0.98905687929517,0.4454630613327026,0.311672180891037,1.0698068141937256,0.5818982720375061,-1.5100016593933103,0.0441012047231197,-1.1640725135803225,0.0623283497989177,0.3116721693956436,0.31965414331169356,0.5818982761110094,0.5159631188985451,0.044101208052291396,0.07135276809279784,0.06232834644105571,0.0930299696969635,1,meningioma,0.5818982761110094,0.989056876622052,1,meningioma,0.5159631188985451,1.1153041747738843
D3B_icdc_glioma,GLIOMA01-i_6B06,1.3.6.1.4.1.14519.5.2.1.241559876656285616590145262926108179030,1.3.6.1.4.1.14519.5.2.1.32113195686616053137284503358780862941,O-Ax T1-POST,BRAIN NVARRAY/,HEAD,glioma,collection_level_icdc_glioma,data/processed/D3B_icdc_glioma_selected_slices/GLIOMA01-i_6B06/GLIOMA01-i_6B06__358780862941__central04_idx0014.png,data/raw/D3B_icdc_glioma/1.3.6.1.4.1.14519.5.2.1.32113195686616053137284503358780862941/1-15.dcm,4,14,26,1,meningioma,0.7435299754142761,0.079470157623291,0.8463265881514266,-0.9449058175086976,0.079470157623291,1.2911216020584106,0.7435299754142761,-0.6358435153961182,0.1082500740885734,-1.0898137092590332,0.06874980032444,0.07947016446499729,0.11471007167261793,0.7435299749107339,0.6372542713246223,0.1082500645931172,0.1453901768624879,0.06874979603115165,0.10264548014027185,1,meningioma,0.7435299749107339,0.8463265801728447,1,meningioma,0.6372542713246223,1.0495559993297818
D3B_icdc_glioma,GLIOMA01-i_6B06,1.3.6.1.4.1.14519.5.2.1.241559876656285616590145262926108179030,1.3.6.1.4.1.14519.5.2.1.32113195686616053137284503358780862941,O-Ax T1-POST,BRAIN NVARRAY/,HEAD,glioma,collection_level_icdc_glioma,data/processed/D3B_icdc_glioma_selected_slices/GLIOMA01-i_6B06/GLIOMA01-i_6B06__358780862941__central05_idx0015.png,data/raw/D3B_icdc_glioma/1.3.6.1.4.1.14519.5.2.1.32113195686616053137284503358780862941/1-16.dcm,5,15,26,0,glioma,0.4610910713672638,0.4610910713672638,1.2447572018912942,0.4615817070007324,0.4610910713672638,-0.146237701177597,0.2510811388492584,-1.1210262775421145,0.094725914299488,-0.4087963104248047,0.1931018084287643,0.46109110073463727,0.41024999184614114,0.2510811593198989,0.2574030624606501,0.09472591860035066,0.12188756017329518,0.1931018213451131,0.21045938551991358,0,glioma,0.46109110073463727,1.2447572172386585,0,glioma,0.41024999184614114,1.2993773597727187
D3B_icdc_glioma,GLIOMA01-i_95FC,1.3.6.1.4.1.14519.5.2.1.32607098121563258959209747383281107696,1.3.6.1.4.1.14519.5.2.1.328926962979706136389170255320442389748,T1 FS TRANS +C,T1 FS TRANS +C,HEAD,glioma,collection_level_icdc_glioma,data/processed/D3B_icdc_glioma_selected_slices/GLIOMA01-i_95FC/GLIOMA01-i_95FC__320442389748__central01_idx0020.png,data/raw/D3B_icdc_glioma/1.3.6.1.4.1.14519.5.2.1.328926962979706136389170255320442389748/1-21.dcm,1,20,45,3,pituitary,0.9858086705207824,0.0105269970372319,0.0838613511975381,-0.7110053896903992,0.0105269970372319,-3.961230516433716,0.0004080840735696,-1.884411096572876,0.0032561232801526,3.828513860702514,0.9858086705207824,0.010526997680805983,0.029420472711860907,0.0004080841149297875,0.002433093876015661,0.0032561237627078796,0.011963153729043564,0.9858087944415564,0.9561832796830798,3,pituitary,0.9858087944415564,0.08386123389765568,3,pituitary,0.9561832796830798,0.21417272213013708
D3B_icdc_glioma,GLIOMA01-i_95FC,1.3.6.1.4.1.14519.5.2.1.32607098121563258959209747383281107696,1.3.6.1.4.1.14519.5.2.1.328926962979706136389170255320442389748,T1 FS TRANS +C,T1 FS TRANS +C,HEAD,glioma,collection_level_icdc_glioma,data/processed/D3B_icdc_glioma_selected_slices/GLIOMA01-i_95FC/GLIOMA01-i_95FC__320442389748__central02_idx0021.png,data/raw/D3B_icdc_glioma/1.3.6.1.4.1.14519.5.2.1.328926962979706136389170255320442389748/1-22.dcm,2,21,45,3,pituitary,0.9866402745246888,0.0085075283423066,0.0810256195002015,-0.8401966094970703,0.0085075283423066,-3.932427883148194,0.0003862461890093,-1.484675407409668,0.0044659087434411,3.9131577014923096,0.9866402745246888,0.008507526516758927,0.025002802923156254,0.00038624630027406183,0.0023340917855209004,0.004465907523165079,0.015252617497806133,0.9866403196598018,0.9574104877935167,3,pituitary,0.9866403196598018,0.08102556347584988,3,pituitary,0.9574104877935167,0.21184561279609712
D3B_icdc_glioma,GLIOMA01-i_95FC,1.3.6.1.4.1.14519.5.2.1.32607098121563258959209747383281107696,1.3.6.1.4.1.14519.5.2.1.328926962979706136389170255320442389748,T1 FS TRANS +C,T1 FS TRANS +C,HEAD,glioma,collection_level_icdc_glioma,data/processed/D3B_icdc_glioma_selected_slices/GLIOMA01-i_95FC/GLIOMA01-i_95FC__320442389748__central03_idx0022.png,data/raw/D3B_icdc_glioma/1.3.6.1.4.1.14519.5.2.1.328926962979706136389170255320442389748/1-23.dcm,3,22,45,3,pituitary,0.827460527420044,0.0053968364372849,0.5191871696520671,-2.8253393173217773,0.0053968364372849,-2.304704427719116,0.0090833958238363,0.5518178343772888,0.1580592840909958,2.2072091102600098,0.827460527420044,0.005396836472843493,0.015809436930052514,0.009083393289881244,0.02356754697075129,0.15805927094357825,0.21070848428366676,0.8274604992936969,0.7499145318155294,3,pituitary,0.8274604992936969,0.5191871721158925,3,pituitary,0.7499145318155294,0.6978469993891828
D3B_icdc_glioma,GLIOMA01-i_95FC,1.3.6.1.4.1.14519.5.2.1.32607098121563258959209747383281107696,1.3.6.1.4.1.14519.5.2.1.328926962979706136389170255320442389748,T1 FS TRANS +C,T1 FS TRANS +C,HEAD,glioma,collection_level_icdc_glioma,data/processed/D3B_icdc_glioma_selected_slices/GLIOMA01-i_95FC/GLIOMA01-i_95FC__320442389748__central04_idx0023.png,data/raw/D3B_icdc_glioma/1.3.6.1.4.1.14519.5.2.1.328926962979706136389170255320442389748/1-24.dcm,4,23,45,3,pituitary,0.643666684627533,0.065817080438137,0.9133818396000628,-1.0437887907028198,0.065817080438137,-1.9064109325408936,0.0277783628553152,0.3404887914657593,0.2627379596233368,1.2365126609802246,0.643666684627533,0.06581708651159827,0.09848159412883417,0.027778360997411603,0.050822718201976376,0.262737927036273,0.2847017424549023,0.6436666254547171,0.5659939452142871,3,pituitary,0.6436666254547171,0.9133818673858936,3,pituitary,0.5659939452142871,1.0595132722046792
D3B_icdc_glioma,GLIOMA01-i_95FC,1.3.6.1.4.1.14519.5.2.1.32607098121563258959209747383281107696,1.3.6.1.4.1.14519.5.2.1.328926962979706136389170255320442389748,T1 FS TRANS +C,T1 FS TRANS +C,HEAD,glioma,collection_level_icdc_glioma,data/processed/D3B_icdc_glioma_selected_slices/GLIOMA01-i_95FC/GLIOMA01-i_95FC__320442389748__central05_idx0024.png,data/raw/D3B_icdc_glioma/1.3.6.1.4.1.14519.5.2.1.328926962979706136389170255320442389748/1-25.dcm,5,24,45,3,pituitary,0.8285261988639832,0.0108948843553662,0.5310045896173047,-2.177041292190552,0.0108948843553662,-2.467848062515259,0.0081456704065203,0.4613918960094452,0.1524332463741302,2.154313564300537,0.8285261988639832,0.01089488697229484,0.026976695068864173,0.00814567265564716,0.02158416501426112,0.15243324801242547,0.20404295149358126,0.8285261923596325,0.7473961884232935,3,pituitary,0.8285261923596325,0.5310046141214848,3,pituitary,0.7473961884232935,0.7221760462064744
D3B_icdc_glioma,GLIOMA01-i_D732,1.3.6.1.4.1.14519.5.2.1.335715158217205186181304599894479668501,1.3.6.1.4.1.14519.5.2.1.337844480109732035358856530488685359157,BRAIN/T1_TRANS,,HEAD,glioma,collection_level_icdc_glioma,data/processed/D3B_icdc_glioma_selected_slices/GLIOMA01-i_D732/GLIOMA01-i_D732__488685359157__central01_idx0010.png,data/raw/D3B_icdc_glioma/1.3.6.1.4.1.14519.5.2.1.337844480109732035358856530488685359157/1-11.dcm,1,10,24,0,glioma,0.3620571494102478,0.3620571494102478,1.3171057470136205,0.2952468395233154,0.3620571494102478,0.0918017029762268,0.2954078316688537,-0.8060296773910522,0.1203646063804626,-0.1931109130382537,0.2221703380346298,0.3620571741059153,0.3363693615646592,0.2954078672653178,0.2877788160176211,0.12036461832557707,0.1445556823364788,0.22217034030318975,0.2312961400812408,0,glioma,0.3620571741059153,1.317105769706896,0,glioma,0.3363693615646592,1.3431507396383868
D3B_icdc_glioma,GLIOMA01-i_D732,1.3.6.1.4.1.14519.5.2.1.335715158217205186181304599894479668501,1.3.6.1.4.1.14519.5.2.1.337844480109732035358856530488685359157,BRAIN/T1_TRANS,,HEAD,glioma,collection_level_icdc_glioma,data/processed/D3B_icdc_glioma_selected_slices/GLIOMA01-i_D732/GLIOMA01-i_D732__488685359157__central02_idx0011.png,data/raw/D3B_icdc_glioma/1.3.6.1.4.1.14519.5.2.1.337844480109732035358856530488685359157/1-12.dcm,2,11,24,0,glioma,0.8227456212043762,0.8227456212043762,0.6399155911595826,1.952864408493042,0.8227456212043762,-0.1375768184661865,0.1017181575298309,-1.0126501321792605,0.0423993244767189,-1.2591350078582764,0.0331369079649448,0.8227456092647564,0.7197817427863998,0.1017181572203715,0.14486959700019417,0.042399327890751744,0.07405138672430747,0.03313690562412024,0.061297273489098414,0,glioma,0.8227456092647564,0.6399156021136797,0,glioma,0.7197817427863998,0.8804447827353045
D3B_icdc_glioma,GLIOMA01-i_D732,1.3.6.1.4.1.14519.5.2.1.335715158217205186181304599894479668501,1.3.6.1.4.1.14519.5.2.1.337844480109732035358856530488685359157,BRAIN/T1_TRANS,,HEAD,glioma,collection_level_icdc_glioma,data/processed/D3B_icdc_glioma_selected_slices/GLIOMA01-i_D732/GLIOMA01-i_D732__488685359157__central03_idx0012.png,data/raw/D3B_icdc_glioma/1.3.6.1.4.1.14519.5.2.1.337844480109732035358856530488685359157/1-13.dcm,3,12,24,0,glioma,0.5694146156311035,0.5694146156311035,1.155426889151309,0.8736461997032166,0.5694146156311035,-0.4181829392910003,0.1564567536115646,-0.5930372476577759,0.1313578784465789,-0.5097220540046692,0.1427708119153976,0.5694145865146949,0.48966648651063827,0.1564567560869519,0.18182574428822676,0.13135785869090008,0.15900836388500875,0.14277079870745304,0.16949940531612626,0,glioma,0.5694145865146949,1.1554268711408093,0,glioma,0.48966648651063827,1.2528262861874433
D3B_icdc_glioma,GLIOMA01-i_D732,1.3.6.1.4.1.14519.5.2.1.335715158217205186181304599894479668501,1.3.6.1.4.1.14519.5.2.1.337844480109732035358856530488685359157,BRAIN/T1_TRANS,,HEAD,glioma,collection_level_icdc_glioma,data/processed/D3B_icdc_glioma_selected_slices/GLIOMA01-i_D732/GLIOMA01-i_D732__488685359157__central04_idx0013.png,data/raw/D3B_icdc_glioma/1.3.6.1.4.1.14519.5.2.1.337844480109732035358856530488685359157/1-14.dcm,4,13,24,0,glioma,0.9666332006454468,0.9666332006454468,0.1709401710487819,3.3497114181518555,0.9666332006454468,-0.3487043678760528,0.0239364728331565,-1.5127627849578855,0.0074733598157763,-2.852710723876953,0.0019569692667573,0.9666331973473575,0.9163716502411103,0.023936471913742353,0.053741589797283065,0.007473361516728752,0.022009981177686613,0.0019569692221713814,0.007876778783919978,0,glioma,0.9666331973473575,0.17094017811692405,0,glioma,0.9163716502411103,0.3592965458312219
D3B_icdc_glioma,GLIOMA01-i_D732,1.3.6.1.4.1.14519.5.2.1.335715158217205186181304599894479668501,1.3.6.1.4.1.14519.5.2.1.337844480109732035358856530488685359157,BRAIN/T1_TRANS,,HEAD,glioma,collection_level_icdc_glioma,data/processed/D3B_icdc_glioma_selected_slices/GLIOMA01-i_D732/GLIOMA01-i_D732__488685359157__central05_idx0014.png,data/raw/D3B_icdc_glioma/1.3.6.1.4.1.14519.5.2.1.337844480109732035358856530488685359157/1-15.dcm,5,14,24,0,glioma,0.918001115322113,0.918001115322113,0.3652959998630031,2.5431504249572754,0.918001115322113,-0.5033339262008667,0.0436286553740501,-1.0732539892196655,0.0246750861406326,-1.6620073318481443,0.0136951375752687,0.9180011143718442,0.8340970294654199,0.043628659106603324,0.08064582071808701,0.024675088954422452,0.052091805456077854,0.01369513756712995,0.03316534436041519,0,glioma,0.9180011143718442,0.36529601626589514,0,glioma,0.8340970294654199,0.6212384478273117
D3B_icdc_glioma,GLIOMA01-i_5CE5,1.3.6.1.4.1.14519.5.2.1.324883944824750333580564872603998887234,1.3.6.1.4.1.14519.5.2.1.34731033828785369140030954328661790126,Ax 3DT1 SPGR S,CED Post/,HEAD,glioma,collection_level_icdc_glioma,data/processed/D3B_icdc_glioma_selected_slices/GLIOMA01-i_5CE5/GLIOMA01-i_5CE5__328661790126__central01_idx0035.png,data/raw/D3B_icdc_glioma/1.3.6.1.4.1.14519.5.2.1.34731033828785369140030954328661790126/1-36.dcm,1,35,74,1,meningioma,0.9912729859352112,0.0001367014774587,0.0565299048295196,-4.677669525146484,0.0001367014774587,4.211276054382324,0.9912729859352112,-1.037719488143921,0.0052069495432078,-1.4688252210617063,0.0033834252972155,0.00013670148367479377,0.001061547205178998,0.9912729227016778,0.9691961226713212,0.005206950434909646,0.01730726205079799,0.0033834253797378976,0.012435068072702055,1,meningioma,0.9912729227016778,0.05652997174147113,1,meningioma,0.9691961226713212,0.1623586999648651
D3B_icdc_glioma,GLIOMA01-i_5CE5,1.3.6.1.4.1.14519.5.2.1.324883944824750333580564872603998887234,1.3.6.1.4.1.14519.5.2.1.34731033828785369140030954328661790126,Ax 3DT1 SPGR S,CED Post/,HEAD,glioma,collection_level_icdc_glioma,data/processed/D3B_icdc_glioma_selected_slices/GLIOMA01-i_5CE5/GLIOMA01-i_5CE5__328661790126__central02_idx0036.png,data/raw/D3B_icdc_glioma/1.3.6.1.4.1.14519.5.2.1.34731033828785369140030954328661790126/1-37.dcm,2,36,74,1,meningioma,0.9587604999542236,0.0011379510397091,0.2032726786836355,-3.580062866210937,0.0011379510397091,3.1563494205474854,0.9587604999542236,-0.464083731174469,0.0256670545786619,-1.039677381515503,0.0144344046711921,0.0011379508114154637,0.005150955177728877,0.9587605895813543,0.9025197768580328,0.025667054567585616,0.056191132826576846,0.014434405039644677,0.03613813513766143,1,meningioma,0.9587605895813543,0.20327259267546424,1,meningioma,0.9025197768580328,0.4014721986162186
D3B_icdc_glioma,GLIOMA01-i_5CE5,1.3.6.1.4.1.14519.5.2.1.324883944824750333580564872603998887234,1.3.6.1.4.1.14519.5.2.1.34731033828785369140030954328661790126,Ax 3DT1 SPGR S,CED Post/,HEAD,glioma,collection_level_icdc_glioma,data/processed/D3B_icdc_glioma_selected_slices/GLIOMA01-i_5CE5/GLIOMA01-i_5CE5__328661790126__central03_idx0037.png,data/raw/D3B_icdc_glioma/1.3.6.1.4.1.14519.5.2.1.34731033828785369140030954328661790126/1-38.dcm,3,37,74,1,meningioma,0.6278933882713318,0.0050318059511482,0.877412297929599,-3.209606170654297,0.0050318059511482,1.616985559463501,0.6278933882713318,0.8391018509864807,0.2884398996829986,-0.4605696499347687,0.0786348655819892,0.005031804760451307,0.01388045163167289,0.6278934265812072,0.5622181695004139,0.28843989865526437,0.3096206495111503,0.07863487000307723,0.11428072935676281,1,meningioma,0.6278934265812072,0.8774122789095745,1,meningioma,0.5622181695004139,0.9940200055605419
D3B_icdc_glioma,GLIOMA01-i_5CE5,1.3.6.1.4.1.14519.5.2.1.324883944824750333580564872603998887234,1.3.6.1.4.1.14519.5.2.1.34731033828785369140030954328661790126,Ax 3DT1 SPGR S,CED Post/,HEAD,glioma,collection_level_icdc_glioma,data/processed/D3B_icdc_glioma_selected_slices/GLIOMA01-i_5CE5/GLIOMA01-i_5CE5__328661790126__central04_idx0038.png,data/raw/D3B_icdc_glioma/1.3.6.1.4.1.14519.5.2.1.34731033828785369140030954328661790126/1-39.dcm,4,38,74,1,meningioma,0.5757952332496643,0.0066306623630225,0.8722361756192019,-2.986147403717041,0.0066306623630225,1.4778999090194702,0.5757952332496643,1.0242820978164673,0.3658173978328705,-0.9312986731529236,0.0517566874623298,0.006630663105042625,0.01719140525589771,0.575795249438407,0.5273110488655636,0.3658174054037007,0.3723822728859205,0.05175668205284952,0.08311527299261816,1,meningioma,0.575795249438407,0.87223616078016,1,meningioma,0.5273110488655636,0.9819185340117982
D3B_icdc_glioma,GLIOMA01-i_5CE5,1.3.6.1.4.1.14519.5.2.1.324883944824750333580564872603998887234,1.3.6.1.4.1.14519.5.2.1.34731033828785369140030954328661790126,Ax 3DT1 SPGR S,CED Post/,HEAD,glioma,collection_level_icdc_glioma,data/processed/D3B_icdc_glioma_selected_slices/GLIOMA01-i_5CE5/GLIOMA01-i_5CE5__328661790126__central05_idx0039.png,data/raw/D3B_icdc_glioma/1.3.6.1.4.1.14519.5.2.1.34731033828785369140030954328661790126/1-40.dcm,5,39,74,1,meningioma,0.9407881498336792,0.0003173706645611,0.2490006066820118,-4.711305618286133,0.0003173706645611,3.2830970287323,0.9407881498336792,0.3781828284263611,0.0515114367008209,-1.5644251108169556,0.0073831151239573,0.0003173707164768737,0.0019175611707175327,0.9407880839973092,0.8816437866293964,0.05151142928642184,0.09501857768372929,0.007383115999791983,0.021420074516156917,1,meningioma,0.9407880839973092,0.24900065771309624,1,meningioma,0.8816437866293964,0.42902586790022434
D3B_icdc_glioma,GLIOMA01-i_4AAB,1.3.6.1.4.1.14519.5.2.1.308860575078322289211430912146810693215,1.3.6.1.4.1.14519.5.2.1.41256014704240471733645258105139906766,BRAIN/T1_SAG,,HEAD,glioma,collection_level_icdc_glioma,data/processed/D3B_icdc_glioma_selected_slices/GLIOMA01-i_4AAB/GLIOMA01-i_4AAB__105139906766__central01_idx0007.png,data/raw/D3B_icdc_glioma/1.3.6.1.4.1.14519.5.2.1.41256014704240471733645258105139906766/1-08.dcm,1,7,19,3,pituitary,0.6203534603118896,0.2511513829231262,0.9392985348074104,0.5940384268760681,0.2511513829231262,-2.7423062324523926,0.0089326333254575,-0.1481785625219345,0.119562454521656,1.498271942138672,0.6203534603118896,0.2511514029476229,0.2744253043241866,0.008932633863725128,0.02124472803563134,0.11956246648381838,0.1553202325270107,0.6203534967048336,0.5490097351131714,3,pituitary,0.6203534967048336,0.9392985388799637,3,pituitary,0.5490097351131714,1.0551353415957712
D3B_icdc_glioma,GLIOMA01-i_4AAB,1.3.6.1.4.1.14519.5.2.1.308860575078322289211430912146810693215,1.3.6.1.4.1.14519.5.2.1.41256014704240471733645258105139906766,BRAIN/T1_SAG,,HEAD,glioma,collection_level_icdc_glioma,data/processed/D3B_icdc_glioma_selected_slices/GLIOMA01-i_4AAB/GLIOMA01-i_4AAB__105139906766__central02_idx0008.png,data/raw/D3B_icdc_glioma/1.3.6.1.4.1.14519.5.2.1.41256014704240471733645258105139906766/1-09.dcm,2,8,19,3,pituitary,0.8905361294746399,0.0269579552114009,0.4168819561164893,-0.8024045825004578,0.0269579552114009,-3.2779881954193115,0.0022675383370369,0.2883181869983673,0.0802383199334144,2.695140600204468,0.8905361294746399,0.026957958026698904,0.05532487689017672,0.0022675386076910554,0.00828752437268645,0.08023832847147735,0.12769879018865818,0.8905361748941327,0.8086888085484787,3,pituitary,0.8905361748941327,0.4168819376990104,3,pituitary,0.8086888085484787,0.6343941199775266
D3B_icdc_glioma,GLIOMA01-i_4AAB,1.3.6.1.4.1.14519.5.2.1.308860575078322289211430912146810693215,1.3.6.1.4.1.14519.5.2.1.41256014704240471733645258105139906766,BRAIN/T1_SAG,,HEAD,glioma,collection_level_icdc_glioma,data/processed/D3B_icdc_glioma_selected_slices/GLIOMA01-i_4AAB/GLIOMA01-i_4AAB__105139906766__central03_idx0009.png,data/raw/D3B_icdc_glioma/1.3.6.1.4.1.14519.5.2.1.41256014704240471733645258105139906766/1-10.dcm,3,9,19,3,pituitary,0.5913475751876831,0.0034102585632354,0.8342143250925667,-3.620274305343628,0.0034102585632354,-1.074569582939148,0.0434883460402488,1.0439016819000244,0.3617538809776306,1.535341501235962,0.5913475751876831,0.00341025844823237,0.010423741592325658,0.04348833764778093,0.07342994127467704,0.3617538712615554,0.37276247626077974,0.5913475326424315,0.5433838408722176,3,pituitary,0.5913475326424315,0.8342143266650216,3,pituitary,0.5433838408722176,0.9386055298877094
D3B_icdc_glioma,GLIOMA01-i_4AAB,1.3.6.1.4.1.14519.5.2.1.308860575078322289211430912146810693215,1.3.6.1.4.1.14519.5.2.1.41256014704240471733645258105139906766,BRAIN/T1_SAG,,HEAD,glioma,collection_level_icdc_glioma,data/processed/D3B_icdc_glioma_selected_slices/GLIOMA01-i_4AAB/GLIOMA01-i_4AAB__105139906766__central04_idx0010.png,data/raw/D3B_icdc_glioma/1.3.6.1.4.1.14519.5.2.1.41256014704240471733645258105139906766/1-11.dcm,4,10,19,2,notumor,0.6447736024856567,0.0266725048422813,0.7888841036786349,-1.3601208925247192,0.0266725048422813,-2.376530885696411,0.0096525624394416,1.8251450061798096,0.6447736024856567,1.121127367019653,0.3189013004302978,0.026672508559118936,0.05084507793018162,0.009652562265121624,0.02332021426458355,0.6447736285367299,0.5849314345637143,0.3189013006390296,0.3409032732415204,2,notumor,0.6447736285367299,0.7888840982088714,2,notumor,0.5849314345637143,0.9196545453122272
D3B_icdc_glioma,GLIOMA01-i_4AAB,1.3.6.1.4.1.14519.5.2.1.308860575078322289211430912146810693215,1.3.6.1.4.1.14519.5.2.1.41256014704240471733645258105139906766,BRAIN/T1_SAG,,HEAD,glioma,collection_level_icdc_glioma,data/processed/D3B_icdc_glioma_selected_slices/GLIOMA01-i_4AAB/GLIOMA01-i_4AAB__105139906766__central05_idx0011.png,data/raw/D3B_icdc_glioma/1.3.6.1.4.1.14519.5.2.1.41256014704240471733645258105139906766/1-12.dcm,5,11,19,3,pituitary,0.8327113389968872,0.0122812800109386,0.504440566477697,-1.4639347791671753,0.0122812800109386,-3.4914910793304443,0.0016169144073501,1.0609757900238037,0.1533904373645782,2.752676248550415,0.8327113389968872,0.012281278709352684,0.029836688381662948,0.001616914569623501,0.006301891659721409,0.15339044761644546,0.20685910863859389,0.8327113591045784,0.7570023113200217,3,pituitary,0.8327113591045784,0.5044405554748186,3,pituitary,0.7570023113200217,0.673410613003264
D3B_icdc_glioma,GLIOMA01-i_1166,1.3.6.1.4.1.14519.5.2.1.301043018215445696675284359835713259960,1.3.6.1.4.1.14519.5.2.1.48524611659073752048977841008163432015,FSPGR 3D,BRAIN CARDIAC COIL/8,HEAD,glioma,collection_level_icdc_glioma,data/processed/D3B_icdc_glioma_selected_slices/GLIOMA01-i_1166/GLIOMA01-i_1166__008163432015__central01_idx0080.png,data/raw/D3B_icdc_glioma/1.3.6.1.4.1.14519.5.2.1.48524611659073752048977841008163432015/1-081.dcm,1,80,164,3,pituitary,0.5181295871734619,0.3620693385601043,1.0326545963901157,0.6815294623374939,0.3620693385601043,-1.7321914434432983,0.0323985889554023,-0.7397828102111816,0.0874024704098701,1.0399190187454224,0.5181295871734619,0.36206936329034123,0.3559197330408933,0.032398589859272076,0.055906186232992545,0.08740246904640027,0.11966925036309285,0.5181295778039864,0.46850483036302126,3,pituitary,0.5181295778039864,1.0326546002290302,3,pituitary,0.46850483036302126,1.1382059803095226
D3B_icdc_glioma,GLIOMA01-i_1166,1.3.6.1.4.1.14519.5.2.1.301043018215445696675284359835713259960,1.3.6.1.4.1.14519.5.2.1.48524611659073752048977841008163432015,FSPGR 3D,BRAIN CARDIAC COIL/8,HEAD,glioma,collection_level_icdc_glioma,data/processed/D3B_icdc_glioma_selected_slices/GLIOMA01-i_1166/GLIOMA01-i_1166__008163432015__central02_idx0081.png,data/raw/D3B_icdc_glioma/1.3.6.1.4.1.14519.5.2.1.48524611659073752048977841008163432015/1-082.dcm,2,81,164,3,pituitary,0.7265802025794983,0.171271339058876,0.8272098183809031,0.1537961959838867,0.171271339058876,-1.660923957824707,0.0278972722589969,-0.681999146938324,0.0742511749267578,1.598896026611328,0.7265802025794983,0.17127133490807758,0.2081425860349044,0.027897271796621128,0.051756697263878465,0.07425118297395791,0.10964743028104926,0.7265802103213432,0.6304532864201678,3,pituitary,0.7265802103213432,0.8272098216239172,3,pituitary,0.6304532864201678,1.0131607907784237
D3B_icdc_glioma,GLIOMA01-i_1166,1.3.6.1.4.1.14519.5.2.1.301043018215445696675284359835713259960,1.3.6.1.4.1.14519.5.2.1.48524611659073752048977841008163432015,FSPGR 3D,BRAIN CARDIAC COIL/8,HEAD,glioma,collection_level_icdc_glioma,data/processed/D3B_icdc_glioma_selected_slices/GLIOMA01-i_1166/GLIOMA01-i_1166__008163432015__central03_idx0082.png,data/raw/D3B_icdc_glioma/1.3.6.1.4.1.14519.5.2.1.48524611659073752048977841008163432015/1-083.dcm,3,82,164,3,pituitary,0.890306830406189,0.0275244191288948,0.4285794835967149,-0.9560439586639404,0.0275244191288948,-2.516916036605835,0.005778829101473,0.0647328346967697,0.0763898864388465,2.520448684692383,0.890306830406189,0.027524418283294532,0.05595121983559325,0.005778831330707428,0.016902834059809507,0.07638988878166088,0.12239968708449955,0.8903068616043371,0.8047462590200977,3,pituitary,0.8903068616043371,0.42857946677300585,3,pituitary,0.8047462590200977,0.6622006480806524
D3B_icdc_glioma,GLIOMA01-i_1166,1.3.6.1.4.1.14519.5.2.1.301043018215445696675284359835713259960,1.3.6.1.4.1.14519.5.2.1.48524611659073752048977841008163432015,FSPGR 3D,BRAIN CARDIAC COIL/8,HEAD,glioma,collection_level_icdc_glioma,data/processed/D3B_icdc_glioma_selected_slices/GLIOMA01-i_1166/GLIOMA01-i_1166__008163432015__central04_idx0083.png,data/raw/D3B_icdc_glioma/1.3.6.1.4.1.14519.5.2.1.48524611659073752048977841008163432015/1-084.dcm,4,83,164,3,pituitary,0.786379873752594,0.1255930811166763,0.701319289293372,0.0425728783011436,0.1255930811166763,-2.181872129440308,0.0135800540447235,-0.4803877770900726,0.0744469240307807,1.8769656419754028,0.786379873752594,0.12559309335630955,0.16852263677036525,0.01358005613235042,0.030605859179862038,0.0744469363561629,0.11284586970963345,0.786379914155177,0.6880256343401393,3,pituitary,0.786379914155177,0.7013192983334581,3,pituitary,0.6880256343401393,0.9102673959029963
D3B_icdc_glioma,GLIOMA01-i_1166,1.3.6.1.4.1.14519.5.2.1.301043018215445696675284359835713259960,1.3.6.1.4.1.14519.5.2.1.48524611659073752048977841008163432015,FSPGR 3D,BRAIN CARDIAC COIL/8,HEAD,glioma,collection_level_icdc_glioma,data/processed/D3B_icdc_glioma_selected_slices/GLIOMA01-i_1166/GLIOMA01-i_1166__008163432015__central05_idx0084.png,data/raw/D3B_icdc_glioma/1.3.6.1.4.1.14519.5.2.1.48524611659073752048977841008163432015/1-085.dcm,5,84,164,3,pituitary,0.6686015725135803,0.2687549293041229,0.8254136411314513,0.732879102230072,0.2687549293041229,-2.435111284255981,0.0113113801926374,-0.922602117061615,0.0513322167098522,1.6442675590515137,0.6686015725135803,0.2687548908690581,0.29580298084490236,0.011311381049390213,0.026055543045883423,0.05133221657965723,0.08310800246784057,0.6686015115018945,0.5950334736413736,3,pituitary,0.6686015115018945,0.8254136682417046,3,pituitary,0.5950334736413736,0.9709894188215382
D3B_icdc_glioma,GLIOMA01-i_C561,1.3.6.1.4.1.14519.5.2.1.338926131208003786731409141472142449490,1.3.6.1.4.1.14519.5.2.1.54142935137696016152030943683568150861,MP RAGE FS TRANS+C,MP RAGE FS +C,HEAD,glioma,collection_level_icdc_glioma,data/processed/D3B_icdc_glioma_selected_slices/GLIOMA01-i_C561/GLIOMA01-i_C561__683568150861__central01_idx0018.png,data/raw/D3B_icdc_glioma/1.3.6.1.4.1.14519.5.2.1.54142935137696016152030943683568150861/1-19.dcm,1,18,40,0,glioma,0.9576231241226196,0.9576231241226196,0.2186921182185211,2.945948600769043,0.9576231241226196,-1.4564578533172607,0.0117288026958704,-1.7570106983184814,0.0086841126903891,-0.8291015625,0.0219639874994754,0.9576230980650717,0.8955574034218821,0.011728805454022944,0.030610292948027466,0.00868411049275542,0.024309053840672955,0.021963985988149925,0.049523249789417564,0,glioma,0.9576230980650717,0.21869214015918462,0,glioma,0.8955574034218821,0.4446956548981731
D3B_icdc_glioma,GLIOMA01-i_C561,1.3.6.1.4.1.14519.5.2.1.338926131208003786731409141472142449490,1.3.6.1.4.1.14519.5.2.1.54142935137696016152030943683568150861,MP RAGE FS TRANS+C,MP RAGE FS +C,HEAD,glioma,collection_level_icdc_glioma,data/processed/D3B_icdc_glioma_selected_slices/GLIOMA01-i_C561/GLIOMA01-i_C561__683568150861__central02_idx0019.png,data/raw/D3B_icdc_glioma/1.3.6.1.4.1.14519.5.2.1.54142935137696016152030943683568150861/1-20.dcm,2,19,40,0,glioma,0.928133487701416,0.928133487701416,0.3016768555486415,2.810464859008789,0.928133487701416,0.0451448410749435,0.0584315210580825,-2.5031185150146484,0.0045703607611358,-1.8406426906585691,0.0088646179065108,0.9281334943886647,0.858228020035459,0.05843152502258316,0.10294613542283636,0.004570361022428023,0.014585064298266039,0.008864619566324125,0.024240780243438724,0,glioma,0.9281334943886647,0.30167686398494775,0,glioma,0.858228020035459,0.5170947067786201
D3B_icdc_glioma,GLIOMA01-i_C561,1.3.6.1.4.1.14519.5.2.1.338926131208003786731409141472142449490,1.3.6.1.4.1.14519.5.2.1.54142935137696016152030943683568150861,MP RAGE FS TRANS+C,MP RAGE FS +C,HEAD,glioma,collection_level_icdc_glioma,data/processed/D3B_icdc_glioma_selected_slices/GLIOMA01-i_C561/GLIOMA01-i_C561__683568150861__central03_idx0020.png,data/raw/D3B_icdc_glioma/1.3.6.1.4.1.14519.5.2.1.54142935137696016152030943683568150861/1-21.dcm,3,20,40,0,glioma,0.5921331644058228,0.5921331644058228,0.8287885441336007,1.5228921175003052,0.5921331644058228,1.051053762435913,0.3694048523902893,-2.210237503051758,0.0141625627875328,-1.6703882217407229,0.024299394339323,0.5921331860459158,0.5435108593939598,0.3694048625106891,0.378496599619177,0.014162561452684208,0.031037419961468832,0.02429938999071098,0.04695512102539443,0,glioma,0.5921331860459158,0.8287885176272446,0,glioma,0.5435108593939598,0.9505038487465822
D3B_icdc_glioma,GLIOMA01-i_C561,1.3.6.1.4.1.14519.5.2.1.338926131208003786731409141472142449490,1.3.6.1.4.1.14519.5.2.1.54142935137696016152030943683568150861,MP RAGE FS TRANS+C,MP RAGE FS +C,HEAD,glioma,collection_level_icdc_glioma,data/processed/D3B_icdc_glioma_selected_slices/GLIOMA01-i_C561/GLIOMA01-i_C561__683568150861__central04_idx0021.png,data/raw/D3B_icdc_glioma/1.3.6.1.4.1.14519.5.2.1.54142935137696016152030943683568150861/1-22.dcm,4,21,40,0,glioma,0.8417986631393433,0.8417986631393433,0.5502665762081235,2.1938316822052,0.8417986631393433,0.1666604876518249,0.1108712628483772,-2.8318538665771484,0.0055281626991927,-0.8087676763534546,0.0418018959462642,0.8417986891933311,0.7504894310920204,0.11087125958462077,0.15855982380919587,0.005528161773428231,0.01590504500287847,0.04180188944861986,0.07504570009590532,0,glioma,0.8417986891933311,0.5502665327090724,0,glioma,0.7504894310920204,0.7676276149182648
D3B_icdc_glioma,GLIOMA01-i_C561,1.3.6.1.4.1.14519.5.2.1.338926131208003786731409141472142449490,1.3.6.1.4.1.14519.5.2.1.54142935137696016152030943683568150861,MP RAGE FS TRANS+C,MP RAGE FS +C,HEAD,glioma,collection_level_icdc_glioma,data/processed/D3B_icdc_glioma_selected_slices/GLIOMA01-i_C561/GLIOMA01-i_C561__683568150861__central05_idx0022.png,data/raw/D3B_icdc_glioma/1.3.6.1.4.1.14519.5.2.1.54142935137696016152030943683568150861/1-23.dcm,5,22,40,0,glioma,0.9166619181632996,0.9166619181632996,0.3735153980339787,2.405081272125244,0.9166619181632996,-0.8289883136749268,0.0361135862767696,-1.6965200901031494,0.0151672298088669,-0.9481314420700072,0.0320573300123214,0.9166618526427994,0.8311166773669459,0.03611358334516235,0.06959080103763124,0.015167231647643041,0.03577828308456425,0.032057332364395376,0.06351423851085868,0,glioma,0.9166618526427994,0.3735154626513494,0,glioma,0.8311166773669459,0.6334451676319477
D3B_icdc_glioma,GLIOMA01-i_750B,1.3.6.1.4.1.14519.5.2.1.324035417769663580990183580766753392159,1.3.6.1.4.1.14519.5.2.1.58630146911723509869060343989181468732,BRAIN/T1_TRANS,,HEAD,glioma,collection_level_icdc_glioma,data/processed/D3B_icdc_glioma_selected_slices/GLIOMA01-i_750B/GLIOMA01-i_750B__989181468732__central01_idx0007.png,data/raw/D3B_icdc_glioma/1.3.6.1.4.1.14519.5.2.1.58630146911723509869060343989181468732/1-08.dcm,1,7,19,0,glioma,0.8425968885421753,0.8425968885421753,0.5979110567116206,1.8452513217926023,0.8425968885421753,-0.6806327104568481,0.0673972740769386,-1.5902081727981567,0.0271405540406703,-0.750243604183197,0.0628652572631836,0.8425969018150551,0.7393632788526648,0.0673972786071298,0.10656378405703565,0.027140557016389618,0.053048682442880704,0.06286526256142534,0.10102425464741886,0,glioma,0.8425969018150551,0.597911070517974,0,glioma,0.7393632788526648,0.8492273573211043
D3B_icdc_glioma,GLIOMA01-i_750B,1.3.6.1.4.1.14519.5.2.1.324035417769663580990183580766753392159,1.3.6.1.4.1.14519.5.2.1.58630146911723509869060343989181468732,BRAIN/T1_TRANS,,HEAD,glioma,collection_level_icdc_glioma,data/processed/D3B_icdc_glioma_selected_slices/GLIOMA01-i_750B/GLIOMA01-i_750B__989181468732__central02_idx0008.png,data/raw/D3B_icdc_glioma/1.3.6.1.4.1.14519.5.2.1.58630146911723509869060343989181468732/1-09.dcm,2,8,19,0,glioma,0.9262086749076844,0.9262086749076844,0.3214405070783762,2.6558563709259038,0.9262086749076844,-2.163804531097412,0.0074740601703524,-1.551050305366516,0.0137934349477291,-0.213975727558136,0.0525238588452339,0.9262086474164171,0.8508884331567776,0.0074740620147453665,0.021119306817081476,0.013793436376918383,0.033787657023951624,0.05252385419191922,0.0942046030021895,0,glioma,0.9262086474164171,0.3214405352838312,0,glioma,0.8508884331567776,0.5558650562042855
D3B_icdc_glioma,GLIOMA01-i_750B,1.3.6.1.4.1.14519.5.2.1.324035417769663580990183580766753392159,1.3.6.1.4.1.14519.5.2.1.58630146911723509869060343989181468732,BRAIN/T1_TRANS,,HEAD,glioma,collection_level_icdc_glioma,data/processed/D3B_icdc_glioma_selected_slices/GLIOMA01-i_750B/GLIOMA01-i_750B__989181468732__central03_idx0009.png,data/raw/D3B_icdc_glioma/1.3.6.1.4.1.14519.5.2.1.58630146911723509869060343989181468732/1-10.dcm,3,9,19,0,glioma,0.9186974167823792,0.9186974167823792,0.3630399830165198,2.513710021972656,0.9186974167823792,-1.8652474880218504,0.0115190157666802,-0.8761512041091919,0.0309723764657974,-0.650538980960846,0.0388111658394336,0.91869744893163,0.8351148836679414,0.011519017215279481,0.029062299628578713,0.03097237333387746,0.062051101931199976,0.03881116051921311,0.07377171477228003,0,glioma,0.91869744893163,0.36303993889520597,0,glioma,0.8351148836679414,0.6181036092106681
D3B_icdc_glioma,GLIOMA01-i_750B,1.3.6.1.4.1.14519.5.2.1.324035417769663580990183580766753392159,1.3.6.1.4.1.14519.5.2.1.58630146911723509869060343989181468732,BRAIN/T1_TRANS,,HEAD,glioma,collection_level_icdc_glioma,data/processed/D3B_icdc_glioma_selected_slices/GLIOMA01-i_750B/GLIOMA01-i_750B__989181468732__central04_idx0010.png,data/raw/D3B_icdc_glioma/1.3.6.1.4.1.14519.5.2.1.58630146911723509869060343989181468732/1-11.dcm,4,10,19,0,glioma,0.8044009804725647,0.8044009804725647,0.6789956508513451,1.913590908050537,0.8044009804725647,-1.6508469581604004,0.0227749217301607,-0.603505551815033,0.0649099797010421,-0.0951713696122169,0.1079140976071357,0.8044009880398443,0.7020624089677148,0.022774922037549893,0.04562848687068998,0.06490998255745094,0.10187184846076194,0.10791410736515489,0.15043725570083327,0,glioma,0.8044009880398443,0.6789956627089191,0,glioma,0.7020624089677148,0.9068469146175703
D3B_icdc_glioma,GLIOMA01-i_750B,1.3.6.1.4.1.14519.5.2.1.324035417769663580990183580766753392159,1.3.6.1.4.1.14519.5.2.1.58630146911723509869060343989181468732,BRAIN/T1_TRANS,,HEAD,glioma,collection_level_icdc_glioma,data/processed/D3B_icdc_glioma_selected_slices/GLIOMA01-i_750B/GLIOMA01-i_750B__989181468732__central05_idx0011.png,data/raw/D3B_icdc_glioma/1.3.6.1.4.1.14519.5.2.1.58630146911723509869060343989181468732/1-12.dcm,5,11,19,0,glioma,0.4422701597213745,0.4422701597213745,1.0927222973006363,1.0786067247390747,0.4422701597213745,-2.6131796836853027,0.0110246604308485,0.8681605458259583,0.3583373129367828,0.2250826954841613,0.1883678883314132,0.4422701553543335,0.4115930373931506,0.011024659077165613,0.024261341178160256,0.3583373021715818,0.3502504531261714,0.18836788339691923,0.21389516830251776,0,glioma,0.4422701553543335,1.0927222897708284,0,glioma,0.4115930373931506,1.1529383234742645
D3B_icdc_glioma,GLIOMA01-i_F5BE,1.3.6.1.4.1.14519.5.2.1.266241108102756309499677510319986834116,1.3.6.1.4.1.14519.5.2.1.86659809258805330797698804820787776503,T1 FLAIR FS TRANS +C,T1 FLAIR FS TRANS +C,HEAD,glioma,collection_level_icdc_glioma,data/processed/D3B_icdc_glioma_selected_slices/GLIOMA01-i_F5BE/GLIOMA01-i_F5BE__820787776503__central01_idx0013.png,data/raw/D3B_icdc_glioma/1.3.6.1.4.1.14519.5.2.1.86659809258805330797698804820787776503/1-14.dcm,1,13,31,0,glioma,0.6146633625030518,0.6146633625030518,0.7280468682582101,2.09258770942688,0.6146633625030518,-2.503765106201172,0.0062010721303522,-2.5842225551605225,0.0057216910645365,1.5942004919052124,0.3734139204025268,0.6146633322517601,0.5748754396756955,0.006201070106947877,0.016933774783056008,0.005721691200377211,0.015920523505395762,0.3734139064409149,0.39227026203585263,0,glioma,0.6146633322517601,0.7280468762992077,0,glioma,0.5748754396756955,0.8203170672171867
D3B_icdc_glioma,GLIOMA01-i_F5BE,1.3.6.1.4.1.14519.5.2.1.266241108102756309499677510319986834116,1.3.6.1.4.1.14519.5.2.1.86659809258805330797698804820787776503,T1 FLAIR FS TRANS +C,T1 FLAIR FS TRANS +C,HEAD,glioma,collection_level_icdc_glioma,data/processed/D3B_icdc_glioma_selected_slices/GLIOMA01-i_F5BE/GLIOMA01-i_F5BE__820787776503__central02_idx0014.png,data/raw/D3B_icdc_glioma/1.3.6.1.4.1.14519.5.2.1.86659809258805330797698804820787776503/1-15.dcm,2,14,31,0,glioma,0.7227715253829956,0.7227715253829956,0.6963458916736962,1.961413145065308,0.7227715253829956,-2.1923673152923584,0.0113510778173804,-1.891357183456421,0.0153378369286656,0.9019367098808287,0.2505395412445068,0.7227715435369749,0.6505287693750964,0.011351078118435476,0.026905787329498148,0.0153378381898307,0.03389201854246463,0.250539540154759,0.28867342475294083,0,glioma,0.7227715435369749,0.6963458840494814,0,glioma,0.6505287693750964,0.8503583224103785
D3B_icdc_glioma,GLIOMA01-i_F5BE,1.3.6.1.4.1.14519.5.2.1.266241108102756309499677510319986834116,1.3.6.1.4.1.14519.5.2.1.86659809258805330797698804820787776503,T1 FLAIR FS TRANS +C,T1 FLAIR FS TRANS +C,HEAD,glioma,collection_level_icdc_glioma,data/processed/D3B_icdc_glioma_selected_slices/GLIOMA01-i_F5BE/GLIOMA01-i_F5BE__820787776503__central03_idx0015.png,data/raw/D3B_icdc_glioma/1.3.6.1.4.1.14519.5.2.1.86659809258805330797698804820787776503/1-16.dcm,3,15,31,3,pituitary,0.6413076519966125,0.334963858127594,0.7539847291151839,1.238938808441162,0.334963858127594,-2.699591636657715,0.0065240273252129,-1.729910373687744,0.0172045398503541,1.888425588607788,0.6413076519966125,0.3349638044030678,0.3575316824147738,0.006524028376669217,0.01744146521268896,0.017204539910923796,0.036689035585153254,0.6413076273093392,0.588337816787384,3,pituitary,0.6413076273093392,0.7539847422247368,3,pituitary,0.588337816787384,0.8717049313014869
D3B_icdc_glioma,GLIOMA01-i_F5BE,1.3.6.1.4.1.14519.5.2.1.266241108102756309499677510319986834116,1.3.6.1.4.1.14519.5.2.1.86659809258805330797698804820787776503,T1 FLAIR FS TRANS +C,T1 FLAIR FS TRANS +C,HEAD,glioma,collection_level_icdc_glioma,data/processed/D3B_icdc_glioma_selected_slices/GLIOMA01-i_F5BE/GLIOMA01-i_F5BE__820787776503__central04_idx0016.png,data/raw/D3B_icdc_glioma/1.3.6.1.4.1.14519.5.2.1.86659809258805330797698804820787776503/1-17.dcm,4,16,31,3,pituitary,0.6200274229049683,0.3264219164848327,0.8411766428312237,0.9481940865516664,0.3264219164848327,-2.7584662437438965,0.0080167287960648,-1.0215392112731934,0.0455339178442955,1.5897670984268188,0.6200274229049683,0.32642190707041235,0.34309274487189345,0.008016728394504161,0.019994223632909223,0.04553391533475276,0.07575125952183746,0.6200274492003307,0.5611617719733598,3,pituitary,0.6200274492003307,0.841176621199548,3,pituitary,0.5611617719733598,0.9649186262096208
D3B_icdc_glioma,GLIOMA01-i_F5BE,1.3.6.1.4.1.14519.5.2.1.266241108102756309499677510319986834116,1.3.6.1.4.1.14519.5.2.1.86659809258805330797698804820787776503,T1 FLAIR FS TRANS +C,T1 FLAIR FS TRANS +C,HEAD,glioma,collection_level_icdc_glioma,data/processed/D3B_icdc_glioma_selected_slices/GLIOMA01-i_F5BE/GLIOMA01-i_F5BE__820787776503__central05_idx0017.png,data/raw/D3B_icdc_glioma/1.3.6.1.4.1.14519.5.2.1.86659809258805330797698804820787776503/1-18.dcm,5,17,31,3,pituitary,0.5540419816970825,0.3397521376609802,0.988959099003938,0.7859404683113098,0.3397521376609802,-1.8606048822402956,0.0240869652479887,-0.6341074705123901,0.082118920981884,1.2749645709991455,0.5540419816970825,0.33975213866683573,0.34211826159187375,0.024086969202725995,0.04495123608134666,0.08211891740785424,0.11514043018630238,0.5540419747225841,0.4977900721404773,3,pituitary,0.5540419747225841,0.9889591073612758,3,pituitary,0.4977900721404773,1.1025370249631607
